machine_code,board_id
30568,1
57501,2
57502,2
57503,2
57504,2
57087,3
57088,3
57089,3
57090,3
57080,3
30334,4
52931,5
52932,5
52933,5
52934,5
53482,6
53483,6
53484,6
53485,6
53486,6
53487,6
53488,6
53489,6
53490,6
53491,6
53492,6
53493,6
53394,6
53395,6
59133,7
59134,7
59135,7
59136,7
7680,8
50228,9
50231,9
50581,10
50582,10
50583,10
50584,10
51976,10
51977,10
30329,11
29918,12
29919,12
29920,12
29921,12
29922,12
29923,12
29924,12
29925,12
29926,12
29927,12
29928,12
29929,12
29930,12
29931,12
29932,12
29933,12
29934,12
29935,12
29936,12
29937,12
30134,12
30135,12
31279,13
31407,13
31434,13
31435,13
33533,13
33534,13
39635,14
39636,14
39637,14
39638,14
39639,14
39640,14
57979,15
57980,15
57981,15
57982,15
57983,15
57984,15
54241,16
54242,16
54468,16
54469,16
56427,16
56428,16
52845,17
52846,17
52847,17
52848,17
52866,17
53054,17
53957,17
56369,17
56370,17
56371,17
56372,17
56373,17
56374,17
59775,18
59776,18
59599,19
30731,20
30733,20
47574,21
52038,22
47723,23
47724,23
59169,24
59170,24
59171,24
59172,24
57590,25
34208,26
51584,27
55173,28
59396,29
59397,29
59398,29
59399,29
55763,30
55764,30
55765,30
55766,30
55751,31
55656,32
55657,32
55615,33
52341,34
52343,34
53932,34
53933,34
52298,35
53925,35
40639,36
40640,36
40641,36
40642,36
56826,37
56827,37
56828,37
30867,38
28691,39
28698,39
30340,39
30418,39
32995,39
30336,40
30337,40
30338,40
30339,40
30335,40
58379,41
52714,42
52715,42
52716,42
52717,42
52749,42
52750,42
52761,42
54856,43
54857,43
54858,43
54859,43
54823,44
55065,45
55066,45
55067,45
55031,45
48309,46
48310,46
48311,46
48254,46
46606,47
46607,47
46534,48
57228,49
59211,49
52433,50
13438,51
22675,51
34601,52
6963,53
25659,54
30395,55
53907,56
12189,57
10746,57
17397,58
22850,58
22851,58
22852,58
55343,59
31817,60
31823,60
38909,61
38912,61
39580,61
39581,61
46648,61
38735,61
57477,2
57478,2
57479,2
57480,2
49378,60
49379,60
54211,5
54212,5
54213,5
54214,5
53578,6
53579,6
53580,6
53581,6
53582,6
53583,6
53915,6
53916,6
53917,6
53918,6
53919,6
53920,6
53408,6
53914,6
59113,7
59114,7
59115,7
59116,7
49400,8
50292,9
50293,9
50294,9
50295,9
49324,62
49327,63
49326,64
49328,65
10952,66
10951,67
7846,68
7847,69
49329,70
23559,71
23560,72
49344,73
49343,74
49348,75
49349,76
49347,77
49350,78
7099,79
7100,80
50618,10
50619,10
50620,10
39679,14
39680,14
39681,14
40039,14
40045,14
40047,14
40050,14
40069,14
40071,14
49630,15
49631,15
49632,15
49633,15
49634,15
49635,15
49636,15
49637,15
49638,15
49639,15
49640,15
49641,15
49642,15
49643,15
49644,15
49645,15
49646,15
49647,15
49648,15
49649,15
57988,15
57989,15
57990,15
57991,15
57992,15
57993,15
54361,16
54362,16
54365,16
54366,16
56437,16
56438,16
49650,81
49651,81
49652,81
49653,81
49654,81
50806,81
50807,81
52871,17
52872,17
56407,17
56408,17
56415,17
56416,17
56417,17
56418,17
59602,19
49493,20
49494,20
47598,21
47599,21
52054,22
59207,24
59208,24
57601,25
59438,29
59439,29
55646,32
55647,32
55630,33
52396,34
52397,34
52314,35
40643,36
40644,36
56859,37
56860,37
28697,39
36581,39
49470,39
49048,82
48988,83
49070,83
48987,83
49071,83
49506,84
49507,84
49508,40
49509,40
49510,40
49511,40
49512,40
26458,85
37536,86
50928,87
54067,88
50917,89
49413,90
49341,91
46786,92
58984,93
51879,94
49537,95
49538,95
54026,95
58392,41
49530,96
49531,96
50359,97
56507,98
49459,99
49460,100
49461,101
52752,42
52753,42
52754,42
52755,42
52773,42
54888,43
54889,43
54890,43
54891,43
54830,44
50386,47
50387,47
50383,48
48637,102
48638,102
48639,102
48640,102
48603,103
49317,104
57241,49
52445,50
49319,105
52164,106
52165,106
49320,54
49316,107
49415,108
49416,109
49417,110
49406,111
49732,112
49418,113
49419,113
49424,114
49425,114
49422,115
49423,115
49407,116
49429,117
56473,118
49440,119
49441,120
49405,121
49412,122
49446,123
49404,124
49410,125
49453,126
49454,127
49457,128
49411,129
49430,117
49431,117
49432,117
49433,117
49434,117
49435,117
49436,117
49437,117
29324,118
29325,118
29326,118
56657,118
56658,118
56659,118
49444,120
54099,130
49450,131
49451,132
56542,133
29584,55
29586,55
49532,134
51102,135
51623,136
56002,137
49293,138
49294,139
49295,139
49296,140
49297,140
31818,60
31824,60
48422,141
48425,141
38883,61
38884,61
46430,61
46431,61
46791,61
46429,61
57537,2
57538,2
57539,2
57540,2
25816,60
25817,60
46793,60
46792,60
45363,142
45379,142
45421,142
47464,4
46114,143
46115,143
57281,5
57282,5
57283,5
57284,5
57289,144
57302,144
57303,144
57304,144
53590,6
53591,6
53592,6
53593,6
53594,6
53595,6
53596,6
53597,6
53598,6
53599,6
53600,6
53601,6
53602,6
53603,6
53604,6
53605,6
53410,6
53411,6
39960,145
47177,145
47179,145
59149,7
59150,7
59151,7
59152,7
46858,8
50288,9
50289,9
50290,9
50291,9
46853,9
46855,9
46949,146
46944,147
46942,148
46935,149
46946,150
46940,151
46888,152
46925,153
46932,154
46923,155
46941,155
46920,156
46922,67
46910,157
46903,158
46900,159
46947,160
46924,161
46948,162
46933,163
46928,164
46936,165
46915,72
46934,72
46885,166
46876,167
46913,168
46881,169
46882,170
46917,171
46891,172
46899,173
46897,174
46926,175
46893,176
46914,76
46889,177
46908,178
46916,179
46904,180
46890,181
46905,182
46895,183
46896,78
55807,73
50614,10
50615,10
50616,10
50617,10
39641,14
39642,14
39644,14
40072,14
40073,14
46685,14
46686,14
46687,14
46688,14
46689,14
46690,14
46691,14
46692,14
46693,14
46694,14
46695,14
46696,14
46697,14
46698,14
46699,14
46700,14
46701,14
46702,14
46703,14
46704,14
46705,14
46706,14
46707,14
46708,14
46709,14
47415,14
47416,14
47417,14
47418,14
47419,14
47420,14
47421,14
47422,14
47423,14
47424,14
47425,14
47426,14
47427,14
47428,14
47429,14
47430,14
47431,14
47432,14
47433,14
47434,14
47435,14
47436,14
47437,14
47438,14
47439,14
47440,14
47441,14
47442,14
47443,14
47444,14
57582,15
57583,15
57584,15
57585,15
57586,15
57985,15
57986,15
57987,15
54253,16
54254,16
54255,16
54256,16
54355,16
54356,16
56435,16
56436,16
49683,81
49684,81
49685,81
49686,81
49687,81
50801,81
50802,81
50803,81
50804,81
50805,81
52073,17
52074,17
52075,17
52843,17
52869,17
52870,17
53041,17
53042,17
53055,17
53056,17
53948,17
53949,17
53951,17
53959,17
53961,17
53962,17
56411,17
56412,17
56413,17
56414,17
59600,19
59601,19
46750,20
46751,20
46754,20
46755,20
47258,21
47616,21
52052,22
52053,22
35674,184
59201,24
59202,24
59203,24
59204,24
59205,24
59206,24
57600,25
46771,26
46772,26
51598,27
55185,28
46797,185
59434,29
59435,29
59436,29
59437,29
55996,30
55997,30
55995,31
46782,186
55671,32
55672,32
55629,33
52390,34
52391,34
52392,34
52394,34
52395,34
53936,34
52312,35
52313,35
46780,187
49144,36
49145,36
51027,36
46432,36
46433,36
46779,188
56852,37
56856,37
56857,37
56858,37
46796,38
32663,39
46839,39
46840,39
46841,39
46842,39
46843,39
46774,189
47198,190
47199,190
47200,190
47202,190
47204,190
40163,191
46813,192
46814,192
46815,192
46816,192
46822,192
53877,193
58295,194
56700,195
49756,196
51616,197
58582,198
50647,199
55244,200
58823,201
49050,82
49015,83
49074,83
49016,83
49075,83
32659,84
32660,84
50710,202
46859,40
46860,40
46861,40
46862,40
46863,40
47229,203
46756,204
47160,205
47159,206
47105,207
47111,208
47112,208
47113,208
47114,208
47115,208
47116,208
47117,208
47118,208
47119,208
47120,208
47156,209
51008,210
47157,211
47195,212
55233,212
57580,213
47558,214
47191,215
47192,215
47193,215
47194,215
50927,87
46898,91
54066,88
56101,91
50916,216
50915,217
52008,218
51609,219
39438,220
39439,220
39442,220
39443,220
46789,92
50717,92
47109,221
47771,222
53014,223
53015,223
51823,94
48029,95
48030,95
48031,95
49216,95
46769,224
46768,225
47218,94
47219,94
47220,226
58390,41
58391,41
47210,96
47211,96
47462,97
47463,97
50358,97
56509,98
52742,42
52744,42
52746,42
52747,42
52748,42
52751,42
52772,42
53006,42
54814,43
54815,43
54816,43
54817,43
54799,44
55095,45
55096,45
55214,45
55041,45
46844,227
46602,47
46603,47
46616,47
46617,47
46618,47
46619,47
46620,47
46621,47
46545,48
48691,102
48692,102
48693,102
48694,102
48695,102
48696,102
48697,102
48698,102
48614,103
47414,228
57239,49
57240,49
52444,50
47172,229
47173,105
52162,106
52163,106
47167,230
47171,54
47170,52
47168,231
47265,107
47166,54
46838,232
47110,208
46757,233
49731,112
47408,209
47406,209
47407,209
46964,113
46962,234
46959,235
47158,236
47106,237
46984,238
46985,238
46983,114
46981,239
46977,115
46978,115
46982,240
46979,241
46980,241
47031,242
47039,243
47038,244
47027,245
47026,246
47028,247
47029,248
47030,249
47042,249
47032,250
47033,251
47034,252
47035,253
47036,254
47043,255
47044,256
47040,257
47046,258
47047,259
47045,260
47048,261
47081,262
47085,108
47087,108
47090,108
46996,263
46999,263
47001,264
47003,264
47004,264
47078,265
47079,266
47080,267
47082,268
47083,269
47084,270
47023,271
47024,271
47067,272
47071,272
47072,272
47073,272
47070,273
47015,274
47008,275
47012,276
47011,277
47059,278
47009,279
47060,280
47014,281
47013,282
47016,283
46956,284
46958,285
46957,286
46987,287
46986,288
47077,289
46994,290
46993,291
47147,292
56475,118
47121,293
47483,294
46968,295
48448,295
48447,217
46971,296
46972,296
46973,296
46974,296
46975,123
46976,123
46969,297
46970,297
46955,298
46965,299
46967,299
47053,125
47054,125
47094,300
47095,301
47098,302
47103,303
57382,304
38321,305
38322,305
47148,292
47149,292
47150,292
47151,292
47152,292
47153,292
47154,292
47155,292
47124,293
47125,293
47126,293
47127,293
56665,118
56666,118
56667,118
56668,118
56669,118
56670,118
56671,118
56672,118
56673,118
56674,118
56675,118
56676,118
54098,130
46953,298
16165,306
17526,306
47451,131
47452,131
47453,131
47454,131
48817,131
47181,132
56544,133
47163,55
47164,55
47230,134
55846,307
47206,308
46760,309
56454,310
47162,135
47180,311
47459,136
47175,312
47244,313
47245,313
47246,313
47247,313
47248,313
47249,313
47250,313
47251,313
47252,313
47253,313
48834,314
48835,314
53906,56
56251,315
56252,315
55334,59
37862,60
37864,60
45608,316
51396,59
51397,59
48390,141
48391,141
48392,141
48393,141
38279,4
38280,4
37948,317
37949,317
37950,317
37951,317
38873,61
38874,61
38893,61
38894,61
38895,61
38896,61
39598,61
39599,61
46643,61
38731,61
57509,2
57510,2
57511,2
57512,2
38055,60
38056,60
38057,60
57091,3
57092,3
57081,3
38167,318
38191,60
38281,4
54199,5
54200,5
54201,5
54202,5
57654,5
57655,5
53522,6
53523,6
53524,6
53525,6
53526,6
53527,6
53528,6
53529,6
53530,6
53531,6
53532,6
53533,6
53586,6
53587,6
53588,6
53589,6
53400,6
53401,6
53800,319
53801,319
53802,319
53803,319
53804,319
53805,319
53806,319
53807,319
35384,143
37579,143
37583,143
37584,143
37595,145
59141,7
59142,7
59143,7
59144,7
37633,8
50260,9
50261,9
50262,9
50263,9
50264,9
50265,9
37636,9
37637,9
37638,9
37641,9
35863,320
35372,321
35858,149
35857,67
35864,162
35371,69
35734,322
35425,323
35603,324
35913,71
35884,157
35854,325
35731,159
46878,151
46886,326
46907,327
46883,328
46879,329
46892,330
46901,160
46919,161
46887,163
46880,65
46912,65
46902,331
46937,332
46906,72
35600,333
35601,334
35724,335
35723,336
35737,146
46873,337
36445,173
36017,338
36113,339
36110,340
36112,341
36018,342
36447,342
36176,343
36172,344
36173,345
36174,346
46909,174
55803,73
35989,347
37173,80
36162,348
36376,349
37255,350
37283,351
36101,352
36087,340
36049,347
36317,353
36042,354
37182,355
36321,356
37286,172
35979,80
36434,175
37246,175
36041,357
35993,358
36392,359
36330,360
37480,176
37271,76
36099,178
36100,361
36056,362
50591,10
50592,10
50593,10
50612,10
35358,363
35359,363
35427,13
35428,13
35429,13
35430,13
35431,13
35432,13
35433,13
35434,13
35435,13
35436,13
35437,13
35438,13
35439,13
35440,13
35441,13
35442,13
35444,13
35445,13
35446,13
35447,13
35449,13
35450,13
35451,13
35452,13
35453,13
35454,13
35455,13
35456,13
35511,13
35512,13
35513,13
35514,13
35515,13
35516,13
35517,13
35518,13
35519,13
35520,13
35521,13
35522,13
35523,13
35524,13
35525,13
35526,13
35528,13
35529,13
35530,13
35531,13
35533,13
35534,13
35535,13
35536,13
35537,13
35538,13
35539,13
35540,13
35541,13
35542,13
35543,13
35544,13
35545,13
35546,13
35547,13
35548,13
35549,13
35550,13
35551,13
35552,13
35553,13
35554,13
35555,13
35556,13
35557,13
35558,13
39643,14
39648,14
39668,14
56429,16
56430,16
50790,81
50791,81
50792,81
50793,81
52853,17
52854,17
53043,17
53044,17
56379,17
56380,17
56381,17
56382,17
35680,364
35681,364
59592,19
35865,20
35867,20
35869,20
35870,20
35872,20
47577,21
47579,21
47581,21
52040,22
35906,365
35938,366
35939,366
35998,367
35999,367
36000,367
36001,367
49500,368
47721,23
47722,23
47729,23
47730,23
47731,23
47732,23
49501,23
36024,369
35673,184
57592,25
36401,26
36402,26
51582,27
51587,27
55176,28
36528,370
36454,187
36461,188
36482,185
59408,29
59409,29
59410,29
59411,29
59430,29
59431,29
55767,30
55768,30
55752,31
35181,186
35182,186
35183,186
35184,186
55660,32
55661,32
55662,32
55618,33
55619,33
52352,34
52353,34
52354,34
52355,34
52356,34
52357,34
52301,35
52302,35
36512,371
36513,371
40655,36
40656,36
40657,36
40658,36
36536,37
36537,37
56834,37
56835,37
56836,37
30346,38
36553,38
36593,39
36594,39
36595,39
36596,39
36597,39
36599,39
51627,372
34931,373
34932,373
34923,373
34924,373
39555,374
34990,192
34991,192
34994,192
34995,192
34996,192
34997,192
34987,192
40106,375
47905,376
49114,377
53910,378
57354,379
57355,379
57356,379
57357,379
35094,380
35099,381
49044,82
48975,83
49062,83
48977,83
49063,83
50701,202
50702,202
36259,40
36260,40
36261,40
36262,40
36253,40
36947,203
36381,382
37424,205
37427,206
48805,209
36150,383
36151,383
36149,383
33477,211
55294,212
37449,119
57576,213
47556,214
47187,215
47188,215
46321,87
54062,88
50911,216
50914,89
54045,217
35648,91
52003,218
51604,219
39454,294
39455,88
49085,92
55955,384
55956,384
58982,93
34855,385
34858,386
53010,223
51819,94
48013,95
48014,95
48015,95
58382,41
34909,96
34910,96
47461,97
36329,387
56502,98
36341,388
36342,388
36343,388
36344,388
36345,388
36347,388
52718,42
52719,42
52720,42
52721,42
52722,42
52723,42
52724,42
52725,42
52764,42
54800,43
54801,43
54802,43
54803,43
54804,43
54805,43
54878,43
54879,43
54797,44
55074,45
55075,45
55076,45
55209,45
55210,45
55211,45
55034,45
55218,45
39536,227
52903,389
52904,389
48312,46
48313,46
48314,46
48257,46
46580,47
46581,47
46582,47
46583,47
46537,48
48649,102
48650,102
48651,102
48652,102
48653,102
48654,102
48606,103
36052,228
57231,49
57336,49
52436,50
53941,50
36140,51
36144,51
36143,390
36141,52
36137,53
36138,53
36142,53
36145,391
36146,392
36147,393
36084,232
52148,106
52149,106
36074,394
36853,207
37511,208
36739,395
36740,395
37344,110
37345,110
36788,396
36789,396
37542,113
37543,113
38657,397
36826,301
36827,301
36824,302
36825,302
36829,302
36770,398
37169,398
36858,291
36859,291
36860,399
36771,400
37355,400
37554,401
37555,401
37556,401
37557,401
37176,272
37179,272
37170,273
37171,273
37476,402
36621,241
36622,241
37330,238
37313,114
37315,114
37262,239
37263,239
37467,115
38639,243
38638,244
35002,403
47062,272
47069,272
36277,292
36275,404
36718,117
56469,118
36746,119
36752,120
36757,120
36833,405
45671,294
48438,295
36783,296
36821,123
37208,406
36652,407
36640,108
36641,108
37224,263
37226,263
37227,263
37217,264
37219,264
37225,264
37195,408
37196,408
37466,409
36772,410
47049,411
47051,411
37281,412
37307,401
36781,413
36666,275
36776,276
36780,276
36782,276
36800,414
36801,414
36862,277
36863,277
36864,277
36779,281
36861,282
36865,283
38480,415
37499,208
37502,208
37503,208
37504,208
37505,208
37506,208
37507,208
37508,208
37509,208
37510,208
35911,416
37530,417
36729,292
36730,292
36731,292
58068,292
58069,292
58070,292
58071,292
58072,292
36674,404
36675,404
36676,404
36677,404
36678,404
36679,404
36713,117
36714,117
36715,117
36716,117
29327,118
36709,118
36710,118
36711,118
36712,118
56641,118
56642,118
56643,118
56644,118
56660,118
56661,118
56687,118
36753,120
36754,120
36417,418
36013,340
36015,419
36175,351
36111,420
54091,130
36367,351
37183,338
36300,421
35949,422
35738,146
35739,146
35735,423
35721,424
35934,416
35339,425
35877,426
35951,426
37238,131
47449,131
47450,131
37239,132
35295,427
35732,428
35733,428
56537,133
35205,55
35209,134
35104,135
47458,136
37926,140
21444,429
35156,430
35157,430
35158,430
35159,430
35224,431
53902,56
35167,57
35169,57
35170,57
35171,57
35172,57
37792,1
37793,1
38918,60
38919,60
45603,316
48382,141
48383,141
48384,141
48385,141
38287,4
38288,4
38084,432
38085,432
37957,317
37958,317
38885,61
38886,61
38887,61
38888,61
46641,61
38729,61
57453,2
57454,2
57455,2
57456,2
57457,2
57458,2
57459,2
57460,2
25815,60
25818,60
38121,433
38182,60
38130,60
45386,142
45387,142
45388,142
45389,142
45391,142
38209,434
38210,434
38211,434
30912,1
37666,435
37668,435
38188,436
52935,5
52936,5
52937,5
52938,5
37797,1
37798,1
37799,1
37800,1
53494,6
53495,6
53496,6
53497,6
53498,6
53499,6
53500,6
53501,6
53502,6
53503,6
53504,6
53505,6
53506,6
53507,6
53508,6
53509,6
53396,6
53397,6
53826,319
53827,319
53828,319
53829,319
21210,1
37569,143
37570,143
37571,143
37572,143
59089,7
59090,7
59091,7
59092,7
37421,8
50246,9
50247,9
50248,9
50249,9
50250,9
50251,9
50252,9
50253,9
20512,9
20513,9
20514,9
20515,9
37626,9
37627,9
37628,9
37959,149
35416,437
35966,326
35725,154
35824,327
37971,438
37965,439
35841,157
37966,329
35907,336
35388,440
35362,64
37964,441
37954,442
35878,65
35726,72
38632,422
38633,424
22743,443
22806,444
55801,73
36086,351
37268,445
37180,446
36431,355
36430,447
36324,172
37181,448
36418,449
37270,173
36366,174
36296,175
36315,450
37477,357
36307,76
37252,451
50588,10
50589,10
35604,13
35605,13
35606,13
35607,13
35608,13
35609,13
35610,13
35611,13
35612,13
35613,13
50960,15
50961,15
50962,15
50963,15
50964,15
50965,15
50966,15
50967,15
50968,15
50969,15
50970,15
50971,15
50972,15
50973,15
50974,15
50975,15
50976,15
50977,15
50978,15
50979,15
54470,16
54471,16
52849,17
52850,17
56375,17
56376,17
56377,17
56378,17
35844,20
39938,20
52039,22
39950,365
35915,452
35916,452
39723,452
39725,452
32881,453
32882,453
35973,454
39726,367
47725,23
47726,23
36019,455
36023,369
57591,25
36393,26
36394,26
36395,26
36396,26
51585,27
55174,28
55186,28
36457,187
36465,188
36477,185
36496,29
59400,29
59401,29
59402,29
59403,29
56702,30
56703,30
56704,30
56705,30
56701,31
35173,186
35174,186
35175,186
35176,186
55636,32
55637,32
55616,33
52344,34
52345,34
52346,34
52347,34
52991,34
52992,34
52993,34
52994,34
52299,35
52990,35
36510,371
36511,371
40651,36
40652,36
45652,36
45653,36
51026,36
56829,37
56830,37
56831,37
36561,38
36580,456
35287,39
35288,39
36582,39
36600,39
39557,374
34965,189
46845,457
46817,192
46818,192
46819,192
46820,192
46821,192
57557,458
52809,459
58579,198
50644,199
55242,200
51021,82
49003,83
49968,83
49005,83
49969,83
50699,202
50700,202
36257,40
36258,40
36252,40
51016,40
51017,40
36948,203
35830,91
51005,460
48807,211
46320,87
56036,91
50908,216
50909,461
39444,220
39445,88
37461,462
37463,462
37464,462
50715,92
58981,93
48075,95
48076,95
54024,95
58380,41
49945,96
50354,97
56500,98
33785,388
36338,388
36339,388
39727,388
52644,42
52645,42
52646,42
52647,42
52648,42
52649,42
52650,42
52651,42
52762,42
54860,43
54861,43
54862,43
54863,43
54824,44
55068,45
55069,45
55070,45
55206,45
55207,45
55208,45
55032,45
55217,45
52899,389
52900,389
48279,46
48280,46
48281,46
49746,46
49747,46
49748,46
48255,46
49745,46
46572,47
46573,47
46574,47
46575,47
51022,47
51023,47
51024,47
51025,47
46535,48
48641,102
48642,102
48643,102
48644,102
48604,103
36051,228
57229,49
57335,49
52434,50
36213,463
36210,51
36212,464
36211,52
40001,51
52144,106
52145,106
37192,465
39858,208
35965,466
36287,272
36620,241
37329,238
37312,114
37261,239
37471,115
47037,244
47041,249
46995,263
47005,263
47066,272
47068,272
36671,404
49817,117
56468,118
37391,467
45669,294
39916,468
39928,242
39917,245
36648,108
36649,108
47097,469
36664,470
36665,470
37178,272
57379,304
37515,471
37522,472
30540,417
37528,417
36690,404
36693,404
36695,404
37386,404
37387,404
49818,117
49819,117
49820,117
49821,117
49823,118
49824,118
49825,118
49826,118
56680,118
56681,118
56682,118
56683,118
54089,130
54096,130
49850,131
49853,132
56535,133
35203,55
39365,473
48103,134
51099,135
47176,474
35116,138
35117,138
35118,138
35160,57
35161,475
48404,141
48406,141
38907,61
38908,61
39596,61
39597,61
46647,61
39577,61
57525,2
57526,2
57527,2
57528,2
57529,2
57530,2
57531,2
57532,2
38136,145
57273,5
57274,5
57275,5
57276,5
57288,144
57299,144
57300,144
57301,144
53562,6
53563,6
53564,6
53565,6
53566,6
53567,6
53568,6
53569,6
53570,6
53571,6
53572,6
53573,6
53406,6
53407,6
59101,7
59102,7
59103,7
59104,7
38335,476
38329,477
38333,478
38330,479
38331,480
38332,481
38334,482
38336,483
35876,65
35957,154
35894,157
35883,328
35678,329
35828,336
35423,69
35394,72
38325,484
38328,485
38326,486
38327,487
38323,488
38324,489
55805,73
36097,173
37259,174
36373,490
36436,76
37285,179
35996,491
50604,10
50605,10
50606,10
50607,10
35367,11
35368,11
35396,12
35397,12
35398,12
35399,12
35400,12
35401,12
35402,12
35403,12
35404,12
35405,12
35406,12
35407,12
35408,12
35409,12
35410,12
35411,12
35412,12
35413,12
31438,13
31439,13
31440,13
31441,13
31442,13
31443,13
31444,13
31445,13
35594,13
35595,13
35596,13
35597,13
35598,13
35599,13
36115,14
36116,14
36117,14
36129,14
36130,14
36132,14
36178,14
36179,14
36875,14
39645,14
39646,14
47546,14
47547,14
54249,16
54250,16
54251,16
54252,16
54478,16
54479,16
50779,81
50780,81
50781,81
50782,81
52066,17
52067,17
52861,17
52862,17
53049,17
53050,17
53955,17
53956,17
56393,17
56394,17
56395,17
56396,17
56397,17
56398,17
56399,17
56400,17
56409,17
56410,17
35696,492
35697,492
35699,492
35700,492
35701,492
35702,492
35703,492
35704,492
35705,492
35706,492
35707,492
35708,492
35709,492
35710,492
35711,492
35712,492
35713,492
35714,492
35715,492
35716,492
35717,492
35718,492
35814,492
35815,492
35816,492
59597,19
35873,20
47596,21
52046,22
52047,22
35664,493
47727,23
47728,23
35675,184
59193,24
59194,24
59195,24
59196,24
59197,24
59198,24
57596,25
36411,26
36414,26
51592,27
55181,28
36456,187
36463,188
36491,185
39259,29
59422,29
59423,29
59424,29
59425,29
55773,30
55774,30
55775,30
55776,30
55755,31
35195,186
35198,186
55668,32
55669,32
55670,32
55624,33
55625,33
52374,34
52375,34
52376,34
52377,34
52308,35
36525,371
40671,36
40672,36
40673,36
40674,36
36538,37
56846,37
56847,37
56848,37
27424,38
36558,38
36601,39
36603,39
36604,39
36605,39
34967,189
58294,194
56699,195
52810,459
51615,197
58581,198
50646,199
55243,200
53909,378
58822,201
51630,40
51631,40
51629,40
37426,494
37538,86
37451,119
50926,87
45676,294
48443,89
55959,384
55960,384
58983,93
51821,94
48022,95
48023,95
48024,95
58385,41
49946,96
36360,388
36361,388
36362,388
52668,42
52669,42
52670,42
52671,42
52672,42
52673,42
52768,42
55086,45
55087,45
55088,45
55097,45
55212,45
55213,45
55038,45
55219,45
39540,227
48318,46
48319,46
48320,46
48261,46
46596,47
46597,47
46598,47
46599,47
46541,48
48671,102
48672,102
48673,102
48674,102
48610,103
57235,49
59213,49
52440,50
34702,495
38397,391
38398,496
52154,106
52155,106
36098,497
36856,85
37548,113
37552,466
37339,238
37327,114
36630,241
36749,119
36836,498
36847,243
36803,499
36851,500
37251,127
37293,501
57380,304
37512,502
37534,417
54094,130
35207,55
39381,473
33419,134
33753,135
35142,140
35143,140
35144,140
35145,140
35146,140
35147,140
35148,140
35223,431
53899,56
37788,1
37790,1
31810,60
38916,60
37795,1
38285,1
48388,4
48389,4
37946,1
38889,61
38890,61
38891,61
38892,61
39776,61
39777,61
46642,61
38730,61
38036,2
38037,2
38038,2
38039,2
57461,2
57462,2
57463,2
57464,2
38164,318
38132,145
38120,60
38286,4
38290,145
37671,435
38137,503
38139,503
54195,5
54196,5
54197,5
54198,5
57653,5
58227,5
53510,6
53511,6
53512,6
53513,6
53514,6
53515,6
53516,6
53517,6
53518,6
53519,6
53520,6
53521,6
53398,6
53399,6
53832,319
53833,319
53871,504
54484,505
54485,506
21595,1
35385,143
37576,143
37577,143
37580,143
59137,7
59138,7
59139,7
59140,7
37649,8
50258,9
50259,9
37650,9
37651,9
37652,9
37653,9
37654,9
37655,9
35829,147
35910,416
35642,507
35602,440
35424,65
35879,68
35727,335
35853,64
35389,65
35666,72
35967,508
55802,73
37240,509
37710,510
37711,340
36316,511
37253,512
37701,513
37280,514
37254,515
36055,173
36375,174
37282,516
36433,76
36064,179
37475,517
37211,451
50590,10
51978,10
51979,10
51980,10
35349,518
32237,11
30127,12
31436,13
31437,13
36152,14
36153,14
36154,14
36155,14
36156,14
36157,14
36158,14
36159,14
36160,14
36180,14
54472,16
54473,16
52851,17
52852,17
53952,17
47576,21
47717,23
36398,26
51583,27
51586,27
55175,28
36453,187
36460,188
36480,185
36497,29
59404,29
59405,29
59406,29
59407,29
56707,30
56708,30
56706,31
35180,186
55658,32
55659,32
55617,33
52348,34
52349,34
52350,34
52351,34
52300,35
40653,36
40654,36
45726,36
45727,36
36540,37
36541,37
56832,37
56833,37
16860,38
28696,39
36606,39
36607,39
49043,82
48983,83
49060,83
48985,83
49061,83
37483,519
35833,91
51006,460
50924,87
47482,294
45670,520
56035,91
48437,521
50910,216
39456,217
39457,217
48011,95
48012,95
58381,41
36328,522
56501,98
35948,388
36340,388
52652,42
52653,42
52654,42
52655,42
52656,42
52657,42
52763,42
54864,43
54865,43
54866,43
54867,43
54825,44
55071,45
55072,45
55073,45
55033,45
52901,389
52902,389
48282,46
48283,46
48284,46
48256,46
46576,47
46577,47
46578,47
46579,47
48121,47
48122,47
46536,48
48645,102
48646,102
48647,102
48648,102
49108,102
49109,102
48605,103
34830,145
57230,49
59212,49
52435,50
36168,463
36170,464
37354,53
36171,523
36050,524
36078,525
36177,526
52146,106
52147,106
36073,527
36305,528
36306,528
36311,110
36312,110
36313,110
37379,113
37380,113
37383,291
36290,272
36291,272
36289,273
37384,529
36294,277
36295,530
37389,305
37388,404
56130,118
23071,119
36298,263
36299,264
36293,299
36286,401
37385,275
36281,277
36282,277
37381,531
37382,531
36314,532
37523,472
37524,472
37529,417
38313,305
38314,305
38315,305
38316,305
38317,305
38318,305
38319,305
38320,305
38304,404
38305,404
38306,404
38307,404
38308,404
38309,404
49836,118
49837,118
49838,118
50831,118
56638,118
56639,118
56640,118
56656,118
54090,130
35992,353
37484,513
36432,79
37188,80
37189,533
56536,133
35204,55
39366,473
48104,134
51100,135
21446,138
53903,56
8549,57
35113,58
35166,58
35164,475
35165,475
37873,60
37874,60
45614,316
51312,145
49663,317
49666,317
48405,141
48407,141
38905,61
38906,61
46646,61
38734,61
57465,2
57466,2
57467,2
57468,2
25831,60
25832,60
38172,318
38135,60
39195,143
39196,143
39197,143
39198,143
37689,435
37699,534
57277,5
57278,5
57279,5
57280,5
53606,6
53607,6
53608,6
53609,6
54220,6
54221,6
54222,6
54223,6
54219,6
53836,319
53837,319
53869,535
59097,7
59098,7
59099,7
59100,7
37400,8
50232,9
50233,9
50234,9
50235,9
20193,9
20194,9
20197,9
20199,9
35670,536
35282,149
35354,537
35506,152
35660,538
35672,68
35905,154
35671,155
35509,327
35729,438
35898,157
35365,330
35392,336
35508,161
35507,65
35669,65
35730,65
35510,72
35827,72
35956,539
35904,540
35661,541
35393,166
35940,542
35818,146
35836,147
35819,146
35653,507
55804,73
36061,340
37215,543
36301,544
35983,342
37249,545
36096,170
37258,546
35994,171
37278,75
36094,356
36335,547
36380,548
37296,515
36369,80
37479,549
37203,344
35982,174
36067,550
37300,175
35995,357
36297,551
36372,76
36082,177
36319,178
37242,552
36384,553
37257,554
50600,10
50601,10
50602,10
50603,10
51983,10
51984,10
35360,363
35560,13
35561,13
35563,13
35565,13
35566,13
35567,13
35568,13
35569,13
35570,13
35571,13
35572,13
35573,13
35574,13
35575,13
35576,13
35577,13
35578,13
35579,13
35580,13
35581,13
35582,13
35583,13
35584,13
35585,13
35586,13
35587,13
35588,13
35589,13
35590,13
35591,13
35592,13
35593,13
35614,13
35615,13
35616,13
35617,13
35618,13
35619,13
35620,13
35621,13
35622,13
35623,13
35624,13
35625,13
35626,13
35627,13
35628,13
35629,13
35630,13
35631,13
35632,13
35633,13
35634,13
35635,13
35636,13
35637,13
35638,13
35639,13
35640,13
35641,13
38348,14
38349,14
38350,14
38351,14
38352,14
38353,14
38354,14
38355,14
38356,14
38357,14
38358,14
38359,14
38360,14
38361,14
38362,14
38363,14
38364,14
38365,14
38366,14
38367,14
38368,14
38369,14
38370,14
38371,14
47536,14
47537,14
47538,14
47539,14
47540,14
47541,14
47542,14
47543,14
47544,14
47545,14
54247,16
54248,16
54476,16
54477,16
56431,16
56432,16
56433,16
56434,16
50769,81
50770,81
50771,81
50772,81
50773,81
50774,81
50775,81
50776,81
50777,81
50778,81
52070,17
52071,17
52859,17
52860,17
53047,17
53048,17
56387,17
56388,17
56389,17
56390,17
56391,17
56392,17
35646,555
35688,364
35689,364
59595,19
59596,19
35889,20
35891,20
47590,21
47591,21
47592,21
47593,21
47594,21
52044,22
52045,22
57344,556
36021,455
36029,184
59183,24
59184,24
59185,24
59186,24
59187,24
59188,24
59189,24
59190,24
59191,24
59192,24
57595,25
58986,25
36409,26
36410,26
51591,27
55180,28
36488,185
59418,29
59419,29
59420,29
59421,29
35194,186
55638,32
55639,32
55623,33
52340,34
52342,34
52370,34
52371,34
52372,34
52373,34
52307,35
36455,187
40667,36
40668,36
36462,188
36542,37
36543,37
56844,37
56845,37
30865,38
36608,39
36609,39
36611,39
36612,39
36613,39
36614,39
39558,374
34966,189
34975,457
34981,557
40162,191
55822,558
35013,559
45451,560
52807,459
49752,196
57358,379
57359,379
57360,379
57361,379
49046,82
48962,83
49066,83
48994,83
49067,83
36246,561
36248,561
50706,202
36271,40
36272,40
36273,40
36274,40
36256,40
36951,203
37425,494
37438,208
37439,208
37440,208
37441,208
37442,208
37443,208
37444,208
37445,208
37446,208
37447,208
37448,209
36633,211
55234,212
55235,212
36751,119
57578,213
48806,214
49094,562
33202,215
33203,215
47185,215
47186,215
46323,87
50925,87
54046,563
54047,564
54048,564
54064,91
48442,565
50913,563
54043,88
54044,88
35650,91
52005,218
37454,566
51606,219
39448,220
39449,220
39452,520
39453,520
37455,567
38338,92
50716,92
34857,385
34860,386
48019,95
48020,95
48021,95
58384,41
34913,96
50356,97
56505,98
36346,388
36355,388
36356,388
36357,388
36358,388
36359,388
36184,568
52664,42
52665,42
52666,42
52667,42
52767,42
54872,43
54873,43
54874,43
54875,43
54876,43
54877,43
54827,44
55062,45
55063,45
55064,45
55193,45
55194,45
55195,45
55030,45
55192,45
39539,227
47257,569
48288,46
48289,46
48290,46
48260,46
46592,47
46593,47
46594,47
46595,47
46540,48
48667,102
48668,102
48669,102
48670,102
48609,103
27281,145
36054,228
36063,570
57234,49
52439,50
36181,463
38662,53
38663,53
36182,571
36183,572
35065,573
35067,51
52152,106
52153,106
36077,574
36855,207
37482,208
36741,395
36742,395
36743,395
36796,575
36795,576
37348,110
37349,110
37350,110
37351,110
37287,577
37289,577
36790,396
36791,396
36792,396
36793,396
36794,396
36857,578
49730,112
37545,113
37546,113
37551,466
37997,236
36831,302
36769,301
37560,579
37559,401
37186,272
37187,272
37357,272
37356,273
36636,529
37331,238
37332,238
37335,238
37336,238
37337,238
37316,114
37319,114
37320,114
37321,114
37322,114
37323,114
37324,114
37325,114
37264,239
37470,115
36627,241
36628,241
36629,241
35004,403
36656,403
36673,404
38016,117
56472,118
36748,119
36835,405
45674,520
45675,520
48441,520
37210,406
36653,407
37222,263
37231,264
37233,264
36654,580
37201,408
37207,299
37276,581
36774,410
37561,582
37352,583
37175,273
36876,277
36877,277
36879,277
37465,277
37311,415
36639,584
37519,471
37520,471
37521,471
37533,417
36698,404
36699,404
36700,404
36701,404
36702,404
36703,404
36704,404
36705,404
38003,117
38004,117
38005,117
38006,117
38007,117
38008,117
38012,118
38013,118
38014,118
38015,118
56649,118
56650,118
56651,118
35283,585
35353,586
35422,150
35421,180
54093,130
36302,587
36304,512
38017,131
38018,132
56540,133
40682,55
56128,588
53074,589
35211,134
53065,590
56126,591
53070,592
53071,592
35220,309
35106,135
51621,136
35222,593
35131,140
35132,140
35133,140
35134,140
35135,140
35136,140
35137,140
35138,140
35139,140
35140,140
35141,140
35214,594
35219,595
35221,596
55903,597
36185,431
53911,56
35112,598
31809,60
37844,60
37845,60
38917,60
49661,317
49662,317
48394,141
48396,141
38897,61
38898,61
46644,61
38732,61
57513,2
57514,2
57515,2
57516,2
38082,60
38168,318
38133,60
52939,5
52940,5
52941,5
52942,5
57286,144
57293,144
57294,144
57295,144
53534,6
53535,6
53536,6
53537,6
53538,6
53539,6
53540,6
53541,6
53542,6
53543,6
53544,6
53545,6
53402,6
53403,6
28149,143
28150,143
37587,143
37588,143
59093,7
59094,7
59095,7
59096,7
37410,8
37614,8
50266,9
50267,9
50268,9
50269,9
55300,599
55297,600
55298,601
55299,602
35505,603
35914,536
35281,149
35659,155
35419,604
35504,335
35655,327
35840,439
35363,71
35968,157
35954,605
35955,336
35364,160
35676,606
35887,69
35903,442
35728,607
35668,72
35390,166
16897,153
16896,608
16895,609
10593,328
10590,160
12089,161
12088,610
10594,442
10589,65
10591,331
10592,611
16894,72
9213,155
9214,335
9215,609
9216,605
7850,336
7851,63
32703,612
55301,613
55302,73
55806,73
36164,351
37168,450
36163,345
37167,554
37241,168
35981,614
36057,340
36093,615
37295,616
36388,617
37247,512
36379,341
37708,543
36066,618
36046,514
36308,619
36423,545
36425,620
36089,621
36370,171
36322,622
36333,80
36092,448
37272,344
36045,174
36047,174
36081,174
36387,550
36378,175
35997,516
36059,358
36103,176
37478,76
37191,178
37485,552
36419,517
37212,517
37299,183
36318,362
36058,78
6813,80
6812,76
50594,10
50595,10
50596,10
50597,10
51981,10
51982,10
37608,14
37610,14
40042,14
40044,14
40048,14
40049,14
40051,14
40052,14
40057,14
40060,14
40061,14
40063,14
40065,14
40067,14
40074,14
40075,14
40077,14
40078,14
40079,14
40080,14
40081,14
40082,14
40083,14
40084,14
46675,14
46676,14
46677,14
46678,14
46679,14
46680,14
46681,14
46682,14
46683,14
46684,14
54243,16
54244,16
54245,16
54246,16
50757,81
50758,81
50759,81
50760,81
50761,81
50762,81
50763,81
50764,81
50765,81
50766,81
52068,17
52069,17
52855,17
52856,17
53045,17
53046,17
56383,17
56384,17
56385,17
56386,17
59777,18
59778,18
35695,492
35698,492
35745,492
35746,492
35747,492
35751,492
35754,492
35755,492
35756,492
35757,492
35758,492
35759,492
35760,492
35761,492
35762,492
35763,492
35764,492
35765,492
35766,492
35767,492
35768,492
35770,492
35772,492
35775,492
35776,492
35777,492
35778,492
35779,492
35781,492
35782,492
35783,492
35784,492
35785,492
35787,492
35789,492
35790,492
35791,492
35792,492
35793,492
35794,492
35795,492
35796,492
35797,492
35798,492
35800,492
35801,492
35803,492
35805,492
35806,492
35807,492
35808,492
35810,492
35811,492
59593,19
59594,19
47583,21
47584,21
47585,21
47586,21
47587,21
52041,22
52042,22
57343,556
38092,184
54588,24
54589,24
54590,24
54591,24
54592,24
54593,24
59173,24
59174,24
59175,24
59176,24
59177,24
59178,24
59179,24
59180,24
59181,24
59182,24
57593,25
36403,26
36404,26
51588,27
55177,28
36484,185
59412,29
59413,29
55783,30
55784,30
55753,31
55663,32
55664,32
55620,33
52358,34
52359,34
52360,34
52361,34
52303,35
36451,187
40659,36
40660,36
40661,36
40662,36
36464,188
36544,37
38412,37
56837,37
56838,37
35289,39
36616,39
36617,39
36618,39
34979,557
40161,191
34998,192
34999,192
35000,192
35001,192
34989,192
49754,196
55241,200
57362,379
57363,379
35068,623
49045,82
48984,83
49064,83
48986,83
49065,83
50704,202
36263,40
36264,40
36265,40
36266,40
36254,40
36949,203
36383,382
30402,205
37428,208
37429,208
37430,208
37431,208
37432,208
37433,208
37434,208
37435,208
37436,208
37437,208
29605,86
37537,209
20445,383
23345,383
36205,383
36206,383
36204,383
36631,211
55231,212
55232,212
37450,119
57577,213
47557,214
47183,215
47184,215
35658,91
46322,87
54063,91
50912,88
52004,218
51605,219
39450,520
39451,520
37985,624
37990,624
37991,624
37992,624
37993,624
37994,624
37995,624
37996,624
46788,92
49086,92
55957,384
55958,384
34856,385
34859,386
51820,94
48016,95
48017,95
48018,95
58383,41
34911,96
34912,96
51815,226
45196,97
56503,98
36350,388
36351,388
36352,388
36353,388
36354,388
52658,42
52659,42
52660,42
52661,42
52662,42
52663,42
52765,42
54868,43
54869,43
54870,43
54871,43
54826,44
55077,45
55078,45
55079,45
55035,45
39537,227
47256,569
48285,46
48286,46
48287,46
48258,46
46584,47
46585,47
46586,47
46587,47
46538,48
48655,102
48656,102
48657,102
48658,102
48607,103
55151,625
36062,570
57232,49
52437,50
36196,463
36199,51
38096,51
38097,51
36200,464
36198,54
36201,54
36197,52
36191,53
36192,53
36194,53
36193,523
36190,525
36203,626
52150,106
52151,106
36854,207
37481,208
49729,112
37544,113
36624,241
36625,241
36626,241
36635,529
37333,238
37334,238
37318,114
37265,239
37266,239
37472,115
37473,115
35003,403
47021,271
47022,271
47061,272
47063,272
47064,272
36672,404
56470,118
45667,294
45672,216
45673,217
48439,294
48440,295
48445,295
36784,296
36785,296
36786,123
36822,123
37303,297
36818,468
36799,242
36849,627
37209,406
37216,628
36644,108
36645,108
37228,264
37198,408
37199,408
37204,411
37205,411
37250,127
36871,277
36872,629
36873,630
37309,415
36680,404
36683,404
36684,404
36687,404
36688,404
36689,404
38644,118
38645,118
38646,118
38647,118
48809,118
56645,118
56646,118
56647,118
56648,118
56652,118
35391,438
35933,631
35420,330
35969,441
54092,130
35742,131
45197,131
45198,131
45199,131
35743,132
56538,133
37923,55
35210,134
55847,307
39164,632
53064,590
56125,591
53068,592
53069,592
48138,633
35105,135
45200,136
57368,634
35120,140
35121,140
35122,140
35123,140
35124,140
35125,140
35127,140
35128,140
35129,140
55791,597
54299,56
48368,141
48371,141
38871,61
38872,61
46639,61
38703,61
57497,2
57498,2
57499,2
57500,2
27804,434
27805,434
27806,434
27807,434
39183,143
39184,143
54187,5
54188,5
54189,5
54190,5
53458,6
53459,6
53460,6
53461,6
53462,6
53463,6
53464,6
53465,6
53466,6
53467,6
53468,6
53469,6
53390,6
53391,6
47178,145
59083,7
59084,7
59085,7
59086,7
59087,7
59088,7
50236,9
50237,9
50242,9
50243,9
50244,9
50245,9
33814,635
32834,151
32833,636
38634,637
33769,585
33768,638
33844,538
33766,327
33767,327
33847,438
33848,329
33771,330
33846,336
33845,160
33849,161
33770,441
33773,69
33774,331
33765,72
46945,320
46921,353
46931,639
46884,356
46911,330
46943,357
46939,63
46929,610
46950,442
32835,73
46938,350
46927,80
46918,448
46894,358
33779,174
33840,76
33781,346
33783,178
33775,78
50579,10
50585,10
50586,10
50587,10
32238,11
33047,13
33048,13
33049,13
33050,13
33051,13
33052,13
33053,13
33054,13
33055,13
33056,13
33057,13
33058,13
33059,13
33060,13
33061,13
33062,13
33063,13
33064,13
33065,13
33066,13
33067,13
33068,13
33069,13
33070,13
33071,13
33072,13
33073,13
33074,13
33075,13
33076,13
33077,13
33078,13
33079,13
33080,13
33081,13
33082,13
33083,13
33084,13
33085,13
33086,13
33087,13
33088,13
33089,13
33090,13
33091,13
33092,13
33093,13
33094,13
34108,13
34109,13
34110,13
34111,13
34112,13
34113,13
34266,13
34267,13
34268,13
34269,13
34270,13
34271,13
34708,13
34709,13
34710,13
34711,13
39678,14
39682,14
39683,14
39684,14
54353,16
54354,16
56425,16
56426,16
50751,81
50752,81
50753,81
50754,81
50755,81
50756,81
52841,17
52842,17
53039,17
53040,17
53945,17
53946,17
53958,17
56363,17
56364,17
56365,17
56366,17
56367,17
56368,17
56405,17
56406,17
59773,18
59774,18
59590,19
59591,19
32874,20
32875,20
32876,20
32877,20
32873,20
47563,21
47564,21
47565,21
47566,21
52035,22
23971,493
59159,24
59160,24
59161,24
59162,24
59163,24
59164,24
59165,24
59166,24
59167,24
59168,24
57589,25
34198,26
34199,26
51581,27
55170,28
32517,185
59392,29
59393,29
59394,29
59395,29
55781,30
55782,30
55749,31
55652,32
55653,32
55613,33
52328,34
52329,34
52330,34
52331,34
52332,34
52333,34
52294,35
52295,35
27670,187
40633,36
40634,36
45218,36
45649,36
45650,36
45651,36
27671,188
33121,37
33758,37
56823,37
56824,37
56825,37
27423,38
31889,39
32958,39
32750,39
32751,39
32752,39
32753,39
32776,457
34980,557
55823,558
58296,194
47957,376
52806,459
49753,196
58578,198
53908,378
57350,379
57351,379
57352,379
57353,379
49042,82
49033,83
49058,83
49034,83
49059,83
32661,84
32662,84
32796,84
32797,84
50695,202
28919,40
30949,40
30930,40
51018,40
51019,40
36921,203
32791,640
32792,641
32943,206
45865,642
51003,460
33750,383
33751,383
33748,383
33479,211
57579,213
33772,91
50923,87
56034,91
50906,88
52002,218
51608,219
39440,294
39441,294
33412,643
32984,92
55923,384
55924,384
58980,93
32969,385
32968,386
53009,223
47973,95
47974,95
31142,224
34162,94
58378,41
32975,96
50353,97
50357,97
56499,98
32953,99
32954,99
32590,388
33786,388
33787,388
52638,42
52639,42
52640,42
52641,42
52642,42
52643,42
52743,42
52745,42
52759,42
54848,43
54849,43
54850,43
54851,43
54821,44
55056,45
55057,45
55058,45
55028,45
39532,227
47255,569
52893,389
52894,389
55130,389
55131,389
48276,46
48277,46
48278,46
48250,46
46560,47
46561,47
46562,47
46563,47
48760,47
48761,47
46533,48
48633,102
48634,102
48635,102
48636,102
49106,102
49107,102
48602,103
55150,625
32781,644
57227,49
59210,49
52431,50
34369,391
34590,645
34707,646
52140,106
52141,106
33125,107
33250,647
13618,574
34165,85
33312,648
32929,649
33876,241
33877,241
33882,238
33878,114
33879,114
33880,239
34701,650
38637,627
47089,108
47007,275
56467,118
35975,467
32920,651
32922,652
32928,653
32947,654
32925,655
48436,295
34398,656
34399,657
27703,658
27702,658
46989,410
47100,659
47101,659
34547,415
29609,417
48810,118
48812,118
48814,118
56634,118
56635,118
56636,118
56637,118
54087,130
32952,660
38601,131
48816,131
28787,132
48815,132
56534,133
33096,55
33286,134
33996,661
55844,307
53063,590
56124,591
53066,592
53067,592
48129,633
32789,662
51015,663
51098,135
51622,136
32959,664
33745,138
33746,138
33747,138
32787,665
34292,594
34294,595
32790,666
32967,430
33282,667
55902,597
53901,56
56249,315
32965,668
48417,141
48418,141
48426,141
48427,141
38881,61
38882,61
39590,61
39591,61
46649,61
38736,61
57469,2
57470,2
57471,2
57472,2
54207,5
54208,5
54209,5
54210,5
53584,6
53585,6
54225,6
54226,6
54227,6
54228,6
54300,6
54301,6
54302,6
54303,6
53409,6
54224,6
53870,669
38448,143
38446,670
59105,7
59106,7
59107,7
59108,7
38440,8
50276,9
50277,9
50278,9
50279,9
38593,149
38466,153
38452,154
38467,327
38463,71
38464,671
38462,336
38465,442
35826,65
38461,65
38451,72
22716,167
38469,617
38473,170
38470,76
38474,77
38472,362
38477,78
50580,10
50608,10
50609,10
51985,10
32235,11
38553,14
38554,14
38555,14
38556,14
38557,14
38558,14
38559,14
38560,14
38561,14
38562,14
38563,14
38564,14
38565,14
38566,14
38567,14
38568,14
38569,14
38570,14
38571,14
38572,14
38573,14
38574,14
38575,14
38576,14
38577,14
38578,14
38579,14
38580,14
38581,14
38582,14
38583,14
38584,14
38585,14
38586,14
38587,14
38588,14
38589,14
38590,14
38591,14
38592,14
39673,14
39675,14
39676,14
39677,14
40097,14
40098,14
40099,14
40100,14
40101,14
40102,14
54359,16
54360,16
54466,16
54467,16
50783,81
50784,81
50785,81
50786,81
50787,81
50788,81
50789,81
52863,17
52864,17
52865,17
53051,17
53052,17
53053,17
56401,17
56402,17
56403,17
56404,17
59598,19
38424,20
38426,20
47604,21
47605,21
52037,22
52048,22
21522,365
59199,24
59200,24
57597,25
38409,26
51593,27
55182,28
38411,185
59426,29
59427,29
59428,29
59429,29
55785,30
55786,30
55756,31
55640,32
55641,32
55626,33
52378,34
52379,34
52380,34
52381,34
52309,35
40645,36
40646,36
40669,36
40670,36
45725,36
56849,37
56850,37
38408,39
38530,39
38552,39
50643,199
48952,82
49047,82
48991,83
49068,83
48992,83
49069,83
50698,202
38415,40
38416,40
38417,40
38418,40
38419,40
38478,211
45132,494
8235,672
8706,672
22731,91
13403,673
46319,87
54065,88
54042,217
51607,219
46787,92
48077,95
48078,95
54025,95
58386,41
38595,96
56506,98
36348,388
38404,388
38403,388
52674,42
52675,42
52676,42
52677,42
52678,42
52679,42
52769,42
55089,45
55090,45
55091,45
55039,45
46570,47
46571,47
48762,47
48763,47
47354,48
48675,102
48676,102
48677,102
48678,102
48611,103
38541,391
57236,49
52441,50
52156,106
52157,106
38479,85
38506,238
38505,114
38502,239
38503,115
38507,241
50821,118
45666,294
48444,295
57381,304
32945,674
32949,675
38509,471
38510,471
38508,417
50822,118
50827,118
50830,118
56653,118
56654,118
56655,118
54095,130
50833,131
50832,132
56541,133
40683,55
38594,134
51101,135
11764,312
38542,138
38547,138
38543,429
38544,429
38545,429
38546,429
38600,140
53900,56
49366,1
55341,59
37962,676
37804,677
51381,59
49677,317
49678,317
48419,141
48420,141
38865,61
38866,61
39582,61
39583,61
39592,61
39593,61
39600,61
39601,61
46650,61
38701,61
40675,61
57533,678
57534,678
57535,678
57536,678
57473,2
57474,2
57475,2
57476,2
57097,3
57098,3
57083,3
56193,60
56169,229
3843,679
56887,680
56907,681
56881,682
56923,683
56929,684
56895,685
56896,685
118,686
56903,687
56920,688
56879,689
56885,690
56894,691
56892,692
56868,693
56901,693
56928,694
56921,695
56938,696
56939,696
49367,1
54230,6
54231,6
54232,6
54233,6
54229,6
53790,319
53791,319
53794,319
53795,319
37581,143
37582,143
37594,670
59109,7
59110,7
59111,7
59112,7
7362,8
39975,8
50280,9
50281,9
50282,9
50283,9
20201,9
20207,9
20508,9
20509,9
21511,9
21512,9
56114,9
56115,9
56116,9
56117,9
33812,697
46952,698
46951,699
26383,700
39865,146
35908,147
35656,701
39866,149
39869,150
39873,151
35337,537
35417,702
35855,153
39872,154
39871,703
39868,159
39846,328
35880,329
35888,330
35825,160
39867,65
35667,607
35881,72
10954,68
10953,607
6772,422
8907,704
8908,705
7059,706
6786,604
6780,67
6787,157
6773,324
7058,441
6781,69
46874,422
46875,66
46871,707
46870,708
16346,418
16347,709
13068,351
13070,351
13071,338
13067,340
13065,710
13072,512
13069,711
13066,543
22754,587
33780,712
39876,713
39884,340
39894,618
39889,619
39895,544
39878,714
39875,715
39877,533
33776,173
33778,174
39890,450
39885,345
39881,348
39887,76
39891,346
39879,517
39919,716
39921,717
39920,550
39923,179
46867,718
46864,343
50613,10
51986,10
51987,10
51988,10
39937,363
39946,363
31271,13
31273,13
31275,13
31276,13
31280,13
31282,13
31405,13
31408,13
31409,13
31413,13
31414,13
35457,13
35459,13
35460,13
35461,13
35465,13
35466,13
35467,13
35468,13
35470,13
35472,13
35473,13
35474,13
35475,13
35476,13
35477,13
35478,13
37609,14
37611,14
37612,14
40040,14
40041,14
40043,14
40046,14
40054,14
40055,14
40056,14
40058,14
40059,14
40062,14
40066,14
40068,14
40070,14
40076,14
54363,16
54364,16
50794,81
50795,81
50796,81
50797,81
50798,81
50799,81
50800,81
52867,17
52868,17
53960,17
35682,364
35683,364
35846,20
39940,20
39941,20
30538,20
30539,20
52036,22
52049,22
52050,22
52051,22
35921,452
35923,452
39724,452
39943,452
39944,452
39945,452
35941,719
35942,719
35944,719
35946,719
35947,719
36002,367
39952,367
39953,367
47719,23
47720,23
39951,455
30888,720
30889,720
30890,720
30891,720
57599,25
34193,26
40027,26
40028,26
51580,27
51594,27
51596,27
55183,28
55184,28
38513,187
38514,188
27478,185
40029,185
26881,185
46800,29
55787,30
55788,30
55757,31
26866,186
31199,186
55642,32
55643,32
55644,32
55645,32
55627,33
55628,33
52336,34
52337,34
52382,34
52383,34
52384,34
52385,34
52386,34
52387,34
52388,34
52389,34
52297,35
52310,35
52311,35
26413,187
36452,187
32394,371
38612,371
38613,371
45122,36
45125,36
26428,188
36459,188
56853,37
56854,37
56855,37
40026,38
30863,38
27150,456
36573,456
30808,456
31029,456
36576,456
49469,456
28694,39
39995,39
39996,39
32992,39
36598,39
36615,39
34682,39
36804,39
36805,39
36806,39
39987,373
39988,373
40155,373
40156,373
46784,721
46785,722
20291,192
20292,192
20293,192
20294,192
24437,192
40104,375
57364,379
57365,379
32062,723
39989,724
39990,724
39991,724
39992,724
49049,82
49004,83
49072,83
49006,83
49073,83
21492,561
36247,561
36249,561
36250,561
50707,202
50709,202
24800,725
24801,725
30945,40
30946,40
30950,40
30951,40
29263,40
51633,40
51634,40
51632,40
36928,203
36390,726
30403,205
27477,206
51007,460
55280,212
55281,212
39901,119
49093,562
47189,215
47190,215
52007,218
37462,462
49087,92
55961,384
55962,384
51822,94
48027,95
48028,95
58388,41
58389,41
33570,96
50355,97
56508,98
21432,99
34706,388
40012,388
40013,388
40014,388
40015,388
40016,388
40017,388
56230,388
52680,42
52681,42
52682,42
52683,42
52736,42
52737,42
52738,42
52739,42
52740,42
52741,42
52770,42
52771,42
54880,43
54881,43
54882,43
54883,43
54884,43
54885,43
54886,43
54887,43
54828,44
54829,44
55197,45
55198,45
55199,45
55196,45
39528,227
52897,389
52898,389
52909,389
52910,389
48297,46
48298,46
48299,46
48742,46
48743,46
48744,46
48265,46
48728,46
46600,47
46601,47
46604,47
46605,47
46608,47
46609,47
46610,47
46611,47
46612,47
46613,47
46614,47
46615,47
50384,47
50385,47
46544,48
47355,48
48679,102
48680,102
48681,102
48682,102
48683,102
48684,102
48685,102
48686,102
48687,102
48688,102
48689,102
48690,102
48612,103
48613,103
6690,228
57237,49
57238,49
59214,49
52442,50
52443,50
36108,391
40004,391
34592,727
39999,51
40002,54
39998,52
40000,53
52158,106
52159,106
52160,106
52161,106
11022,52
8694,54
56237,229
56303,229
56304,229
13437,54
11249,51
13001,53
13619,728
25662,51
25660,464
24810,54
25663,54
24808,52
24809,52
39932,85
37498,208
35744,146
35645,507
39844,110
39845,110
36662,233
36778,729
36820,672
37539,730
39912,113
39913,113
39843,272
39914,529
39933,731
37338,238
39854,238
37326,114
39853,114
39855,239
39856,239
39863,115
39864,115
39851,241
39852,241
36657,732
39900,733
55388,403
36660,734
47020,735
47074,278
47075,278
36670,736
40131,117
56474,118
39857,405
39931,498
27443,737
45668,738
48446,739
36891,740
39915,243
39929,242
39918,741
39874,742
36043,421
39892,339
22752,743
39888,340
6795,744
36044,745
36427,176
39927,746
38631,66
38630,747
39833,108
39835,263
39834,264
39934,126
39859,470
39836,277
39839,277
39840,748
37305,749
49456,750
37487,208
37489,208
37492,208
37493,208
37494,208
37495,208
37496,208
37497,208
40018,471
40019,471
35832,417
40020,417
40132,117
40133,117
40134,117
40135,117
29159,118
40137,118
56689,118
56690,118
54097,130
36885,740
36887,740
36888,740
36889,740
40142,131
49851,131
35387,132
56543,133
40685,55
46801,473
53076,589
33571,134
55845,307
56989,751
9825,752
56127,591
24491,753
24492,754
20538,755
37306,135
39930,135
56238,136
40143,756
40107,757
40008,138
40009,138
56248,758
34703,140
34704,140
35126,140
37927,140
37928,140
32966,759
55904,597
53985,56
56250,315
40010,760
40011,760
5554,57
10745,57
35109,58
40006,58
40007,58
37730,1
37732,1
55336,59
37848,60
37851,60
37741,1
37742,1
37759,1
37760,1
51414,59
51415,59
51416,59
51417,59
37568,317
37940,317
37941,317
38241,317
48399,4
48400,4
48398,141
48401,141
48402,141
48403,141
38899,61
38900,61
38901,61
38902,61
38903,61
38904,61
39594,61
39595,61
46645,61
38733,61
37936,761
37937,761
57517,2
57518,2
57519,2
57520,2
57521,2
57522,2
57523,2
57524,2
57093,3
57094,3
57095,3
57096,3
57082,3
21874,60
22019,60
45410,142
45411,142
38079,434
38080,434
38081,434
38213,434
38266,4
54203,5
54204,5
54205,5
54206,5
57287,144
58300,144
57296,144
57297,144
57298,144
58301,144
58302,144
58303,144
53546,6
53547,6
53548,6
53549,6
53550,6
53551,6
53552,6
53553,6
53554,6
53555,6
53556,6
53557,6
53558,6
53559,6
53560,6
53561,6
53404,6
53405,6
37840,143
53814,319
53815,319
53913,506
53872,762
57342,669
54420,763
37589,143
37597,145
59145,7
59146,7
59147,7
59148,7
37632,8
50270,9
50271,9
50272,9
50273,9
50274,9
50275,9
50598,10
50599,10
31295,13
31296,13
31297,13
31298,13
31422,13
31423,13
31424,13
31425,13
31426,13
31427,13
31428,13
31429,13
31430,13
31431,13
31432,13
31433,13
35443,13
35448,13
35479,13
35480,13
35481,13
35482,13
35483,13
35484,13
35485,13
35486,13
35487,13
35488,13
35489,13
35490,13
35491,13
35492,13
35493,13
35494,13
35495,13
35527,13
35532,13
38058,13
38059,13
38060,13
38061,13
38062,13
38063,13
38064,13
38065,13
38066,13
38067,13
38068,13
38069,13
38070,13
38071,13
38072,13
38073,13
38074,13
38075,13
38076,13
38077,13
54357,16
54358,16
54474,16
54475,16
50767,81
50768,81
52857,17
52858,17
53953,17
53954,17
52043,22
17800,764
58458,765
57594,25
36407,26
36408,26
51589,27
51595,27
55178,28
39993,187
39994,188
36487,185
36503,29
36504,29
59414,29
59415,29
59416,29
59417,29
55769,30
55770,30
55771,30
55772,30
55754,31
35189,186
35190,186
55665,32
55666,32
55667,32
55621,33
55622,33
52364,34
52365,34
52366,34
52367,34
52368,34
52369,34
53934,34
53935,34
52305,35
52306,35
36518,371
40635,36
40636,36
40663,36
40664,36
40665,36
40666,36
45219,36
45654,36
56839,37
56840,37
56841,37
56842,37
56843,37
36555,38
36557,38
36587,39
36588,39
36589,39
36590,39
36591,39
36592,39
53874,766
53875,767
53876,768
53873,193
58580,198
50645,199
50708,202
36255,40
36268,40
36269,40
36270,40
36267,40
36950,203
56504,98
52726,42
52727,42
52728,42
52729,42
52730,42
52731,42
52732,42
52733,42
52734,42
52735,42
52766,42
53005,42
54806,43
54807,43
54808,43
54809,43
54810,43
54811,43
54812,43
54813,43
54798,44
55080,45
55081,45
55082,45
55083,45
55084,45
55085,45
55036,45
55037,45
39538,227
52905,389
52906,389
48315,46
48316,46
48317,46
48736,46
48737,46
48738,46
48259,46
48726,46
46588,47
46589,47
46590,47
46591,47
48123,47
48124,47
48125,47
48126,47
46539,48
48659,102
48660,102
48661,102
48662,102
48663,102
48664,102
48665,102
48666,102
48608,103
49104,103
36053,228
57233,49
57337,49
52438,50
53942,50
36118,51
36122,51
36119,52
36085,574
56471,118
38641,118
38642,118
56684,118
56685,118
56539,133
35206,55
39374,473
39375,473
35119,138
35027,140
35130,140
53904,56
35111,57
35114,769
35115,769
55327,59
31803,60
31804,60
51328,59
51329,59
51330,59
51331,59
30593,229
30594,229
48360,141
48408,141
48409,141
48410,141
38861,61
38862,61
38863,61
38864,61
38910,61
38911,61
39588,61
39589,61
46637,61
38704,770
38700,61
10850,2
17629,2
57489,2
57490,2
57491,2
57492,2
21859,60
22005,60
45314,142
45315,142
45316,142
45317,142
45318,142
45319,142
45320,142
45321,142
27382,4
27385,4
30913,143
54179,5
54180,5
54181,5
54182,5
57651,5
57652,5
53430,6
53431,6
53432,6
53433,6
53434,6
53435,6
53436,6
53437,6
53438,6
53439,6
53440,6
53441,6
53574,6
53575,6
53576,6
53577,6
53386,6
53387,6
53862,506
35377,143
28106,145
28107,145
28110,670
59125,7
59126,7
59127,7
59128,7
21504,8
50206,9
50207,9
50208,9
50209,9
50210,9
50211,9
50212,9
50213,9
50214,9
50215,9
20505,9
6749,70
25755,771
25756,772
21470,146
21471,507
22712,328
9206,146
7591,149
7605,773
7611,167
7598,774
7597,775
7086,776
7612,155
7067,777
7607,778
9207,327
7606,439
7861,608
7087,631
7072,71
7594,157
6770,336
7593,161
7592,779
7066,163
7081,63
7080,780
7608,610
7073,442
9208,65
6771,72
7860,72
16904,618
16345,343
16900,172
16344,173
16913,174
16901,450
16902,357
16905,358
16911,359
16908,176
16912,490
16909,346
16903,177
16910,181
16916,182
16917,554
1527,614
1528,544
9270,781
9269,547
55800,73
37260,782
36102,617
36091,546
36048,175
18241,783
18240,451
7619,784
7614,356
7616,785
7618,80
7613,448
7617,533
6814,76
6815,179
50573,10
50574,10
51973,10
51974,10
30328,11
29731,12
29732,12
29733,12
29734,12
29735,12
29736,12
29737,12
29738,12
30106,12
30107,12
30108,12
30109,12
30110,12
30111,12
31259,13
31260,13
31261,13
31262,13
31263,13
31264,13
31265,13
31266,13
31267,13
31268,13
31269,13
31270,13
31398,13
31399,13
31400,13
31401,13
31402,13
31403,13
33126,13
33127,13
33513,13
33514,13
33515,13
33516,13
33517,13
33518,13
33519,13
33520,13
33521,13
33522,13
33523,13
33524,13
34272,13
34273,13
34274,13
34275,13
34276,13
34277,13
39651,14
39661,14
39662,14
39663,14
39664,14
39665,14
39666,14
39667,14
39669,14
39670,14
39671,14
39672,14
39674,14
53963,15
53964,15
53965,15
53966,15
53967,15
54351,16
54352,16
56421,16
56422,16
50742,81
50743,81
50744,81
50745,81
50746,81
50747,81
52837,17
52838,17
53037,17
53038,17
53943,17
53944,17
56355,17
56356,17
56357,17
56358,17
34576,786
59588,19
21923,20
47560,21
47561,21
52033,22
26462,764
58457,765
59157,24
59158,24
57587,25
34191,26
51577,27
51578,27
55168,28
36493,185
29216,29
29217,29
59384,29
59385,29
59386,29
59387,29
59432,29
55759,30
55760,30
55747,31
30653,186
55650,32
55651,32
55611,33
52320,34
52321,34
52322,34
52323,34
52334,34
52335,34
52292,35
52296,35
26412,187
32385,371
40627,36
40628,36
40629,36
40630,36
26427,188
21530,37
33757,37
56818,37
56819,37
56820,37
56851,37
30862,38
27147,456
27148,456
28692,39
32991,39
30034,787
30036,787
25359,788
40115,789
36812,557
24368,192
24369,192
24371,192
24372,192
24364,192
7631,790
35361,375
47906,376
34649,559
46165,791
45450,560
34641,792
57556,458
52805,459
49755,196
39214,793
49113,377
40464,794
20569,795
20570,795
20571,795
20572,795
22664,795
22665,795
22666,795
17252,796
24511,796
49040,82
48965,83
49053,83
48966,83
49054,83
54298,797
50696,202
28908,40
28909,40
28910,40
28911,40
28884,40
36919,203
19606,640
26348,207
31308,208
31309,208
31310,208
31311,208
31312,208
31313,208
31314,208
31315,208
31316,208
31317,208
16313,798
27658,209
51001,210
20436,383
20437,383
20801,383
20802,383
20413,383
33476,211
55236,212
55237,212
21387,733
57581,213
47555,214
49092,562
9205,91
46317,87
54061,91
50903,216
50904,216
52009,218
51602,219
33411,643
55919,384
55920,384
58977,93
27454,385
27449,386
47969,95
47970,95
48064,95
49202,95
31141,224
58376,41
32289,96
47460,97
17395,799
17871,799
56497,98
33871,388
33872,388
33873,388
33874,388
33875,388
30215,568
29720,388
52698,42
52699,42
52700,42
52701,42
52702,42
52703,42
52704,42
52705,42
52757,42
54836,43
54837,43
54838,43
54839,43
54840,43
54841,43
54819,44
55050,45
55051,45
55052,45
55026,45
52891,389
52892,389
48270,46
48271,46
48272,46
48248,46
46550,47
46551,47
46552,47
46553,47
46531,48
48621,102
48622,102
48623,102
48624,102
48600,103
20865,644
57225,49
57334,49
52429,50
53938,50
16652,800
52136,106
52137,106
52142,106
52143,106
11021,51
9247,54
3326,53
13435,54
13436,52
11247,391
16960,54
13000,391
7494,105
10160,54
9285,801
7693,802
13817,51
25658,52
25657,53
31307,208
33331,803
14116,114
17652,239
20256,804
33332,805
53677,118
33330,806
45662,294
45663,294
48433,295
48434,295
34695,296
34696,123
34694,297
33337,807
34485,243
25592,272
34690,108
20387,808
23508,415
25594,809
33336,810
33335,811
35834,147
35912,416
29151,118
29152,118
29153,118
29154,118
29155,118
56625,118
56626,118
56627,118
56628,118
56629,118
54085,130
33754,131
47445,131
47446,131
47447,131
28786,132
56532,133
29583,55
30394,55
39348,473
39349,473
32483,134
51033,812
9824,752
23022,813
23023,813
23030,813
23031,813
23320,813
23321,813
23322,813
23323,813
27287,135
47456,136
16990,814
31912,815
21447,138
34486,140
34487,140
53895,56
5011,57
7182,57
7712,57
12187,57
12188,57
10260,57
10262,57
17398,58
55331,59
55344,59
51364,59
51365,59
37942,317
37943,317
48378,141
48379,141
48380,141
48381,141
49989,61
49990,61
49991,61
49992,61
49993,61
49994,61
49988,61
49987,61
57481,2
57482,2
57483,2
57484,2
45349,142
45380,142
45381,142
54215,5
54216,5
54217,5
54218,5
53610,6
53611,6
53612,6
53613,6
53614,6
53615,6
53616,6
53617,6
53412,6
53413,6
53839,319
53841,319
37566,143
37898,143
37567,145
59117,7
59118,7
59119,7
59120,7
50238,9
50239,9
50240,9
50241,9
35679,150
35893,66
35882,333
35366,68
35909,703
35418,605
35931,163
39870,606
35657,65
35352,72
7855,328
7854,160
55808,73
36429,351
36422,420
37294,339
36391,618
36303,549
36336,173
39896,174
36326,76
36065,346
39882,517
50621,10
50622,10
51989,10
35369,11
35370,11
30128,12
30129,12
30130,12
30131,12
35414,12
35415,12
31272,13
31278,13
31289,13
31290,13
31291,13
31292,13
31293,13
31294,13
35496,13
35497,13
35498,13
35499,13
35500,13
35501,13
35502,13
35503,13
38381,14
38382,14
38383,14
38384,14
38385,14
38386,14
38387,14
38388,14
38389,14
38390,14
38391,14
38392,14
38393,14
38394,14
38395,14
38396,14
39647,14
39649,14
54480,16
54481,16
50808,81
50809,81
50810,81
50811,81
52873,17
52874,17
56419,17
56420,17
35856,20
52055,22
36020,455
57602,25
34190,26
51599,27
55187,28
36448,187
36458,188
36495,185
59440,29
59441,29
55789,30
55790,30
55758,31
35200,186
55648,32
55649,32
55631,33
52400,34
52401,34
52402,34
52403,34
52315,35
49965,36
50980,36
50981,36
49995,36
56861,37
56862,37
36560,38
36583,39
36584,39
36585,39
36586,39
49966,82
49967,83
50627,83
49970,83
50628,83
50350,40
50346,40
50347,40
50348,40
50349,40
36953,203
51009,210
39469,816
50929,87
50919,89
50918,817
50718,92
55963,384
55964,384
51824,94
49214,95
49215,95
58393,41
49947,96
51817,226
49984,97
56510,98
36364,388
36365,388
52684,42
52685,42
52686,42
52687,42
52688,42
52689,42
52774,42
54892,43
54893,43
54894,43
54895,43
54831,44
55101,45
55102,45
55103,45
55043,45
52911,389
52912,389
49742,46
49743,46
49744,46
49741,46
49957,47
49958,47
49959,47
49960,47
49961,47
49956,48
48625,102
48626,102
48627,102
48628,102
49105,103
57242,49
52446,50
38100,53
36109,105
38099,818
36114,391
38101,391
52166,106
52167,106
47104,819
33311,648
37549,466
24264,731
47086,108
46997,264
47065,272
47025,820
56476,118
36750,119
36846,243
36850,500
37297,741
47099,302
47102,303
37527,472
37535,417
38643,118
49972,118
49974,118
49978,118
56686,118
56691,118
56692,118
56693,118
54100,130
49983,131
49982,132
56545,133
35208,55
49964,134
51103,135
35149,140
35150,140
35151,140
35152,140
35153,140
35154,140
35033,431
53898,56
55330,59
56195,60
56196,60
56197,60
37803,676
37961,676
51380,59
51386,59
51387,59
51388,59
51389,59
48395,317
48397,317
48374,141
48375,141
48376,141
48377,141
37955,317
37956,317
38875,61
38876,61
38877,61
38878,61
38879,61
38880,61
56213,61
56214,61
56212,61
56211,61
57541,2
57542,2
57543,2
57544,2
57545,2
57546,2
57547,2
57548,2
38083,60
57099,3
57100,3
57101,3
57102,3
57084,3
56191,60
56192,60
56208,142
56209,142
56210,142
38212,434
56170,434
56171,434
56172,434
56173,143
56174,143
56175,143
56176,143
56190,821
56181,822
56183,436
56187,823
56179,824
56185,825
56186,826
56184,691
56188,827
56189,828
56180,829
56182,829
54191,5
54192,5
54193,5
54194,5
53470,6
53471,6
53472,6
53473,6
53474,6
53475,6
53476,6
53477,6
53478,6
53479,6
53480,6
53481,6
56157,6
56158,6
56159,6
56160,6
53392,6
53393,6
56156,6
56161,6
56162,6
56163,6
56164,6
56165,6
56166,6
56167,6
56168,6
53788,319
53792,319
59153,7
59154,7
59155,7
59156,7
50224,9
50225,9
50226,9
50227,9
50284,9
50285,9
50286,9
50287,9
33815,635
32704,830
32699,699
26382,831
12087,154
11390,334
12086,65
11391,72
29774,707
29090,832
29080,708
29072,167
32664,73
25049,618
7112,354
6805,343
6804,360
7111,833
50577,10
50578,10
29739,12
29740,12
29741,12
29742,12
30112,12
30114,12
30118,12
30119,12
30120,12
30121,12
30122,12
30123,12
30124,12
30125,12
30126,12
31274,13
31277,13
31281,13
31404,13
31410,13
31411,13
31412,13
33527,13
33528,13
33529,13
33530,13
33531,13
33532,13
34282,13
34283,13
34712,13
35458,13
35462,13
35463,13
35464,13
35469,13
35471,13
40053,14
40064,14
53974,15
53975,15
53976,15
53977,15
54239,16
54240,16
52072,17
52844,17
53947,17
53950,17
47571,21
57345,556
47713,23
47714,23
47715,23
47716,23
57603,25
56277,26
56278,26
51597,27
56261,27
55171,28
55172,28
56267,29
56268,29
59433,29
59442,29
59443,29
59444,29
59445,29
55761,30
55762,30
55750,31
56286,186
56287,186
55654,32
55655,32
55614,33
52362,34
52363,34
52996,34
52997,34
52998,34
52999,34
52304,35
52995,35
56262,187
56265,371
56266,371
45123,36
45124,36
56255,36
56256,36
56257,36
56258,36
56259,36
56260,36
56263,188
56279,37
56282,37
56863,37
56864,37
56865,37
56866,37
56867,37
56283,38
56284,38
56293,456
56292,456
31890,39
56253,39
56254,39
32059,39
32994,39
39556,374
56150,190
56151,190
56152,190
56153,190
56154,190
56155,190
34973,457
56221,192
56222,192
56223,192
56224,192
56220,192
40105,375
51614,197
56298,82
50629,83
56300,83
50630,83
56299,83
50697,202
28916,40
28917,40
28918,40
30948,40
28886,40
56225,40
56226,40
56227,40
56228,40
56229,40
30404,205
51004,210
56147,383
33480,211
46318,87
46930,91
50907,216
39446,295
39447,295
58985,93
58394,41
56511,98
29721,388
30216,568
52706,42
52707,42
52708,42
52709,42
52710,42
52711,42
52712,42
52713,42
52760,42
54852,43
54853,43
54854,43
54855,43
54822,44
55200,45
55201,45
55202,45
55029,45
39533,227
52895,389
52896,389
48303,46
48304,46
48305,46
48306,46
48307,46
48308,46
56289,46
56290,46
56291,46
48251,46
48252,46
56288,46
46564,47
46565,47
46566,47
46567,47
46568,47
46569,47
56296,47
56297,47
56294,48
56295,48
56216,102
56217,102
56218,102
56219,102
56215,103
57243,49
57244,49
52432,50
53940,50
56305,54
56306,52
56307,53
56236,104
56231,51
56233,54
56232,53
56234,53
56235,53
56301,51
56302,229
19723,497
34258,577
56131,118
45665,88
34688,299
56148,383
56149,383
29156,118
29157,118
29158,118
56662,118
56663,118
56664,118
54088,130
21388,131
21389,131
21970,132
49854,132
56546,133
40684,55
56264,55
56273,473
56274,473
53073,589
31305,309
29566,135
32548,136
56246,138
56247,138
32219,140
21445,429
37613,431
57312,56
56239,760
56240,760
56241,760
56242,760
56243,760
56244,760
56245,760
55326,59
31798,60
31799,60
31800,60
51320,59
51321,59
48354,141
48355,141
48356,141
48357,141
38857,61
38858,61
38859,61
38860,61
39578,61
39579,61
46636,61
38699,61
57485,2
57486,2
57487,2
57488,2
57505,2
57506,2
57507,2
57508,2
57085,3
57086,3
57079,3
21858,60
22004,60
27800,434
27801,434
27802,434
27803,434
27381,4
54175,5
54176,5
54177,5
54178,5
57338,5
57339,5
57340,5
57341,5
57285,144
57290,144
57291,144
57292,144
53414,6
53415,6
53416,6
53417,6
53418,6
53419,6
53420,6
53421,6
53422,6
53423,6
53424,6
53425,6
53426,6
53427,6
53428,6
53429,6
53384,6
53385,6
34033,145
53772,319
53773,319
53774,319
53775,319
53863,762
21195,143
21198,143
21084,834
21085,834
21594,834
35381,143
28131,143
28132,143
28133,143
28290,145
59121,7
59122,7
59123,7
59124,7
20218,8
50196,9
50197,9
50198,9
50199,9
50200,9
50201,9
50202,9
50203,9
50204,9
50205,9
50229,9
50230,9
26381,700
16696,835
21468,836
16697,837
17439,838
21467,839
17440,840
17441,841
21466,842
17438,843
21469,844
7031,775
7030,845
22710,68
22713,438
11389,149
11388,671
7275,846
9210,146
7595,847
6782,167
7274,776
7278,635
7273,155
7085,327
7084,848
7279,849
7272,439
6784,67
7596,71
9209,336
7078,65
7079,72
18265,75
33811,73
22756,618
23574,850
18264,342
23573,80
23575,173
23576,175
6807,343
7286,785
7287,533
7285,550
7284,76
6806,554
34296,484
34284,851
19818,852
20637,853
19814,854
20636,855
50572,10
51970,10
51971,10
51972,10
34382,363
30113,12
31392,13
31393,13
31394,13
31395,13
31396,13
31397,13
31406,13
33509,13
33510,13
33511,13
33512,13
52835,17
52836,17
47559,21
26676,365
17794,764
47718,23
34383,184
57598,25
34186,26
34187,26
51576,27
55167,28
55179,28
31009,187
31018,188
30790,185
29212,29
29225,29
59380,29
59381,29
59382,29
59383,29
55777,30
55778,30
55746,31
30652,186
55632,32
55633,32
55610,33
52316,34
52317,34
52318,34
52319,34
52338,34
52339,34
53926,34
53927,34
52291,35
53923,35
32383,371
40623,36
40624,36
40625,36
40626,36
18937,37
21529,37
56816,37
56817,37
30861,38
32990,39
21674,856
22674,856
22366,192
22367,192
24433,192
24434,192
24435,192
24436,192
26509,192
26510,192
21800,192
24432,192
35025,857
52808,459
35042,858
47497,859
39221,860
17251,796
24510,796
49039,82
49051,83
50625,83
49052,83
50626,83
50703,202
50705,202
29273,40
29274,40
30944,40
30947,40
29262,40
51000,460
20432,383
20434,383
20797,383
20798,383
20412,383
33475,211
39468,816
50902,216
55917,384
55918,384
48062,95
48063,95
49938,96
50352,97
7363,861
7364,861
56496,98
23134,99
34488,388
34705,388
52690,42
52691,42
52692,42
52693,42
52694,42
52695,42
52696,42
52697,42
52756,42
54832,43
54833,43
54834,43
54835,43
54818,44
55044,45
55045,45
55046,45
55059,45
55060,45
55061,45
55024,45
55215,45
52907,389
52908,389
48267,46
48268,46
48269,46
48247,46
46546,47
46547,47
46548,47
46549,47
46530,48
48615,102
48616,102
48617,102
48618,102
48619,102
48620,102
48599,103
7223,228
57224,49
57333,49
52428,50
52134,106
52135,106
20578,229
7227,51
15391,463
17504,51
13617,574
9286,801
24807,51
25653,54
25654,54
25655,54
25661,54
24806,52
25656,53
15179,404
49848,118
20836,467
47548,862
48432,863
25591,272
31179,415
37513,471
37516,471
37531,417
37532,417
14739,404
14994,404
15183,404
25355,404
34490,404
34491,404
40138,118
40139,118
40140,118
49840,118
49843,118
49844,118
56677,118
56678,118
56679,118
56688,118
54084,130
49849,131
49852,132
56531,133
29582,55
33095,55
39343,473
39345,473
48102,134
51097,135
31911,815
35314,431
53896,56
22639,864
7392,865
7394,866
8541,57
35110,57
10742,57
10743,57
7393,867
31118,1
30565,1
55328,59
31796,60
31797,60
51336,59
51341,59
23831,4
23832,4
23830,317
23841,317
48363,141
48365,141
48366,141
48367,141
19438,824
38867,61
38868,61
38869,61
38870,61
39584,61
39585,61
39586,61
39587,61
46638,61
38702,61
10372,2
10373,2
10374,2
10375,2
57493,2
57494,2
57495,2
57496,2
21861,60
22007,60
45326,142
45327,142
45328,142
27812,434
27813,434
27814,434
27815,434
7323,692
27384,4
22785,868
22784,868
22783,869
54183,5
54184,5
54185,5
54186,5
58225,5
58226,5
17847,868
17206,1
17208,1
17212,868
22787,868
22788,868
53442,6
53443,6
53444,6
53445,6
53446,6
53447,6
53448,6
53449,6
53450,6
53451,6
53452,6
53453,6
53454,6
53455,6
53456,6
53457,6
53388,6
53389,6
53784,319
53785,319
53786,319
53787,319
53868,535
35382,143
28134,143
28143,143
28144,143
28145,143
28146,143
28109,145
59129,7
59130,7
59131,7
59132,7
20568,8
50216,9
50217,9
50218,9
50219,9
50220,9
50221,9
50222,9
50223,9
20523,9
20524,9
20525,9
20526,9
20527,9
20528,9
20529,9
21513,9
29432,636
26570,773
26384,831
17716,830
16701,839
17715,870
17445,871
17991,872
17444,873
17990,874
16700,875
7858,876
7863,637
7862,151
10956,702
10955,167
7859,877
16898,327
16899,438
7065,878
7865,422
7050,879
7868,321
7063,880
7070,149
7053,326
7082,68
7864,153
7088,154
7061,155
7071,848
7062,67
7601,71
7060,881
7867,703
7064,330
7602,336
7068,882
7069,883
7869,69
7083,180
7866,65
23556,884
29772,707
29773,707
29075,708
29077,604
29078,604
29079,885
33813,73
27889,618
25758,850
25759,886
16349,887
16343,350
16348,710
16342,711
16918,715
16919,346
5480,340
5481,617
7096,715
18270,512
18271,888
23555,79
7106,889
7105,351
8039,420
7103,421
7114,545
8040,171
7113,356
7108,172
7387,174
7107,175
7097,359
7305,76
7101,451
7102,554
7104,78
7098,890
29771,343
20641,891
19819,892
20640,893
19762,852
19815,894
19766,853
50575,10
50576,10
50610,10
50611,10
51975,10
22535,363
32236,11
29743,12
29744,12
29745,12
29746,12
29747,12
29748,12
29749,12
29750,12
30115,12
30116,12
30117,12
31283,13
31284,13
31285,13
31286,13
31287,13
31288,13
31415,13
31416,13
31417,13
31418,13
31419,13
31420,13
31421,13
31446,13
31447,13
33525,13
33526,13
39650,14
39652,14
39653,14
39654,14
39655,14
39656,14
39657,14
39658,14
39659,14
39660,14
53968,15
53969,15
53970,15
53971,15
53972,15
53973,15
56423,16
56424,16
50748,81
50749,81
50750,81
52839,17
52840,17
56359,17
56360,17
56361,17
56362,17
12740,364
12257,895
59589,19
11510,896
22571,20
47562,21
52034,22
17889,897
17807,898
26320,899
26321,899
23410,366
26625,366
26631,366
26632,366
13362,900
57588,25
34194,26
34195,26
51579,27
51590,27
55169,28
26748,185
59388,29
59389,29
59390,29
59391,29
55779,30
55780,30
55748,31
30654,186
31201,186
55634,32
55635,32
55612,33
52324,34
52325,34
52326,34
52327,34
53928,34
53929,34
53930,34
53931,34
52293,35
53924,35
26415,187
32391,371
32392,371
40631,36
40632,36
45647,36
45648,36
26430,188
14474,37
36532,37
56821,37
56822,37
30864,38
27152,456
28693,39
28695,39
32993,39
58204,901
58205,902
30040,787
30041,787
26604,457
20295,192
20296,192
20297,192
20298,192
24366,192
24367,192
26511,192
26512,192
20382,192
47904,376
57346,379
57347,379
57348,379
57349,379
14393,903
17254,796
49041,82
48961,83
49056,83
48993,83
49057,83
28912,40
28913,40
28914,40
28915,40
28885,40
36920,203
26457,85
51002,460
20444,383
20446,383
20415,383
33478,211
39470,816
7089,91
50922,87
56100,91
50905,88
51603,219
55921,384
55922,384
58978,93
58979,93
47971,95
47972,95
31144,224
58377,41
32291,96
13301,799
13302,799
56498,98
36349,388
21431,99
52630,42
52631,42
52632,42
52633,42
52634,42
52635,42
52636,42
52637,42
52758,42
54842,43
54843,43
54844,43
54845,43
54846,43
54847,43
54820,44
55053,45
55054,45
55055,45
55203,45
55204,45
55205,45
55027,45
55216,45
39531,227
48273,46
48274,46
48275,46
48249,46
46554,47
46555,47
46556,47
46557,47
46558,47
46559,47
46532,48
48629,102
48630,102
48631,102
48632,102
48601,103
57226,49
59209,49
52430,50
53939,50
52138,106
52139,106
15732,525
6962,52
6961,51
13439,904
19439,52
13002,905
13620,728
9288,801
13818,51
18852,208
38659,271
38660,271
24263,731
12655,238
38658,238
17555,906
56466,118
27441,907
23072,467
23955,908
23963,909
21384,405
45664,294
48435,295
19938,910
38653,748
25991,415
18853,208
18854,208
18855,208
18856,208
18857,208
18858,208
18859,208
18860,208
18861,208
18862,208
29113,472
29114,472
29115,417
29334,118
29335,118
29337,118
29338,118
56630,118
56631,118
56632,118
56633,118
54086,130
21460,911
19933,912
47448,131
28788,132
56533,133
29585,55
32485,134
31304,135
11763,312
31914,815
53897,56
10748,57
10749,57
10750,57
10751,57
35108,913
