machine_code,company_id
30568,1
57501,1
57502,1
57503,1
57504,1
57087,1
57088,1
57089,1
57090,1
57080,1
30334,1
52931,1
52932,1
52933,1
52934,1
53482,1
53483,1
53484,1
53485,1
53486,1
53487,1
53488,1
53489,1
53490,1
53491,1
53492,1
53493,1
53394,1
53395,1
59133,1
59134,1
59135,1
59136,1
7680,1
50228,1
50231,1
50581,1
50582,1
50583,1
50584,1
51976,1
51977,1
30329,1
29918,1
29919,1
29920,1
29921,1
29922,1
29923,1
29924,1
29925,1
29926,1
29927,1
29928,1
29929,1
29930,1
29931,1
29932,1
29933,1
29934,1
29935,1
29936,1
29937,1
30134,1
30135,1
31279,1
31407,1
31434,1
31435,1
33533,1
33534,1
39635,1
39636,1
39637,1
39638,1
39639,1
39640,1
57979,1
57980,1
57981,1
57982,1
57983,1
57984,1
54241,1
54242,1
54468,1
54469,1
56427,1
56428,1
52845,1
52846,1
52847,1
52848,1
52866,1
53054,1
53957,1
56369,1
56370,1
56371,1
56372,1
56373,1
56374,1
59775,1
59776,1
59599,1
30731,1
30733,1
47574,1
52038,1
47723,1
47724,1
59169,1
59170,1
59171,1
59172,1
57590,1
34208,1
51584,1
55173,1
59396,1
59397,1
59398,1
59399,1
55763,1
55764,1
55765,1
55766,1
55751,1
55656,1
55657,1
55615,1
52341,1
52343,1
53932,1
53933,1
52298,1
53925,1
40639,1
40640,1
40641,1
40642,1
56826,1
56827,1
56828,1
30867,1
28691,1
28698,1
30340,1
30418,1
32995,1
30336,1
30337,1
30338,1
30339,1
30335,1
58379,5
52714,1
52715,1
52716,1
52717,1
52749,1
52750,1
52761,1
54856,1
54857,1
54858,1
54859,1
54823,1
55065,1
55066,1
55067,1
55031,1
48309,1
48310,1
48311,1
48254,1
46606,1
46607,1
46534,1
57228,1
59211,1
52433,1
13438,1
22675,1
34601,1
6963,1
25659,1
30395,1
53907,1
12189,1
10746,1
17397,1
22850,1
22851,1
22852,1
55343,1
31817,1
31823,1
38909,4
38912,4
39580,1
39581,1
46648,1
38735,1
57477,1
57478,1
57479,1
57480,1
49378,1
49379,1
54211,1
54212,1
54213,1
54214,1
53578,1
53579,1
53580,1
53581,1
53582,1
53583,1
53915,1
53916,1
53917,1
53918,1
53919,1
53920,1
53408,1
53914,1
59113,1
59114,1
59115,1
59116,1
49400,1
50292,1
50293,1
50294,1
50295,1
49324,1
49327,1
49326,1
49328,1
10952,1
10951,1
7846,1
7847,1
49329,1
23559,1
23560,1
49344,1
49343,1
49348,1
49349,1
49347,1
49350,1
7099,1
7100,1
50618,1
50619,1
50620,1
39679,1
39680,1
39681,1
40039,1
40045,1
40047,1
40050,1
40069,1
40071,1
49630,1
49631,1
49632,1
49633,1
49634,1
49635,1
49636,1
49637,1
49638,1
49639,1
49640,1
49641,1
49642,1
49643,1
49644,1
49645,1
49646,1
49647,1
49648,1
49649,1
57988,1
57989,1
57990,1
57991,1
57992,1
57993,1
54361,1
54362,1
54365,1
54366,1
56437,1
56438,1
49650,1
49651,1
49652,1
49653,1
49654,1
50806,1
50807,1
52871,1
52872,1
56407,1
56408,1
56415,1
56416,1
56417,1
56418,1
59602,1
49493,1
49494,1
47598,1
47599,1
52054,1
59207,1
59208,1
57601,1
59438,1
59439,1
55646,1
55647,1
55630,1
52396,1
52397,1
52314,1
40643,1
40644,1
56859,1
56860,1
28697,1
36581,4
49470,1
49048,1
48988,2
49070,1
48987,2
49071,1
49506,1
49507,1
49508,1
49509,1
49510,1
49511,1
49512,1
26458,1
37536,4
50928,1
54067,1
50917,1
49413,1
49341,1
46786,1
58984,5
51879,5
49537,5
49538,5
54026,5
58392,5
49530,5
49531,5
50359,1
56507,1
49459,1
49460,1
49461,1
52752,1
52753,1
52754,1
52755,1
52773,1
54888,1
54889,1
54890,1
54891,1
54830,1
50386,1
50387,1
50383,1
48637,1
48638,1
48639,1
48640,1
48603,1
49317,1
57241,1
52445,1
49319,1
52164,1
52165,1
49320,1
49316,5
49415,1
49416,1
49417,1
49406,1
49732,1
49418,1
49419,1
49424,1
49425,1
49422,1
49423,1
49407,1
49429,1
56473,1
49440,1
49441,1
49405,1
49412,1
49446,1
49404,1
49410,1
49453,1
49454,1
49457,1
49411,1
49430,1
49431,1
49432,1
49433,1
49434,1
49435,1
49436,1
49437,1
29324,1
29325,1
29326,1
56657,1
56658,1
56659,1
49444,1
54099,1
49450,1
49451,1
56542,1
29584,1
29586,1
49532,5
51102,1
51623,1
56002,1
49293,1
49294,1
49295,1
49296,1
49297,1
31818,1
31824,1
48422,1
48425,1
38883,1
38884,1
46430,1
46431,1
46791,1
46429,1
57537,1
57538,1
57539,1
57540,1
25816,1
25817,1
46793,1
46792,1
45363,1
45379,1
45421,4
47464,1
46114,2
46115,2
57281,1
57282,1
57283,1
57284,1
57289,5
57302,5
57303,5
57304,5
53590,1
53591,1
53592,1
53593,1
53594,1
53595,1
53596,1
53597,1
53598,1
53599,1
53600,1
53601,1
53602,1
53603,1
53604,1
53605,1
53410,1
53411,1
39960,1
47177,1
47179,1
59149,1
59150,1
59151,1
59152,1
46858,1
50288,1
50289,1
50290,1
50291,1
46853,1
46855,1
46949,1
46944,1
46942,1
46935,1
46946,1
46940,1
46888,1
46925,1
46932,1
46923,1
46941,1
46920,1
46922,1
46910,1
46903,1
46900,1
46947,1
46924,1
46948,1
46933,1
46928,1
46936,1
46915,1
46934,1
46885,1
46876,1
46913,1
46881,1
46882,1
46917,1
46891,1
46899,1
46897,1
46926,1
46893,1
46914,1
46889,1
46908,1
46916,1
46904,1
46890,1
46905,1
46895,1
46896,1
55807,1
50614,1
50615,1
50616,1
50617,1
39641,1
39642,1
39644,1
40072,1
40073,1
46685,1
46686,1
46687,1
46688,1
46689,1
46690,1
46691,1
46692,1
46693,1
46694,1
46695,1
46696,1
46697,1
46698,1
46699,1
46700,1
46701,1
46702,1
46703,1
46704,1
46705,1
46706,1
46707,1
46708,1
46709,1
47415,1
47416,1
47417,1
47418,1
47419,1
47420,1
47421,1
47422,1
47423,1
47424,1
47425,1
47426,1
47427,1
47428,1
47429,1
47430,1
47431,1
47432,1
47433,1
47434,1
47435,1
47436,1
47437,1
47438,1
47439,1
47440,1
47441,1
47442,1
47443,1
47444,1
57582,1
57583,1
57584,1
57585,1
57586,1
57985,1
57986,1
57987,1
54253,1
54254,1
54255,1
54256,1
54355,1
54356,1
56435,1
56436,1
49683,1
49684,1
49685,1
49686,1
49687,1
50801,1
50802,1
50803,1
50804,1
50805,1
52073,1
52074,1
52075,1
52843,1
52869,1
52870,1
53041,1
53042,1
53055,1
53056,1
53948,1
53949,1
53951,1
53959,1
53961,1
53962,1
56411,1
56412,1
56413,1
56414,1
59600,1
59601,1
46750,1
46751,1
46754,1
46755,1
47258,1
47616,1
52052,1
52053,1
35674,4
59201,1
59202,1
59203,1
59204,1
59205,1
59206,1
57600,1
46771,1
46772,1
51598,1
55185,1
46797,1
59434,1
59435,1
59436,1
59437,1
55996,1
55997,1
55995,1
46782,1
55671,1
55672,1
55629,1
52390,1
52391,1
52392,1
52394,1
52395,1
53936,1
52312,1
52313,1
46780,1
49144,1
49145,1
51027,1
46432,1
46433,1
46779,1
56852,1
56856,1
56857,1
56858,1
46796,1
32663,1
46839,1
46840,1
46841,1
46842,1
46843,1
46774,1
47198,5
47199,5
47200,5
47202,5
47204,5
40163,1
46813,1
46814,1
46815,1
46816,1
46822,1
53877,1
58295,1
56700,1
49756,1
51616,1
58582,5
50647,1
55244,1
58823,1
49050,1
49015,2
49074,1
49016,2
49075,1
32659,1
32660,1
50710,1
46859,1
46860,1
46861,1
46862,1
46863,1
47229,5
46756,1
47160,1
47159,1
47105,1
47111,1
47112,1
47113,1
47114,1
47115,1
47116,1
47117,1
47118,1
47119,1
47120,1
47156,1
51008,1
47157,1
47195,2
55233,2
57580,1
47558,1
47191,1
47192,1
47193,1
47194,1
50927,1
46898,1
54066,1
56101,1
50916,1
50915,1
52008,1
51609,1
39438,1
39439,1
39442,1
39443,1
46789,1
50717,1
47109,1
47771,5
53014,5
53015,5
51823,5
48029,5
48030,5
48031,5
49216,5
46769,1
46768,1
47218,5
47219,5
47220,5
58390,5
58391,5
47210,5
47211,5
47462,1
47463,1
50358,1
56509,1
52742,1
52744,1
52746,1
52747,1
52748,1
52751,1
52772,1
53006,1
54814,1
54815,1
54816,1
54817,1
54799,1
55095,1
55096,1
55214,1
55041,1
46844,1
46602,1
46603,1
46616,1
46617,1
46618,1
46619,1
46620,1
46621,1
46545,1
48691,1
48692,1
48693,1
48694,1
48695,1
48696,1
48697,1
48698,1
48614,1
47414,1
57239,1
57240,1
52444,1
47172,1
47173,1
52162,1
52163,1
47167,1
47171,1
47170,1
47168,1
47265,5
47166,1
46838,1
47110,1
46757,1
49731,1
47408,1
47406,1
47407,1
46964,1
46962,1
46959,1
47158,1
47106,1
46984,1
46985,1
46983,1
46981,1
46977,1
46978,1
46982,1
46979,1
46980,1
47031,1
47039,1
47038,1
47027,1
47026,1
47028,1
47029,1
47030,1
47042,1
47032,1
47033,1
47034,1
47035,1
47036,1
47043,1
47044,1
47040,1
47046,1
47047,1
47045,1
47048,1
47081,1
47085,1
47087,1
47090,1
46996,1
46999,1
47001,1
47003,1
47004,1
47078,1
47079,1
47080,1
47082,1
47083,1
47084,1
47023,1
47024,1
47067,1
47071,1
47072,1
47073,1
47070,1
47015,1
47008,1
47012,1
47011,1
47059,1
47009,1
47060,1
47014,1
47013,1
47016,1
46956,1
46958,1
46957,1
46987,1
46986,1
47077,1
46994,1
46993,1
47147,1
56475,1
47121,1
47483,1
46968,1
48448,1
48447,1
46971,1
46972,1
46973,1
46974,1
46975,1
46976,1
46969,1
46970,1
46955,1
46965,1
46967,1
47053,1
47054,1
47094,1
47095,1
47098,1
47103,1
57382,1
38321,4
38322,4
47148,1
47149,1
47150,1
47151,1
47152,1
47153,1
47154,1
47155,1
47124,1
47125,1
47126,1
47127,1
56665,1
56666,1
56667,1
56668,1
56669,1
56670,1
56671,1
56672,1
56673,1
56674,1
56675,1
56676,1
54098,1
46953,1
16165,1
17526,1
47451,1
47452,1
47453,1
47454,1
48817,1
47181,2
56544,1
47163,1
47164,1
47230,5
55846,1
47206,5
46760,1
56454,1
47162,1
47180,1
47459,1
47175,1
47244,1
47245,1
47246,1
47247,1
47248,1
47249,1
47250,1
47251,1
47252,1
47253,1
48834,1
48835,1
53906,1
56251,1
56252,1
55334,1
37862,4
37864,4
45608,4
51396,1
51397,1
48390,1
48391,1
48392,1
48393,1
38279,4
38280,4
37948,4
37949,4
37950,4
37951,4
38873,1
38874,1
38893,4
38894,4
38895,4
38896,4
39598,4
39599,4
46643,1
38731,2
57509,1
57510,1
57511,1
57512,1
38055,4
38056,4
38057,4
57091,1
57092,1
57081,1
38167,4
38191,4
38281,4
54199,1
54200,1
54201,1
54202,1
57654,1
57655,1
53522,1
53523,1
53524,1
53525,1
53526,1
53527,1
53528,1
53529,1
53530,1
53531,1
53532,1
53533,1
53586,1
53587,1
53588,1
53589,1
53400,1
53401,1
53800,1
53801,1
53802,1
53803,1
53804,1
53805,1
53806,1
53807,1
35384,4
37579,4
37583,4
37584,4
37595,4
59141,1
59142,1
59143,1
59144,1
37633,4
50260,1
50261,1
50262,1
50263,1
50264,1
50265,1
37636,4
37637,4
37638,4
37641,4
35863,4
35372,4
35858,4
35857,4
35864,4
35371,4
35734,4
35425,4
35603,4
35913,4
35884,4
35854,4
35731,4
46878,1
46886,1
46907,1
46883,1
46879,1
46892,1
46901,1
46919,1
46887,1
46880,1
46912,1
46902,1
46937,1
46906,1
35600,4
35601,4
35724,4
35723,4
35737,4
46873,1
36445,4
36017,4
36113,4
36110,4
36112,4
36018,4
36447,4
36176,4
36172,4
36173,4
36174,4
46909,1
55803,1
35989,4
37173,4
36162,4
36376,4
37255,4
37283,4
36101,4
36087,4
36049,4
36317,4
36042,4
37182,4
36321,4
37286,4
35979,4
36434,4
37246,4
36041,4
35993,4
36392,4
36330,4
37480,4
37271,4
36099,4
36100,4
36056,4
50591,1
50592,1
50593,1
50612,1
35358,4
35359,4
35427,4
35428,4
35429,4
35430,4
35431,4
35432,4
35433,4
35434,4
35435,4
35436,4
35437,4
35438,4
35439,4
35440,4
35441,4
35442,4
35444,4
35445,4
35446,4
35447,4
35449,4
35450,4
35451,4
35452,4
35453,4
35454,4
35455,4
35456,4
35511,4
35512,4
35513,4
35514,4
35515,4
35516,4
35517,4
35518,4
35519,4
35520,4
35521,4
35522,4
35523,4
35524,4
35525,4
35526,4
35528,4
35529,4
35530,4
35531,4
35533,4
35534,4
35535,4
35536,4
35537,4
35538,4
35539,4
35540,4
35541,4
35542,4
35543,4
35544,4
35545,4
35546,4
35547,4
35548,4
35549,4
35550,4
35551,4
35552,4
35553,4
35554,4
35555,4
35556,4
35557,4
35558,4
39643,1
39648,1
39668,1
56429,1
56430,1
50790,1
50791,1
50792,1
50793,1
52853,1
52854,1
53043,1
53044,1
56379,1
56380,1
56381,1
56382,1
35680,4
35681,4
59592,1
35865,4
35867,4
35869,4
35870,4
35872,4
47577,1
47579,1
47581,1
52040,1
35906,4
35938,4
35939,4
35998,4
35999,4
36000,4
36001,4
49500,1
47721,1
47722,1
47729,1
47730,1
47731,1
47732,1
49501,1
36024,4
35673,4
57592,1
36401,4
36402,4
51582,1
51587,1
55176,1
36528,4
36454,4
36461,4
36482,4
59408,1
59409,1
59410,1
59411,1
59430,1
59431,1
55767,1
55768,1
55752,1
35181,4
35182,4
35183,4
35184,4
55660,1
55661,1
55662,1
55618,1
55619,1
52352,1
52353,1
52354,1
52355,1
52356,1
52357,1
52301,1
52302,1
36512,4
36513,4
40655,4
40656,4
40657,4
40658,4
36536,4
36537,4
56834,1
56835,1
56836,1
30346,1
36553,4
36593,4
36594,4
36595,4
36596,4
36597,4
36599,4
51627,2
34931,4
34932,4
34923,4
34924,4
39555,1
34990,4
34991,4
34994,4
34995,4
34996,4
34997,4
34987,4
40106,4
47905,1
49114,1
53910,1
57354,1
57355,1
57356,1
57357,1
35094,4
35099,4
49044,1
48975,2
49062,1
48977,2
49063,1
50701,1
50702,1
36259,4
36260,4
36261,4
36262,4
36253,4
36947,5
36381,4
37424,4
37427,4
48805,1
36150,4
36151,4
36149,4
33477,1
55294,1
37449,4
57576,1
47556,1
47187,1
47188,1
46321,4
54062,1
50911,1
50914,1
54045,1
35648,4
52003,1
51604,1
39454,4
39455,4
49085,1
55955,5
55956,5
58982,5
34855,5
34858,5
53010,5
51819,5
48013,5
48014,5
48015,5
58382,5
34909,5
34910,5
47461,1
36329,4
56502,1
36341,4
36342,4
36343,4
36344,4
36345,4
36347,4
52718,1
52719,1
52720,1
52721,1
52722,1
52723,1
52724,1
52725,1
52764,1
54800,1
54801,1
54802,1
54803,1
54804,1
54805,1
54878,1
54879,1
54797,1
55074,1
55075,1
55076,1
55209,1
55210,1
55211,1
55034,1
55218,1
39536,4
52903,1
52904,1
48312,1
48313,1
48314,1
48257,1
46580,1
46581,1
46582,1
46583,1
46537,1
48649,1
48650,1
48651,1
48652,1
48653,1
48654,1
48606,1
36052,4
57231,1
57336,1
52436,1
53941,1
36140,4
36144,4
36143,4
36141,4
36137,4
36138,4
36142,4
36145,4
36146,4
36147,4
36084,4
52148,1
52149,1
36074,4
36853,4
37511,4
36739,4
36740,4
37344,4
37345,4
36788,4
36789,4
37542,4
37543,4
38657,4
36826,4
36827,4
36824,4
36825,4
36829,4
36770,4
37169,4
36858,4
36859,4
36860,4
36771,4
37355,4
37554,4
37555,4
37556,4
37557,4
37176,4
37179,4
37170,4
37171,4
37476,4
36621,4
36622,4
37330,4
37313,4
37315,4
37262,4
37263,4
37467,4
38639,4
38638,4
35002,4
47062,1
47069,1
36277,4
36275,4
36718,4
56469,1
36746,4
36752,4
36757,4
36833,4
45671,4
48438,1
36783,4
36821,4
37208,4
36652,4
36640,4
36641,4
37224,4
37226,4
37227,4
37217,4
37219,4
37225,4
37195,4
37196,4
37466,4
36772,4
47049,1
47051,1
37281,4
37307,4
36781,4
36666,4
36776,4
36780,4
36782,4
36800,4
36801,4
36862,4
36863,4
36864,4
36779,4
36861,4
36865,4
38480,1
37499,4
37502,4
37503,4
37504,4
37505,4
37506,4
37507,4
37508,4
37509,4
37510,4
35911,4
37530,4
36729,4
36730,4
36731,4
58068,4
58069,4
58070,4
58071,4
58072,4
36674,4
36675,4
36676,4
36677,4
36678,4
36679,4
36713,4
36714,4
36715,4
36716,4
29327,1
36709,4
36710,4
36711,4
36712,4
56641,1
56642,1
56643,1
56644,1
56660,1
56661,1
56687,1
36753,4
36754,4
36417,4
36013,4
36015,4
36175,4
36111,4
54091,1
36367,4
37183,4
36300,4
35949,4
35738,4
35739,4
35735,4
35721,4
35934,4
35339,4
35877,4
35951,4
37238,4
47449,1
47450,1
37239,4
35295,4
35732,4
35733,4
56537,1
35205,4
35209,5
35104,4
47458,1
37926,4
21444,1
35156,4
35157,4
35158,4
35159,4
35224,4
53902,1
35167,4
35169,4
35170,4
35171,4
35172,4
37792,4
37793,4
38918,1
38919,1
45603,1
48382,1
48383,1
48384,1
48385,1
38287,4
38288,4
38084,1
38085,1
37957,4
37958,4
38885,4
38886,4
38887,4
38888,4
46641,1
38729,2
57453,1
57454,1
57455,1
57456,1
57457,1
57458,1
57459,1
57460,1
25815,1
25818,1
38121,4
38182,4
38130,4
45386,4
45387,4
45388,4
45389,4
45391,4
38209,4
38210,4
38211,4
30912,1
37666,4
37668,4
38188,4
52935,1
52936,1
52937,1
52938,1
37797,4
37798,4
37799,4
37800,4
53494,1
53495,1
53496,1
53497,1
53498,1
53499,1
53500,1
53501,1
53502,1
53503,1
53504,1
53505,1
53506,1
53507,1
53508,1
53509,1
53396,1
53397,1
53826,1
53827,1
53828,1
53829,1
21210,1
37569,4
37570,4
37571,4
37572,4
59089,1
59090,1
59091,1
59092,1
37421,4
50246,1
50247,1
50248,1
50249,1
50250,1
50251,1
50252,1
50253,1
20512,1
20513,1
20514,1
20515,1
37626,4
37627,4
37628,4
37959,4
35416,4
35966,4
35725,4
35824,4
37971,4
37965,4
35841,4
37966,4
35907,4
35388,4
35362,4
37964,4
37954,4
35878,4
35726,4
38632,4
38633,4
22743,1
22806,1
55801,1
36086,4
37268,4
37180,4
36431,4
36430,4
36324,4
37181,4
36418,4
37270,4
36366,4
36296,4
36315,4
37477,4
36307,4
37252,4
50588,1
50589,1
35604,4
35605,4
35606,4
35607,4
35608,4
35609,4
35610,4
35611,4
35612,4
35613,4
50960,1
50961,1
50962,1
50963,1
50964,1
50965,1
50966,1
50967,1
50968,1
50969,1
50970,1
50971,1
50972,1
50973,1
50974,1
50975,1
50976,1
50977,1
50978,1
50979,1
54470,1
54471,1
52849,1
52850,1
56375,1
56376,1
56377,1
56378,1
35844,4
39938,1
52039,1
39950,1
35915,4
35916,4
39723,1
39725,1
32881,1
32882,1
35973,4
39726,1
47725,1
47726,1
36019,4
36023,4
57591,1
36393,4
36394,4
36395,4
36396,4
51585,1
55174,1
55186,1
36457,4
36465,4
36477,4
36496,4
59400,1
59401,1
59402,1
59403,1
56702,1
56703,1
56704,1
56705,1
56701,1
35173,4
35174,4
35175,4
35176,4
55636,1
55637,1
55616,1
52344,1
52345,1
52346,1
52347,1
52991,1
52992,1
52993,1
52994,1
52299,1
52990,1
36510,4
36511,4
40651,4
40652,4
45652,4
45653,4
51026,1
56829,1
56830,1
56831,1
36561,4
36580,4
35287,4
35288,4
36582,4
36600,4
39557,4
34965,4
46845,1
46817,1
46818,1
46819,1
46820,1
46821,1
57557,1
52809,1
58579,5
50644,1
55242,1
51021,1
49003,2
49968,1
49005,2
49969,1
50699,1
50700,1
36257,4
36258,4
36252,4
51016,1
51017,1
36948,5
35830,1
51005,1
48807,1
46320,4
56036,1
50908,1
50909,1
39444,1
39445,1
37461,1
37463,1
37464,1
50715,1
58981,5
48075,5
48076,5
54024,5
58380,5
49945,5
50354,1
56500,1
33785,1
36338,4
36339,4
39727,1
52644,1
52645,1
52646,1
52647,1
52648,1
52649,1
52650,1
52651,1
52762,1
54860,1
54861,1
54862,1
54863,1
54824,1
55068,1
55069,1
55070,1
55206,1
55207,1
55208,1
55032,1
55217,1
52899,1
52900,1
48279,1
48280,1
48281,1
49746,1
49747,1
49748,1
48255,1
49745,1
46572,1
46573,1
46574,1
46575,1
51022,1
51023,1
51024,1
51025,1
46535,1
48641,1
48642,1
48643,1
48644,1
48604,1
36051,4
57229,1
57335,1
52434,1
36213,4
36210,4
36212,4
36211,4
40001,1
52144,1
52145,1
37192,4
39858,1
35965,4
36287,4
36620,4
37329,4
37312,4
37261,4
37471,4
47037,1
47041,1
46995,1
47005,1
47066,1
47068,1
36671,4
49817,1
56468,1
37391,4
45669,4
39916,1
39928,1
39917,1
36648,4
36649,4
47097,1
36664,4
36665,4
37178,4
57379,1
37515,4
37522,4
30540,1
37528,4
36690,4
36693,4
36695,4
37386,4
37387,4
49818,1
49819,1
49820,1
49821,1
49823,1
49824,1
49825,1
49826,1
56680,1
56681,1
56682,1
56683,1
54089,1
54096,1
49850,1
49853,1
56535,1
35203,4
39365,4
48103,5
51099,1
47176,1
35116,4
35117,4
35118,4
35160,4
35161,4
48404,1
48406,1
38907,4
38908,4
39596,4
39597,4
46647,1
39577,4
57525,1
57526,1
57527,1
57528,1
57529,1
57530,1
57531,1
57532,1
38136,4
57273,1
57274,1
57275,1
57276,1
57288,5
57299,5
57300,5
57301,5
53562,1
53563,1
53564,1
53565,1
53566,1
53567,1
53568,1
53569,1
53570,1
53571,1
53572,1
53573,1
53406,1
53407,1
59101,1
59102,1
59103,1
59104,1
38335,5
38329,5
38333,5
38330,5
38331,5
38332,5
38334,5
38336,5
35876,4
35957,4
35894,4
35883,4
35678,4
35828,4
35423,4
35394,4
38325,5
38328,5
38326,5
38327,5
38323,5
38324,5
55805,1
36097,4
37259,4
36373,4
36436,4
37285,4
35996,4
50604,1
50605,1
50606,1
50607,1
35367,4
35368,4
35396,4
35397,4
35398,4
35399,4
35400,4
35401,4
35402,4
35403,4
35404,4
35405,4
35406,4
35407,4
35408,4
35409,4
35410,4
35411,4
35412,4
35413,4
31438,1
31439,1
31440,1
31441,1
31442,1
31443,1
31444,1
31445,1
35594,4
35595,4
35596,4
35597,4
35598,4
35599,4
36115,4
36116,4
36117,4
36129,4
36130,4
36132,4
36178,4
36179,4
36875,4
39645,1
39646,1
47546,1
47547,1
54249,1
54250,1
54251,1
54252,1
54478,1
54479,1
50779,1
50780,1
50781,1
50782,1
52066,1
52067,1
52861,1
52862,1
53049,1
53050,1
53955,1
53956,1
56393,1
56394,1
56395,1
56396,1
56397,1
56398,1
56399,1
56400,1
56409,1
56410,1
35696,4
35697,4
35699,4
35700,4
35701,4
35702,4
35703,4
35704,4
35705,4
35706,4
35707,4
35708,4
35709,4
35710,4
35711,4
35712,4
35713,4
35714,4
35715,4
35716,4
35717,4
35718,4
35814,4
35815,4
35816,4
59597,1
35873,4
47596,1
52046,1
52047,1
35664,4
47727,1
47728,1
35675,4
59193,1
59194,1
59195,1
59196,1
59197,1
59198,1
57596,1
36411,4
36414,4
51592,1
55181,1
36456,4
36463,4
36491,4
39259,2
59422,1
59423,1
59424,1
59425,1
55773,1
55774,1
55775,1
55776,1
55755,1
35195,4
35198,4
55668,1
55669,1
55670,1
55624,1
55625,1
52374,1
52375,1
52376,1
52377,1
52308,1
36525,4
40671,4
40672,4
40673,4
40674,4
36538,4
56846,1
56847,1
56848,1
27424,1
36558,4
36601,4
36603,4
36604,4
36605,4
34967,4
58294,1
56699,1
52810,1
51615,1
58581,5
50646,1
55243,1
53909,1
58822,1
51630,1
51631,1
51629,1
37426,4
37538,4
37451,4
50926,1
45676,4
48443,1
55959,5
55960,5
58983,5
51821,5
48022,5
48023,5
48024,5
58385,5
49946,5
36360,4
36361,4
36362,4
52668,1
52669,1
52670,1
52671,1
52672,1
52673,1
52768,1
55086,1
55087,1
55088,1
55097,1
55212,1
55213,1
55038,1
55219,1
39540,4
48318,1
48319,1
48320,1
48261,1
46596,1
46597,1
46598,1
46599,1
46541,1
48671,1
48672,1
48673,1
48674,1
48610,1
57235,1
59213,1
52440,1
34702,4
38397,4
38398,4
52154,1
52155,1
36098,4
36856,4
37548,4
37552,4
37339,4
37327,4
36630,4
36749,4
36836,4
36847,4
36803,4
36851,4
37251,4
37293,4
57380,1
37512,4
37534,4
54094,1
35207,4
39381,4
33419,5
33753,4
35142,4
35143,4
35144,4
35145,4
35146,4
35147,4
35148,4
35223,4
53899,1
37788,4
37790,4
31810,1
38916,1
37795,4
38285,4
48388,1
48389,1
37946,4
38889,4
38890,4
38891,4
38892,4
39776,4
39777,4
46642,1
38730,2
38036,4
38037,4
38038,4
38039,4
57461,1
57462,1
57463,1
57464,1
38164,4
38132,4
38120,4
38286,4
38290,4
37671,4
38137,4
38139,4
54195,1
54196,1
54197,1
54198,1
57653,1
58227,1
53510,1
53511,1
53512,1
53513,1
53514,1
53515,1
53516,1
53517,1
53518,1
53519,1
53520,1
53521,1
53398,1
53399,1
53832,1
53833,1
53871,1
54484,1
54485,1
21595,1
35385,4
37576,4
37577,4
37580,4
59137,1
59138,1
59139,1
59140,1
37649,4
50258,1
50259,1
37650,4
37651,4
37652,4
37653,4
37654,4
37655,4
35829,4
35910,4
35642,4
35602,4
35424,4
35879,4
35727,4
35853,4
35389,4
35666,4
35967,4
55802,1
37240,4
37710,4
37711,4
36316,4
37253,4
37701,4
37280,4
37254,4
36055,4
36375,4
37282,4
36433,4
36064,4
37475,4
37211,4
50590,1
51978,1
51979,1
51980,1
35349,4
32237,1
30127,1
31436,1
31437,1
36152,4
36153,4
36154,4
36155,4
36156,4
36157,4
36158,4
36159,4
36160,4
36180,4
54472,1
54473,1
52851,1
52852,1
53952,1
47576,1
47717,1
36398,4
51583,1
51586,1
55175,1
36453,4
36460,4
36480,4
36497,4
59404,1
59405,1
59406,1
59407,1
56707,1
56708,1
56706,1
35180,4
55658,1
55659,1
55617,1
52348,1
52349,1
52350,1
52351,1
52300,1
40653,4
40654,4
45726,4
45727,4
36540,4
36541,4
56832,1
56833,1
16860,1
28696,1
36606,4
36607,4
49043,1
48983,2
49060,1
48985,2
49061,1
37483,4
35833,4
51006,1
50924,1
47482,1
45670,4
56035,1
48437,1
50910,1
39456,4
39457,4
48011,5
48012,5
58381,5
36328,4
56501,1
35948,4
36340,4
52652,1
52653,1
52654,1
52655,1
52656,1
52657,1
52763,1
54864,1
54865,1
54866,1
54867,1
54825,1
55071,1
55072,1
55073,1
55033,1
52901,1
52902,1
48282,1
48283,1
48284,1
48256,1
46576,1
46577,1
46578,1
46579,1
48121,1
48122,1
46536,1
48645,1
48646,1
48647,1
48648,1
49108,1
49109,1
48605,1
34830,4
57230,1
59212,1
52435,1
36168,4
36170,4
37354,4
36171,4
36050,4
36078,4
36177,4
52146,1
52147,1
36073,4
36305,4
36306,4
36311,4
36312,4
36313,4
37379,4
37380,4
37383,4
36290,4
36291,4
36289,4
37384,4
36294,4
36295,4
37389,4
37388,4
56130,1
23071,1
36298,4
36299,4
36293,4
36286,4
37385,4
36281,4
36282,4
37381,4
37382,4
36314,4
37523,4
37524,4
37529,4
38313,4
38314,4
38315,4
38316,4
38317,4
38318,4
38319,4
38320,4
38304,4
38305,4
38306,4
38307,4
38308,4
38309,4
49836,1
49837,1
49838,1
50831,1
56638,1
56639,1
56640,1
56656,1
54090,1
35992,4
37484,4
36432,4
37188,4
37189,4
56536,1
35204,4
39366,4
48104,5
51100,1
21446,1
53903,1
8549,1
35113,4
35166,4
35164,4
35165,4
37873,4
37874,4
45614,4
51312,1
49663,1
49666,1
48405,1
48407,1
38905,4
38906,4
46646,1
38734,2
57465,1
57466,1
57467,1
57468,1
25831,1
25832,1
38172,4
38135,4
39195,2
39196,2
39197,2
39198,4
37689,4
37699,4
57277,1
57278,1
57279,1
57280,1
53606,1
53607,1
53608,1
53609,1
54220,1
54221,1
54222,1
54223,1
54219,1
53836,1
53837,1
53869,1
59097,1
59098,1
59099,1
59100,1
37400,4
50232,1
50233,1
50234,1
50235,1
20193,1
20194,1
20197,1
20199,1
35670,4
35282,4
35354,4
35506,4
35660,4
35672,4
35905,4
35671,4
35509,4
35729,4
35898,4
35365,4
35392,4
35508,4
35507,4
35669,4
35730,4
35510,4
35827,4
35956,4
35904,4
35661,4
35393,4
35940,4
35818,4
35836,4
35819,4
35653,4
55804,1
36061,4
37215,4
36301,4
35983,4
37249,4
36096,4
37258,4
35994,4
37278,4
36094,4
36335,4
36380,4
37296,4
36369,4
37479,4
37203,4
35982,4
36067,4
37300,4
35995,4
36297,4
36372,4
36082,4
36319,4
37242,4
36384,4
37257,4
50600,1
50601,1
50602,1
50603,1
51983,1
51984,1
35360,4
35560,4
35561,4
35563,4
35565,4
35566,4
35567,4
35568,4
35569,4
35570,4
35571,4
35572,4
35573,4
35574,4
35575,4
35576,4
35577,4
35578,4
35579,4
35580,4
35581,4
35582,4
35583,4
35584,4
35585,4
35586,4
35587,4
35588,4
35589,4
35590,4
35591,4
35592,4
35593,4
35614,4
35615,4
35616,4
35617,4
35618,4
35619,4
35620,4
35621,4
35622,4
35623,4
35624,4
35625,4
35626,4
35627,4
35628,4
35629,4
35630,4
35631,4
35632,4
35633,4
35634,4
35635,4
35636,4
35637,4
35638,4
35639,4
35640,4
35641,4
38348,4
38349,4
38350,4
38351,4
38352,4
38353,4
38354,4
38355,4
38356,4
38357,4
38358,4
38359,4
38360,4
38361,4
38362,4
38363,4
38364,4
38365,4
38366,4
38367,4
38368,4
38369,4
38370,4
38371,4
47536,1
47537,1
47538,1
47539,1
47540,1
47541,1
47542,1
47543,1
47544,1
47545,1
54247,1
54248,1
54476,1
54477,1
56431,1
56432,1
56433,1
56434,1
50769,1
50770,1
50771,1
50772,1
50773,1
50774,1
50775,1
50776,1
50777,1
50778,1
52070,1
52071,1
52859,1
52860,1
53047,1
53048,1
56387,1
56388,1
56389,1
56390,1
56391,1
56392,1
35646,4
35688,4
35689,4
59595,1
59596,1
35889,4
35891,4
47590,1
47591,1
47592,1
47593,1
47594,1
52044,1
52045,1
57344,1
36021,4
36029,4
59183,1
59184,1
59185,1
59186,1
59187,1
59188,1
59189,1
59190,1
59191,1
59192,1
57595,1
58986,1
36409,4
36410,4
51591,1
55180,1
36488,4
59418,1
59419,1
59420,1
59421,1
35194,4
55638,1
55639,1
55623,1
52340,1
52342,1
52370,1
52371,1
52372,1
52373,1
52307,1
36455,4
40667,4
40668,4
36462,4
36542,4
36543,4
56844,1
56845,1
30865,1
36608,4
36609,4
36611,4
36612,4
36613,4
36614,4
39558,4
34966,4
34975,4
34981,4
40162,1
55822,1
35013,4
45451,4
52807,1
49752,1
57358,1
57359,1
57360,1
57361,1
49046,1
48962,2
49066,1
48994,2
49067,1
36246,4
36248,4
50706,1
36271,4
36272,4
36273,4
36274,4
36256,4
36951,5
37425,4
37438,4
37439,4
37440,4
37441,4
37442,4
37443,4
37444,4
37445,4
37446,4
37447,4
37448,4
36633,4
55234,2
55235,2
36751,4
57578,1
48806,1
49094,1
33202,1
33203,1
47185,1
47186,1
46323,4
50925,1
54046,1
54047,1
54048,1
54064,1
48442,1
50913,1
54043,1
54044,1
35650,4
52005,1
37454,4
51606,1
39448,1
39449,1
39452,1
39453,1
37455,4
38338,4
50716,1
34857,5
34860,5
48019,5
48020,5
48021,5
58384,5
34913,5
50356,1
56505,1
36346,4
36355,4
36356,4
36357,4
36358,4
36359,4
36184,4
52664,1
52665,1
52666,1
52667,1
52767,1
54872,1
54873,1
54874,1
54875,1
54876,1
54877,1
54827,1
55062,1
55063,1
55064,1
55193,1
55194,1
55195,1
55030,1
55192,1
39539,4
47257,5
48288,1
48289,1
48290,1
48260,1
46592,1
46593,1
46594,1
46595,1
46540,1
48667,1
48668,1
48669,1
48670,1
48609,1
27281,1
36054,4
36063,4
57234,1
52439,1
36181,4
38662,4
38663,4
36182,4
36183,4
35065,4
35067,4
52152,1
52153,1
36077,4
36855,4
37482,4
36741,4
36742,4
36743,4
36796,4
36795,4
37348,4
37349,4
37350,4
37351,4
37287,4
37289,4
36790,4
36791,4
36792,4
36793,4
36794,4
36857,4
49730,1
37545,4
37546,4
37551,4
37997,4
36831,4
36769,4
37560,4
37559,4
37186,4
37187,4
37357,4
37356,4
36636,4
37331,4
37332,4
37335,4
37336,4
37337,4
37316,4
37319,4
37320,4
37321,4
37322,4
37323,4
37324,4
37325,4
37264,4
37470,4
36627,4
36628,4
36629,4
35004,4
36656,4
36673,4
38016,4
56472,1
36748,4
36835,4
45674,4
45675,4
48441,1
37210,4
36653,4
37222,4
37231,4
37233,4
36654,4
37201,4
37207,4
37276,4
36774,4
37561,4
37352,4
37175,4
36876,4
36877,4
36879,4
37465,4
37311,4
36639,4
37519,4
37520,4
37521,4
37533,4
36698,4
36699,4
36700,4
36701,4
36702,4
36703,4
36704,4
36705,4
38003,4
38004,4
38005,4
38006,4
38007,4
38008,4
38012,4
38013,4
38014,4
38015,4
56649,1
56650,1
56651,1
35283,4
35353,4
35422,4
35421,4
54093,1
36302,4
36304,4
38017,4
38018,4
56540,1
40682,4
56128,1
53074,1
35211,5
53065,1
56126,1
53070,1
53071,1
35220,4
35106,4
51621,1
35222,4
35131,4
35132,4
35133,4
35134,4
35135,4
35136,4
35137,4
35138,4
35139,4
35140,4
35141,4
35214,4
35219,4
35221,4
55903,1
36185,4
53911,1
35112,4
31809,1
37844,4
37845,4
38917,1
49661,1
49662,1
48394,1
48396,1
38897,4
38898,4
46644,1
38732,2
57513,1
57514,1
57515,1
57516,1
38082,4
38168,4
38133,4
52939,1
52940,1
52941,1
52942,1
57286,5
57293,5
57294,5
57295,5
53534,1
53535,1
53536,1
53537,1
53538,1
53539,1
53540,1
53541,1
53542,1
53543,1
53544,1
53545,1
53402,1
53403,1
28149,1
28150,1
37587,4
37588,4
59093,1
59094,1
59095,1
59096,1
37410,4
37614,4
50266,1
50267,1
50268,1
50269,1
55300,1
55297,1
55298,1
55299,1
35505,4
35914,4
35281,4
35659,4
35419,4
35504,4
35655,4
35840,4
35363,4
35968,4
35954,4
35955,4
35364,4
35676,4
35887,4
35903,4
35728,4
35668,4
35390,4
16897,1
16896,1
16895,1
10593,1
10590,1
12089,1
12088,1
10594,1
10589,1
10591,1
10592,1
16894,1
9213,1
9214,1
9215,1
9216,1
7850,1
7851,1
32703,1
55301,1
55302,1
55806,1
36164,4
37168,4
36163,4
37167,4
37241,4
35981,4
36057,4
36093,4
37295,4
36388,4
37247,4
36379,4
37708,4
36066,4
36046,4
36308,4
36423,4
36425,4
36089,4
36370,4
36322,4
36333,4
36092,4
37272,4
36045,4
36047,4
36081,4
36387,4
36378,4
35997,4
36059,4
36103,4
37478,4
37191,4
37485,4
36419,4
37212,4
37299,4
36318,4
36058,4
6813,1
6812,1
50594,1
50595,1
50596,1
50597,1
51981,1
51982,1
37608,1
37610,1
40042,1
40044,1
40048,1
40049,1
40051,1
40052,1
40057,1
40060,1
40061,1
40063,1
40065,1
40067,1
40074,1
40075,1
40077,1
40078,1
40079,1
40080,1
40081,1
40082,1
40083,1
40084,1
46675,1
46676,1
46677,1
46678,1
46679,1
46680,1
46681,1
46682,1
46683,1
46684,1
54243,1
54244,1
54245,1
54246,1
50757,1
50758,1
50759,1
50760,1
50761,1
50762,1
50763,1
50764,1
50765,1
50766,1
52068,1
52069,1
52855,1
52856,1
53045,1
53046,1
56383,1
56384,1
56385,1
56386,1
59777,1
59778,1
35695,4
35698,4
35745,4
35746,4
35747,4
35751,4
35754,4
35755,4
35756,4
35757,4
35758,4
35759,4
35760,4
35761,4
35762,4
35763,4
35764,4
35765,4
35766,4
35767,4
35768,4
35770,4
35772,4
35775,4
35776,4
35777,4
35778,4
35779,4
35781,4
35782,4
35783,4
35784,4
35785,4
35787,4
35789,4
35790,4
35791,4
35792,4
35793,4
35794,4
35795,4
35796,4
35797,4
35798,4
35800,4
35801,4
35803,4
35805,4
35806,4
35807,4
35808,4
35810,4
35811,4
59593,1
59594,1
47583,1
47584,1
47585,1
47586,1
47587,1
52041,1
52042,1
57343,1
38092,4
54588,1
54589,1
54590,1
54591,1
54592,1
54593,1
59173,1
59174,1
59175,1
59176,1
59177,1
59178,1
59179,1
59180,1
59181,1
59182,1
57593,1
36403,4
36404,4
51588,1
55177,1
36484,4
59412,1
59413,1
55783,1
55784,1
55753,1
55663,1
55664,1
55620,1
52358,1
52359,1
52360,1
52361,1
52303,1
36451,4
40659,4
40660,4
40661,4
40662,4
36464,4
36544,4
38412,1
56837,1
56838,1
35289,4
36616,4
36617,4
36618,4
34979,4
40161,4
34998,4
34999,4
35000,4
35001,4
34989,4
49754,1
55241,1
57362,1
57363,1
35068,4
49045,1
48984,2
49064,1
48986,2
49065,1
50704,1
36263,4
36264,4
36265,4
36266,4
36254,4
36949,5
36383,4
30402,1
37428,4
37429,4
37430,4
37431,4
37432,4
37433,4
37434,4
37435,4
37436,4
37437,4
29605,1
37537,4
20445,1
23345,1
36205,4
36206,4
36204,4
36631,4
55231,2
55232,2
37450,4
57577,1
47557,1
47183,1
47184,1
35658,4
46322,4
54063,1
50912,1
52004,1
51605,1
39450,1
39451,1
37985,4
37990,4
37991,4
37992,4
37993,4
37994,4
37995,4
37996,4
46788,1
49086,1
55957,5
55958,5
34856,5
34859,5
51820,5
48016,5
48017,5
48018,5
58383,5
34911,5
34912,5
51815,5
45196,4
56503,1
36350,4
36351,4
36352,4
36353,4
36354,4
52658,1
52659,1
52660,1
52661,1
52662,1
52663,1
52765,1
54868,1
54869,1
54870,1
54871,1
54826,1
55077,1
55078,1
55079,1
55035,1
39537,4
47256,5
48285,1
48286,1
48287,1
48258,1
46584,1
46585,1
46586,1
46587,1
46538,1
48655,1
48656,1
48657,1
48658,1
48607,1
55151,5
36062,4
57232,1
52437,1
36196,4
36199,4
38096,4
38097,4
36200,4
36198,4
36201,4
36197,4
36191,4
36192,4
36194,4
36193,4
36190,4
36203,4
52150,1
52151,1
36854,4
37481,4
49729,1
37544,4
36624,4
36625,4
36626,4
36635,4
37333,4
37334,4
37318,4
37265,4
37266,4
37472,4
37473,4
35003,4
47021,1
47022,1
47061,1
47063,1
47064,1
36672,4
56470,1
45667,1
45672,4
45673,4
48439,1
48440,1
48445,1
36784,4
36785,4
36786,4
36822,4
37303,4
36818,4
36799,4
36849,4
37209,4
37216,4
36644,4
36645,4
37228,4
37198,4
37199,4
37204,4
37205,4
37250,4
36871,4
36872,4
36873,4
37309,4
36680,4
36683,4
36684,4
36687,4
36688,4
36689,4
38644,4
38645,4
38646,4
38647,4
48809,1
56645,1
56646,1
56647,1
56648,1
56652,1
35391,4
35933,4
35420,4
35969,4
54092,1
35742,4
45197,4
45198,4
45199,4
35743,4
56538,1
37923,4
35210,5
55847,1
39164,4
53064,1
56125,1
53068,1
53069,1
48138,1
35105,4
45200,4
57368,1
35120,4
35121,4
35122,4
35123,4
35124,4
35125,4
35127,4
35128,4
35129,4
55791,1
54299,1
48368,1
48371,1
38871,1
38872,1
46639,1
38703,1
57497,1
57498,1
57499,1
57500,1
27804,1
27805,1
27806,1
27807,1
39183,1
39184,1
54187,1
54188,1
54189,1
54190,1
53458,1
53459,1
53460,1
53461,1
53462,1
53463,1
53464,1
53465,1
53466,1
53467,1
53468,1
53469,1
53390,1
53391,1
47178,1
59083,1
59084,1
59085,1
59086,1
59087,1
59088,1
50236,1
50237,1
50242,1
50243,1
50244,1
50245,1
33814,1
32834,1
32833,1
38634,4
33769,1
33768,1
33844,1
33766,1
33767,1
33847,1
33848,1
33771,1
33846,1
33845,1
33849,1
33770,1
33773,1
33774,1
33765,1
46945,1
46921,1
46931,1
46884,1
46911,1
46943,1
46939,1
46929,1
46950,1
32835,1
46938,1
46927,1
46918,1
46894,1
33779,1
33840,1
33781,1
33783,1
33775,1
50579,1
50585,1
50586,1
50587,1
32238,1
33047,1
33048,1
33049,1
33050,1
33051,1
33052,1
33053,1
33054,1
33055,1
33056,1
33057,1
33058,1
33059,1
33060,1
33061,1
33062,1
33063,1
33064,1
33065,1
33066,1
33067,1
33068,1
33069,1
33070,1
33071,1
33072,1
33073,1
33074,1
33075,1
33076,1
33077,1
33078,1
33079,1
33080,1
33081,1
33082,1
33083,1
33084,1
33085,1
33086,1
33087,1
33088,1
33089,1
33090,1
33091,1
33092,1
33093,1
33094,1
34108,1
34109,1
34110,1
34111,1
34112,1
34113,1
34266,1
34267,1
34268,1
34269,1
34270,1
34271,1
34708,1
34709,1
34710,1
34711,1
39678,1
39682,1
39683,1
39684,1
54353,1
54354,1
56425,1
56426,1
50751,1
50752,1
50753,1
50754,1
50755,1
50756,1
52841,1
52842,1
53039,1
53040,1
53945,1
53946,1
53958,1
56363,1
56364,1
56365,1
56366,1
56367,1
56368,1
56405,1
56406,1
59773,1
59774,1
59590,1
59591,1
32874,1
32875,1
32876,1
32877,1
32873,1
47563,1
47564,1
47565,1
47566,1
52035,1
23971,1
59159,1
59160,1
59161,1
59162,1
59163,1
59164,1
59165,1
59166,1
59167,1
59168,1
57589,1
34198,1
34199,1
51581,1
55170,1
32517,1
59392,1
59393,1
59394,1
59395,1
55781,1
55782,1
55749,1
55652,1
55653,1
55613,1
52328,1
52329,1
52330,1
52331,1
52332,1
52333,1
52294,1
52295,1
27670,1
40633,1
40634,1
45218,1
45649,1
45650,1
45651,1
27671,1
33121,1
33758,1
56823,1
56824,1
56825,1
27423,1
31889,1
32958,1
32750,1
32751,1
32752,1
32753,1
32776,1
34980,4
55823,1
58296,1
47957,1
52806,1
49753,1
58578,5
53908,1
57350,1
57351,1
57352,1
57353,1
49042,1
49033,2
49058,1
49034,2
49059,1
32661,1
32662,1
32796,1
32797,1
50695,1
28919,1
30949,1
30930,1
51018,1
51019,1
36921,5
32791,1
32792,1
32943,1
45865,1
51003,1
33750,1
33751,1
33748,1
33479,1
57579,1
33772,1
50923,1
56034,1
50906,1
52002,1
51608,1
39440,1
39441,1
33412,1
32984,1
55923,5
55924,5
58980,5
32969,5
32968,5
53009,5
47973,5
47974,5
31142,1
34162,5
58378,5
32975,5
50353,1
50357,1
56499,1
32953,1
32954,1
32590,1
33786,1
33787,1
52638,1
52639,1
52640,1
52641,1
52642,1
52643,1
52743,1
52745,1
52759,1
54848,1
54849,1
54850,1
54851,1
54821,1
55056,1
55057,1
55058,1
55028,1
39532,1
47255,5
52893,1
52894,1
55130,1
55131,1
48276,1
48277,1
48278,1
48250,1
46560,1
46561,1
46562,1
46563,1
48760,1
48761,1
46533,1
48633,1
48634,1
48635,1
48636,1
49106,1
49107,1
48602,1
55150,5
32781,1
57227,1
59210,1
52431,1
34369,1
34590,1
34707,1
52140,1
52141,1
33125,5
33250,1
13618,1
34165,1
33312,1
32929,1
33876,1
33877,1
33882,1
33878,1
33879,1
33880,1
34701,1
38637,4
47089,1
47007,1
56467,1
35975,1
32920,1
32922,1
32928,1
32947,1
32925,1
48436,1
34398,1
34399,1
27703,1
27702,1
46989,1
47100,1
47101,1
34547,1
29609,1
48810,1
48812,1
48814,1
56634,1
56635,1
56636,1
56637,1
54087,1
32952,1
38601,1
48816,1
28787,1
48815,1
56534,1
33096,1
33286,5
33996,1
55844,1
53063,1
56124,1
53066,1
53067,1
48129,1
32789,1
51015,1
51098,1
51622,1
32959,1
33745,1
33746,1
33747,1
32787,1
34292,1
34294,1
32790,1
32967,1
33282,1
55902,1
53901,1
56249,1
32965,1
48417,1
48418,1
48426,1
48427,1
38881,1
38882,1
39590,4
39591,4
46649,1
38736,1
57469,1
57470,1
57471,1
57472,1
54207,1
54208,1
54209,1
54210,1
53584,1
53585,1
54225,1
54226,1
54227,1
54228,1
54300,1
54301,1
54302,1
54303,1
53409,1
54224,1
53870,1
38448,1
38446,1
59105,1
59106,1
59107,1
59108,1
38440,1
50276,1
50277,1
50278,1
50279,1
38593,1
38466,1
38452,1
38467,1
38463,1
38464,1
38462,1
38465,1
35826,4
38461,1
38451,1
22716,1
38469,1
38473,1
38470,1
38474,1
38472,1
38477,1
50580,1
50608,1
50609,1
51985,1
32235,1
38553,1
38554,1
38555,1
38556,1
38557,1
38558,1
38559,1
38560,1
38561,1
38562,1
38563,1
38564,1
38565,1
38566,1
38567,1
38568,1
38569,1
38570,1
38571,1
38572,1
38573,1
38574,1
38575,1
38576,1
38577,1
38578,1
38579,1
38580,1
38581,1
38582,1
38583,1
38584,1
38585,1
38586,1
38587,1
38588,1
38589,1
38590,1
38591,1
38592,1
39673,1
39675,1
39676,1
39677,1
40097,1
40098,1
40099,1
40100,1
40101,1
40102,1
54359,1
54360,1
54466,1
54467,1
50783,1
50784,1
50785,1
50786,1
50787,1
50788,1
50789,1
52863,1
52864,1
52865,1
53051,1
53052,1
53053,1
56401,1
56402,1
56403,1
56404,1
59598,1
38424,1
38426,1
47604,1
47605,1
52037,1
52048,1
21522,1
59199,1
59200,1
57597,1
38409,1
51593,1
55182,1
38411,1
59426,1
59427,1
59428,1
59429,1
55785,1
55786,1
55756,1
55640,1
55641,1
55626,1
52378,1
52379,1
52380,1
52381,1
52309,1
40645,1
40646,1
40669,4
40670,4
45725,1
56849,1
56850,1
38408,1
38530,1
38552,1
50643,1
48952,2
49047,1
48991,2
49068,1
48992,2
49069,1
50698,1
38415,1
38416,1
38417,1
38418,1
38419,1
38478,1
45132,1
8235,1
8706,1
22731,1
13403,1
46319,1
54065,1
54042,1
51607,1
46787,1
48077,5
48078,5
54025,5
58386,5
38595,5
56506,1
36348,4
38404,1
38403,1
52674,1
52675,1
52676,1
52677,1
52678,1
52679,1
52769,1
55089,1
55090,1
55091,1
55039,1
46570,1
46571,1
48762,1
48763,1
47354,1
48675,1
48676,1
48677,1
48678,1
48611,1
38541,1
57236,1
52441,1
52156,1
52157,1
38479,1
38506,1
38505,1
38502,1
38503,1
38507,1
50821,1
45666,1
48444,1
57381,1
32945,1
32949,1
38509,1
38510,1
38508,1
50822,1
50827,1
50830,1
56653,1
56654,1
56655,1
54095,1
50833,1
50832,1
56541,1
40683,1
38594,5
51101,1
11764,1
38542,1
38547,1
38543,1
38544,1
38545,1
38546,1
38600,1
53900,1
49366,1
55341,1
37962,4
37804,4
51381,1
49677,1
49678,1
48419,1
48420,1
38865,1
38866,1
39582,1
39583,1
39592,1
39593,1
39600,4
39601,4
46650,1
38701,1
40675,1
57533,1
57534,1
57535,1
57536,1
57473,1
57474,1
57475,1
57476,1
57097,1
57098,1
57083,1
56193,1
56169,1
3843,1
56887,1
56907,1
56881,1
56923,1
56929,1
56895,1
56896,1
118,1
56903,1
56920,1
56879,1
56885,1
56894,1
56892,1
56868,1
56901,1
56928,1
56921,1
56938,1
56939,1
49367,1
54230,1
54231,1
54232,1
54233,1
54229,1
53790,1
53791,1
53794,1
53795,1
37581,4
37582,4
37594,4
59109,1
59110,1
59111,1
59112,1
7362,1
39975,1
50280,1
50281,1
50282,1
50283,1
20201,1
20207,1
20508,1
20509,1
21511,1
21512,1
56114,1
56115,1
56116,1
56117,1
33812,1
46952,1
46951,1
26383,1
39865,1
35908,4
35656,4
39866,1
39869,1
39873,1
35337,4
35417,4
35855,4
39872,1
39871,1
39868,1
39846,1
35880,4
35888,4
35825,4
39867,1
35667,4
35881,4
10954,1
10953,1
6772,1
8907,1
8908,1
7059,1
6786,1
6780,1
6787,1
6773,1
7058,1
6781,1
46874,1
46875,1
46871,1
46870,1
16346,1
16347,1
13068,1
13070,1
13071,1
13067,1
13065,1
13072,1
13069,1
13066,1
22754,1
33780,1
39876,1
39884,1
39894,1
39889,1
39895,1
39878,1
39875,1
39877,1
33776,1
33778,1
39890,1
39885,1
39881,1
39887,1
39891,1
39879,1
39919,1
39921,1
39920,1
39923,1
46867,1
46864,1
50613,1
51986,1
51987,1
51988,1
39937,1
39946,1
31271,1
31273,1
31275,1
31276,1
31280,1
31282,1
31405,1
31408,1
31409,1
31413,1
31414,1
35457,4
35459,4
35460,4
35461,4
35465,4
35466,4
35467,4
35468,4
35470,4
35472,4
35473,4
35474,4
35475,4
35476,4
35477,4
35478,4
37609,1
37611,1
37612,1
40040,1
40041,1
40043,1
40046,1
40054,1
40055,1
40056,1
40058,1
40059,1
40062,1
40066,1
40068,1
40070,1
40076,1
54363,1
54364,1
50794,1
50795,1
50796,1
50797,1
50798,1
50799,1
50800,1
52867,1
52868,1
53960,1
35682,4
35683,4
35846,4
39940,1
39941,1
30538,1
30539,1
52036,1
52049,1
52050,1
52051,1
35921,4
35923,4
39724,1
39943,1
39944,1
39945,1
35941,4
35942,4
35944,4
35946,4
35947,4
36002,4
39952,1
39953,1
47719,1
47720,1
39951,1
30888,1
30889,1
30890,1
30891,1
57599,1
34193,1
40027,1
40028,1
51580,1
51594,1
51596,1
55183,1
55184,1
38513,1
38514,1
27478,1
40029,1
26881,1
46800,1
55787,1
55788,1
55757,1
26866,1
31199,1
55642,1
55643,1
55644,1
55645,1
55627,1
55628,1
52336,1
52337,1
52382,1
52383,1
52384,1
52385,1
52386,1
52387,1
52388,1
52389,1
52297,1
52310,1
52311,1
26413,1
36452,4
32394,1
38612,1
38613,1
45122,1
45125,1
26428,1
36459,4
56853,1
56854,1
56855,1
40026,1
30863,1
27150,1
36573,1
30808,1
31029,1
36576,1
49469,1
28694,1
39995,1
39996,1
32992,1
36598,4
36615,4
34682,1
36804,1
36805,1
36806,1
39987,1
39988,1
40155,1
40156,1
46784,1
46785,1
20291,1
20292,1
20293,1
20294,1
24437,1
40104,1
57364,1
57365,1
32062,1
39989,1
39990,1
39991,1
39992,1
49049,1
49004,2
49072,1
49006,2
49073,1
21492,1
36247,1
36249,1
36250,1
50707,1
50709,1
24800,1
24801,1
30945,1
30946,1
30950,1
30951,1
29263,1
51633,1
51634,1
51632,1
36928,5
36390,4
30403,1
27477,1
51007,1
55280,1
55281,1
39901,1
49093,1
47189,1
47190,1
52007,1
37462,1
49087,1
55961,5
55962,5
51822,5
48027,5
48028,5
58388,5
58389,5
33570,5
50355,1
56508,1
21432,1
34706,1
40012,1
40013,1
40014,1
40015,1
40016,1
40017,1
56230,1
52680,1
52681,1
52682,1
52683,1
52736,1
52737,1
52738,1
52739,1
52740,1
52741,1
52770,1
52771,1
54880,1
54881,1
54882,1
54883,1
54884,1
54885,1
54886,1
54887,1
54828,1
54829,1
55197,1
55198,1
55199,1
55196,1
39528,1
52897,1
52898,1
52909,1
52910,1
48297,1
48298,1
48299,1
48742,1
48743,1
48744,1
48265,1
48728,1
46600,1
46601,1
46604,1
46605,1
46608,1
46609,1
46610,1
46611,1
46612,1
46613,1
46614,1
46615,1
50384,1
50385,1
46544,1
47355,1
48679,1
48680,1
48681,1
48682,1
48683,1
48684,1
48685,1
48686,1
48687,1
48688,1
48689,1
48690,1
48612,1
48613,1
6690,1
57237,1
57238,1
59214,1
52442,1
52443,1
36108,4
40004,1
34592,1
39999,1
40002,1
39998,1
40000,1
52158,1
52159,1
52160,1
52161,1
11022,1
8694,1
56237,1
56303,1
56304,1
13437,1
11249,1
13001,1
13619,1
25662,1
25660,1
24810,1
25663,1
24808,1
24809,1
39932,1
37498,4
35744,4
35645,4
39844,1
39845,1
36662,4
36778,4
36820,4
37539,4
39912,1
39913,1
39843,1
39914,1
39933,1
37338,4
39854,1
37326,4
39853,1
39855,1
39856,1
39863,1
39864,1
39851,1
39852,1
36657,4
39900,1
55388,1
36660,4
47020,1
47074,1
47075,1
36670,4
40131,1
56474,1
39857,1
39931,1
27443,1
45668,1
48446,1
36891,4
39915,1
39929,1
39918,1
39874,1
36043,4
39892,1
22752,1
39888,1
6795,1
36044,4
36427,4
39927,1
38631,4
38630,4
39833,1
39835,1
39834,1
39934,1
39859,1
39836,1
39839,1
39840,1
37305,4
49456,1
37487,4
37489,4
37492,4
37493,4
37494,4
37495,4
37496,4
37497,4
40018,1
40019,1
35832,4
40020,1
40132,1
40133,1
40134,1
40135,1
29159,1
40137,1
56689,1
56690,1
54097,1
36885,4
36887,4
36888,4
36889,4
40142,1
49851,1
35387,1
56543,1
40685,1
46801,1
53076,1
33571,5
55845,1
56989,5
9825,1
56127,1
24491,1
24492,1
20538,1
37306,1
39930,1
56238,1
40143,1
40107,1
40008,1
40009,1
56248,1
34703,1
34704,1
35126,4
37927,4
37928,4
32966,1
55904,1
53985,1
56250,1
40010,1
40011,1
5554,1
10745,1
35109,4
40006,1
40007,1
37730,4
37732,4
55336,1
37848,4
37851,4
37741,4
37742,4
37759,4
37760,4
51414,1
51415,1
51416,1
51417,1
37568,4
37940,4
37941,4
38241,4
48399,1
48400,1
48398,1
48401,1
48402,1
48403,1
38899,4
38900,4
38901,4
38902,4
38903,4
38904,4
39594,4
39595,4
46645,1
38733,2
37936,4
37937,4
57517,1
57518,1
57519,1
57520,1
57521,1
57522,1
57523,1
57524,1
57093,1
57094,1
57095,1
57096,1
57082,1
21874,2
22019,2
45410,4
45411,4
38079,4
38080,4
38081,4
38213,4
38266,4
54203,1
54204,1
54205,1
54206,1
57287,5
58300,5
57296,5
57297,5
57298,5
58301,5
58302,5
58303,5
53546,1
53547,1
53548,1
53549,1
53550,1
53551,1
53552,1
53553,1
53554,1
53555,1
53556,1
53557,1
53558,1
53559,1
53560,1
53561,1
53404,1
53405,1
37840,4
53814,1
53815,1
53913,1
53872,1
57342,1
54420,1
37589,4
37597,4
59145,1
59146,1
59147,1
59148,1
37632,4
50270,1
50271,1
50272,1
50273,1
50274,1
50275,1
50598,1
50599,1
31295,1
31296,1
31297,1
31298,1
31422,1
31423,1
31424,1
31425,1
31426,1
31427,1
31428,1
31429,1
31430,1
31431,1
31432,1
31433,1
35443,4
35448,4
35479,4
35480,4
35481,4
35482,4
35483,4
35484,4
35485,4
35486,4
35487,4
35488,4
35489,4
35490,4
35491,4
35492,4
35493,4
35494,4
35495,4
35527,4
35532,4
38058,4
38059,4
38060,4
38061,4
38062,4
38063,4
38064,4
38065,4
38066,4
38067,4
38068,4
38069,4
38070,4
38071,4
38072,4
38073,4
38074,4
38075,4
38076,4
38077,4
54357,1
54358,1
54474,1
54475,1
50767,1
50768,1
52857,1
52858,1
53953,1
53954,1
52043,1
17800,1
58458,1
57594,1
36407,4
36408,4
51589,1
51595,1
55178,1
39993,1
39994,1
36487,4
36503,4
36504,4
59414,1
59415,1
59416,1
59417,1
55769,1
55770,1
55771,1
55772,1
55754,1
35189,4
35190,4
55665,1
55666,1
55667,1
55621,1
55622,1
52364,1
52365,1
52366,1
52367,1
52368,1
52369,1
53934,1
53935,1
52305,1
52306,1
36518,4
40635,1
40636,1
40663,4
40664,4
40665,4
40666,4
45219,4
45654,4
56839,1
56840,1
56841,1
56842,1
56843,1
36555,4
36557,4
36587,4
36588,4
36589,4
36590,4
36591,4
36592,4
53874,1
53875,1
53876,1
53873,1
58580,5
50645,1
50708,1
36255,4
36268,4
36269,4
36270,4
36267,4
36950,5
56504,1
52726,1
52727,1
52728,1
52729,1
52730,1
52731,1
52732,1
52733,1
52734,1
52735,1
52766,1
53005,1
54806,1
54807,1
54808,1
54809,1
54810,1
54811,1
54812,1
54813,1
54798,1
55080,1
55081,1
55082,1
55083,1
55084,1
55085,1
55036,1
55037,1
39538,4
52905,1
52906,1
48315,1
48316,1
48317,1
48736,1
48737,1
48738,1
48259,1
48726,1
46588,1
46589,1
46590,1
46591,1
48123,1
48124,1
48125,1
48126,1
46539,1
48659,1
48660,1
48661,1
48662,1
48663,1
48664,1
48665,1
48666,1
48608,1
49104,1
36053,4
57233,1
57337,1
52438,1
53942,1
36118,4
36122,4
36119,4
36085,4
56471,1
38641,4
38642,4
56684,1
56685,1
56539,1
35206,4
39374,4
39375,4
35119,4
35027,4
35130,4
53904,1
35111,4
35114,4
35115,4
55327,1
31803,1
31804,1
51328,1
51329,1
51330,1
51331,1
30593,1
30594,1
48360,1
48408,1
48409,1
48410,1
38861,1
38862,1
38863,1
38864,1
38910,4
38911,4
39588,1
39589,1
46637,1
38704,1
38700,1
10850,1
17629,1
57489,1
57490,1
57491,1
57492,1
21859,1
22005,1
45314,1
45315,1
45316,1
45317,1
45318,1
45319,1
45320,1
45321,1
27382,1
27385,1
30913,1
54179,1
54180,1
54181,1
54182,1
57651,1
57652,1
53430,1
53431,1
53432,1
53433,1
53434,1
53435,1
53436,1
53437,1
53438,1
53439,1
53440,1
53441,1
53574,1
53575,1
53576,1
53577,1
53386,1
53387,1
53862,1
35377,1
28106,1
28107,1
28110,1
59125,1
59126,1
59127,1
59128,1
21504,1
50206,1
50207,1
50208,1
50209,1
50210,1
50211,1
50212,1
50213,1
50214,1
50215,1
20505,1
6749,1
25755,1
25756,1
21470,1
21471,1
22712,1
9206,1
7591,1
7605,1
7611,1
7598,1
7597,1
7086,1
7612,1
7067,1
7607,1
9207,1
7606,1
7861,1
7087,1
7072,1
7594,1
6770,1
7593,1
7592,1
7066,1
7081,1
7080,1
7608,1
7073,1
9208,1
6771,1
7860,1
16904,1
16345,1
16900,1
16344,1
16913,1
16901,1
16902,1
16905,1
16911,1
16908,1
16912,1
16909,1
16903,1
16910,1
16916,1
16917,1
1527,1
1528,1
9270,1
9269,1
55800,1
37260,4
36102,4
36091,4
36048,4
18241,1
18240,1
7619,1
7614,1
7616,1
7618,1
7613,1
7617,1
6814,1
6815,1
50573,1
50574,1
51973,1
51974,1
30328,1
29731,1
29732,1
29733,1
29734,1
29735,1
29736,1
29737,1
29738,1
30106,1
30107,1
30108,1
30109,1
30110,1
30111,1
31259,1
31260,1
31261,1
31262,1
31263,1
31264,1
31265,1
31266,1
31267,1
31268,1
31269,1
31270,1
31398,1
31399,1
31400,1
31401,1
31402,1
31403,1
33126,1
33127,1
33513,1
33514,1
33515,1
33516,1
33517,1
33518,1
33519,1
33520,1
33521,1
33522,1
33523,1
33524,1
34272,1
34273,1
34274,1
34275,1
34276,1
34277,1
39651,1
39661,1
39662,1
39663,1
39664,1
39665,1
39666,1
39667,1
39669,1
39670,1
39671,1
39672,1
39674,1
53963,1
53964,1
53965,1
53966,1
53967,1
54351,1
54352,1
56421,1
56422,1
50742,1
50743,1
50744,1
50745,1
50746,1
50747,1
52837,1
52838,1
53037,1
53038,1
53943,1
53944,1
56355,1
56356,1
56357,1
56358,1
34576,1
59588,1
21923,1
47560,1
47561,1
52033,1
26462,1
58457,1
59157,1
59158,1
57587,1
34191,1
51577,1
51578,1
55168,1
36493,4
29216,1
29217,1
59384,1
59385,1
59386,1
59387,1
59432,1
55759,1
55760,1
55747,1
30653,1
55650,1
55651,1
55611,1
52320,1
52321,1
52322,1
52323,1
52334,1
52335,1
52292,1
52296,1
26412,1
32385,1
40627,1
40628,1
40629,1
40630,1
26427,1
21530,1
33757,1
56818,1
56819,1
56820,1
56851,1
30862,1
27147,1
27148,1
28692,1
32991,1
30034,1
30036,1
25359,1
40115,4
36812,1
24368,1
24369,1
24371,1
24372,1
24364,1
7631,1
35361,1
47906,1
34649,1
46165,1
45450,1
34641,1
57556,1
52805,1
49755,1
39214,4
49113,1
40464,1
20569,1
20570,1
20571,1
20572,1
22664,1
22665,1
22666,1
17252,1
24511,1
49040,1
48965,2
49053,1
48966,2
49054,1
54298,1
50696,1
28908,1
28909,1
28910,1
28911,1
28884,1
36919,5
19606,1
26348,1
31308,1
31309,1
31310,1
31311,1
31312,1
31313,1
31314,1
31315,1
31316,1
31317,1
16313,1
27658,1
51001,1
20436,1
20437,1
20801,1
20802,1
20413,1
33476,1
55236,2
55237,2
21387,1
57581,1
47555,1
49092,1
9205,1
46317,1
54061,1
50903,1
50904,1
52009,1
51602,1
33411,1
55919,5
55920,5
58977,5
27454,5
27449,5
47969,5
47970,5
48064,5
49202,5
31141,1
58376,5
32289,5
47460,1
17395,1
17871,1
56497,1
33871,1
33872,1
33873,1
33874,1
33875,1
30215,1
29720,1
52698,1
52699,1
52700,1
52701,1
52702,1
52703,1
52704,1
52705,1
52757,1
54836,1
54837,1
54838,1
54839,1
54840,1
54841,1
54819,1
55050,1
55051,1
55052,1
55026,1
52891,1
52892,1
48270,1
48271,1
48272,1
48248,1
46550,1
46551,1
46552,1
46553,1
46531,1
48621,1
48622,1
48623,1
48624,1
48600,1
20865,1
57225,1
57334,1
52429,1
53938,1
16652,1
52136,1
52137,1
52142,1
52143,1
11021,1
9247,1
3326,1
13435,1
13436,1
11247,1
16960,1
13000,1
7494,1
10160,1
9285,1
7693,1
13817,1
25658,1
25657,1
31307,1
33331,1
14116,1
17652,1
20256,1
33332,1
53677,1
33330,1
45662,1
45663,1
48433,1
48434,1
34695,1
34696,1
34694,1
33337,1
34485,1
25592,1
34690,1
20387,1
23508,1
25594,1
33336,1
33335,1
35834,4
35912,4
29151,1
29152,1
29153,1
29154,1
29155,1
56625,1
56626,1
56627,1
56628,1
56629,1
54085,1
33754,1
47445,1
47446,1
47447,1
28786,1
56532,1
29583,1
30394,1
39348,1
39349,1
32483,5
51033,5
9824,1
23022,1
23023,1
23030,1
23031,1
23320,1
23321,1
23322,1
23323,1
27287,1
47456,1
16990,1
31912,1
21447,1
34486,1
34487,1
53895,1
5011,1
7182,1
7712,1
12187,1
12188,1
10260,1
10262,1
17398,1
55331,1
55344,1
51364,1
51365,1
37942,4
37943,4
48378,1
48379,1
48380,1
48381,1
49989,1
49990,1
49991,1
49992,1
49993,1
49994,1
49988,1
49987,1
57481,1
57482,1
57483,1
57484,1
45349,1
45380,1
45381,1
54215,1
54216,1
54217,1
54218,1
53610,1
53611,1
53612,1
53613,1
53614,1
53615,1
53616,1
53617,1
53412,1
53413,1
53839,1
53841,1
37566,4
37898,4
37567,4
59117,1
59118,1
59119,1
59120,1
50238,1
50239,1
50240,1
50241,1
35679,4
35893,4
35882,4
35366,4
35909,4
35418,4
35931,4
39870,1
35657,4
35352,4
7855,1
7854,1
55808,2
36429,4
36422,4
37294,4
36391,4
36303,4
36336,4
39896,1
36326,4
36065,4
39882,1
50621,1
50622,1
51989,1
35369,4
35370,4
30128,1
30129,1
30130,1
30131,1
35414,4
35415,4
31272,1
31278,1
31289,1
31290,1
31291,1
31292,1
31293,1
31294,1
35496,4
35497,4
35498,4
35499,4
35500,4
35501,4
35502,4
35503,4
38381,4
38382,4
38383,4
38384,4
38385,4
38386,4
38387,4
38388,4
38389,4
38390,4
38391,4
38392,4
38393,4
38394,4
38395,4
38396,4
39647,1
39649,1
54480,1
54481,1
50808,1
50809,1
50810,1
50811,1
52873,1
52874,1
56419,1
56420,1
35856,4
52055,1
36020,4
57602,1
34190,1
51599,1
55187,1
36448,4
36458,4
36495,4
59440,1
59441,1
55789,1
55790,1
55758,1
35200,4
55648,1
55649,1
55631,1
52400,1
52401,1
52402,1
52403,1
52315,1
49965,1
50980,1
50981,1
49995,1
56861,1
56862,1
36560,4
36583,4
36584,4
36585,4
36586,4
49966,1
49967,1
50627,2
49970,1
50628,2
50350,1
50346,1
50347,1
50348,1
50349,1
36953,5
51009,1
39469,1
50929,1
50919,1
50918,1
50718,1
55963,5
55964,5
51824,5
49214,5
49215,5
58393,5
49947,5
51817,5
49984,1
56510,1
36364,4
36365,4
52684,1
52685,1
52686,1
52687,1
52688,1
52689,1
52774,1
54892,1
54893,1
54894,1
54895,1
54831,1
55101,1
55102,1
55103,1
55043,1
52911,1
52912,1
49742,1
49743,1
49744,1
49741,1
49957,1
49958,1
49959,1
49960,1
49961,1
49956,1
48625,1
48626,1
48627,1
48628,1
49105,1
57242,1
52446,1
38100,4
36109,4
38099,4
36114,4
38101,4
52166,1
52167,1
47104,1
33311,1
37549,4
24264,1
47086,1
46997,1
47065,1
47025,1
56476,1
36750,4
36846,4
36850,4
37297,4
47099,1
47102,1
37527,4
37535,4
38643,4
49972,1
49974,1
49978,1
56686,1
56691,1
56692,1
56693,1
54100,1
49983,1
49982,1
56545,1
35208,4
49964,5
51103,1
35149,4
35150,4
35151,4
35152,4
35153,4
35154,4
35033,4
53898,1
55330,1
56195,1
56196,1
56197,1
37803,4
37961,4
51380,1
51386,1
51387,1
51388,1
51389,1
48395,1
48397,1
48374,1
48375,1
48376,1
48377,1
37955,4
37956,4
38875,1
38876,1
38877,1
38878,1
38879,1
38880,1
56213,1
56214,1
56212,1
56211,1
57541,1
57542,1
57543,1
57544,1
57545,1
57546,1
57547,1
57548,1
38083,4
57099,1
57100,1
57101,1
57102,1
57084,1
56191,1
56192,1
56208,1
56209,1
56210,1
38212,4
56170,1
56171,1
56172,1
56173,2
56174,2
56175,2
56176,2
56190,1
56181,1
56183,1
56187,1
56179,1
56185,1
56186,1
56184,1
56188,1
56189,1
56180,1
56182,1
54191,1
54192,1
54193,1
54194,1
53470,1
53471,1
53472,1
53473,1
53474,1
53475,1
53476,1
53477,1
53478,1
53479,1
53480,1
53481,1
56157,1
56158,1
56159,1
56160,1
53392,1
53393,1
56156,1
56161,1
56162,1
56163,1
56164,1
56165,1
56166,1
56167,1
56168,1
53788,1
53792,1
59153,1
59154,1
59155,1
59156,1
50224,1
50225,1
50226,1
50227,1
50284,1
50285,1
50286,1
50287,1
33815,1
32704,1
32699,1
26382,1
12087,1
11390,1
12086,1
11391,1
29774,1
29090,1
29080,1
29072,1
32664,1
25049,1
7112,1
6805,1
6804,1
7111,1
50577,1
50578,1
29739,1
29740,1
29741,1
29742,1
30112,1
30114,1
30118,1
30119,1
30120,1
30121,1
30122,1
30123,1
30124,1
30125,1
30126,1
31274,1
31277,1
31281,1
31404,1
31410,1
31411,1
31412,1
33527,1
33528,1
33529,1
33530,1
33531,1
33532,1
34282,1
34283,1
34712,1
35458,4
35462,4
35463,4
35464,4
35469,4
35471,4
40053,1
40064,1
53974,1
53975,1
53976,1
53977,1
54239,1
54240,1
52072,1
52844,1
53947,1
53950,1
47571,1
57345,1
47713,1
47714,1
47715,1
47716,1
57603,1
56277,1
56278,1
51597,1
56261,1
55171,1
55172,1
56267,1
56268,1
59433,1
59442,1
59443,1
59444,1
59445,1
55761,1
55762,1
55750,1
56286,1
56287,1
55654,1
55655,1
55614,1
52362,1
52363,1
52996,1
52997,1
52998,1
52999,1
52304,1
52995,1
56262,1
56265,1
56266,1
45123,1
45124,1
56255,1
56256,1
56257,1
56258,1
56259,1
56260,1
56263,1
56279,1
56282,1
56863,1
56864,1
56865,1
56866,1
56867,1
56283,1
56284,1
56293,1
56292,1
31890,1
56253,1
56254,1
32059,1
32994,1
39556,1
56150,5
56151,5
56152,5
56153,5
56154,5
56155,5
34973,4
56221,1
56222,1
56223,1
56224,1
56220,1
40105,1
51614,1
56298,1
50629,3
56300,1
50630,3
56299,1
50697,1
28916,1
28917,1
28918,1
30948,1
28886,1
56225,1
56226,1
56227,1
56228,1
56229,1
30404,1
51004,1
56147,1
33480,1
46318,1
46930,1
50907,1
39446,1
39447,1
58985,5
58394,5
56511,1
29721,1
30216,1
52706,1
52707,1
52708,1
52709,1
52710,1
52711,1
52712,1
52713,1
52760,1
54852,1
54853,1
54854,1
54855,1
54822,1
55200,1
55201,1
55202,1
55029,1
39533,1
52895,1
52896,1
48303,1
48304,1
48305,1
48306,1
48307,1
48308,1
56289,1
56290,1
56291,1
48251,1
48252,1
56288,1
46564,1
46565,1
46566,1
46567,1
46568,1
46569,1
56296,1
56297,1
56294,1
56295,1
56216,1
56217,1
56218,1
56219,1
56215,1
57243,1
57244,1
52432,1
53940,1
56305,1
56306,1
56307,1
56236,1
56231,1
56233,1
56232,1
56234,1
56235,1
56301,1
56302,1
19723,1
34258,1
56131,1
45665,1
34688,1
56148,1
56149,1
29156,1
29157,1
29158,1
56662,1
56663,1
56664,1
54088,1
21388,1
21389,1
21970,1
49854,1
56546,1
40684,1
56264,1
56273,1
56274,1
53073,1
31305,1
29566,1
32548,1
56246,1
56247,1
32219,1
21445,1
37613,1
57312,1
56239,1
56240,1
56241,1
56242,1
56243,1
56244,1
56245,1
55326,1
31798,1
31799,1
31800,1
51320,1
51321,1
48354,1
48355,1
48356,1
48357,1
38857,1
38858,1
38859,1
38860,1
39578,1
39579,1
46636,1
38699,1
57485,1
57486,1
57487,1
57488,1
57505,1
57506,1
57507,1
57508,1
57085,1
57086,1
57079,1
21858,1
22004,1
27800,1
27801,1
27802,1
27803,1
27381,1
54175,1
54176,1
54177,1
54178,1
57338,1
57339,1
57340,1
57341,1
57285,5
57290,5
57291,5
57292,5
53414,1
53415,1
53416,1
53417,1
53418,1
53419,1
53420,1
53421,1
53422,1
53423,1
53424,1
53425,1
53426,1
53427,1
53428,1
53429,1
53384,1
53385,1
34033,1
53772,1
53773,1
53774,1
53775,1
53863,1
21195,1
21198,1
21084,1
21085,1
21594,1
35381,1
28131,1
28132,1
28133,1
28290,1
59121,1
59122,1
59123,1
59124,1
20218,1
50196,1
50197,1
50198,1
50199,1
50200,1
50201,1
50202,1
50203,1
50204,1
50205,1
50229,1
50230,1
26381,1
16696,1
21468,1
16697,1
17439,1
21467,1
17440,1
17441,1
21466,1
17438,1
21469,1
7031,1
7030,1
22710,1
22713,1
11389,1
11388,1
7275,1
9210,1
7595,1
6782,1
7274,1
7278,1
7273,1
7085,1
7084,1
7279,1
7272,1
6784,1
7596,1
9209,1
7078,1
7079,1
18265,1
33811,1
22756,1
23574,1
18264,1
23573,1
23575,1
23576,1
6807,1
7286,1
7287,1
7285,1
7284,1
6806,1
34296,1
34284,1
19818,1
20637,1
19814,1
20636,1
50572,1
51970,1
51971,1
51972,1
34382,1
30113,1
31392,1
31393,1
31394,1
31395,1
31396,1
31397,1
31406,1
33509,1
33510,1
33511,1
33512,1
52835,1
52836,1
47559,1
26676,1
17794,1
47718,1
34383,1
57598,1
34186,1
34187,1
51576,1
55167,1
55179,1
31009,1
31018,1
30790,1
29212,1
29225,1
59380,1
59381,1
59382,1
59383,1
55777,1
55778,1
55746,1
30652,1
55632,1
55633,1
55610,1
52316,1
52317,1
52318,1
52319,1
52338,1
52339,1
53926,1
53927,1
52291,1
53923,1
32383,1
40623,1
40624,1
40625,1
40626,1
18937,1
21529,1
56816,1
56817,1
30861,1
32990,1
21674,1
22674,1
22366,1
22367,1
24433,1
24434,1
24435,1
24436,1
26509,1
26510,1
21800,1
24432,1
35025,4
52808,1
35042,4
47497,1
39221,4
17251,1
24510,1
49039,1
49051,1
50625,2
49052,1
50626,2
50703,1
50705,1
29273,1
29274,1
30944,1
30947,1
29262,1
51000,1
20432,1
20434,1
20797,1
20798,1
20412,1
33475,1
39468,1
50902,1
55917,5
55918,5
48062,5
48063,5
49938,5
50352,1
7363,1
7364,1
56496,1
23134,1
34488,1
34705,1
52690,1
52691,1
52692,1
52693,1
52694,1
52695,1
52696,1
52697,1
52756,1
54832,1
54833,1
54834,1
54835,1
54818,1
55044,1
55045,1
55046,1
55059,1
55060,1
55061,1
55024,1
55215,1
52907,1
52908,1
48267,1
48268,1
48269,1
48247,1
46546,1
46547,1
46548,1
46549,1
46530,1
48615,1
48616,1
48617,1
48618,1
48619,1
48620,1
48599,1
7223,1
57224,1
57333,1
52428,1
52134,1
52135,1
20578,1
7227,1
15391,1
17504,1
13617,1
9286,1
24807,1
25653,1
25654,1
25655,1
25661,1
24806,1
25656,1
15179,1
49848,1
20836,1
47548,1
48432,1
25591,1
31179,1
37513,4
37516,4
37531,4
37532,4
14739,1
14994,1
15183,1
25355,1
34490,1
34491,1
40138,1
40139,1
40140,1
49840,1
49843,1
49844,1
56677,1
56678,1
56679,1
56688,1
54084,1
49849,1
49852,1
56531,1
29582,1
33095,1
39343,1
39345,1
48102,5
51097,1
31911,1
35314,4
53896,1
22639,1
7392,1
7394,1
8541,1
35110,4
10742,1
10743,1
7393,1
31118,1
30565,1
55328,1
31796,1
31797,1
51336,1
51341,1
23831,1
23832,1
23830,1
23841,1
48363,1
48365,1
48366,1
48367,1
19438,1
38867,1
38868,1
38869,1
38870,1
39584,1
39585,1
39586,1
39587,1
46638,1
38702,1
10372,1
10373,1
10374,1
10375,1
57493,1
57494,1
57495,1
57496,1
21861,1
22007,1
45326,1
45327,1
45328,1
27812,1
27813,1
27814,1
27815,1
7323,1
27384,1
22785,1
22784,1
22783,1
54183,1
54184,1
54185,1
54186,1
58225,1
58226,1
17847,1
17206,1
17208,1
17212,1
22787,1
22788,1
53442,1
53443,1
53444,1
53445,1
53446,1
53447,1
53448,1
53449,1
53450,1
53451,1
53452,1
53453,1
53454,1
53455,1
53456,1
53457,1
53388,1
53389,1
53784,1
53785,1
53786,1
53787,1
53868,1
35382,1
28134,1
28143,1
28144,1
28145,1
28146,1
28109,1
59129,1
59130,1
59131,1
59132,1
20568,1
50216,1
50217,1
50218,1
50219,1
50220,1
50221,1
50222,1
50223,1
20523,1
20524,1
20525,1
20526,1
20527,1
20528,1
20529,1
21513,1
29432,1
26570,1
26384,1
17716,1
16701,1
17715,1
17445,1
17991,1
17444,1
17990,1
16700,1
7858,1
7863,1
7862,1
10956,1
10955,1
7859,1
16898,1
16899,1
7065,1
7865,1
7050,1
7868,1
7063,1
7070,1
7053,1
7082,1
7864,1
7088,1
7061,1
7071,1
7062,1
7601,1
7060,1
7867,1
7064,1
7602,1
7068,1
7069,1
7869,1
7083,1
7866,1
23556,1
29772,1
29773,1
29075,1
29077,1
29078,1
29079,1
33813,1
27889,1
25758,1
25759,1
16349,1
16343,1
16348,1
16342,1
16918,1
16919,1
5480,1
5481,1
7096,1
18270,1
18271,1
23555,1
7106,1
7105,1
8039,1
7103,1
7114,1
8040,1
7113,1
7108,1
7387,1
7107,1
7097,1
7305,1
7101,1
7102,1
7104,1
7098,1
29771,1
20641,1
19819,1
20640,1
19762,1
19815,1
19766,1
50575,1
50576,1
50610,1
50611,1
51975,1
22535,1
32236,1
29743,1
29744,1
29745,1
29746,1
29747,1
29748,1
29749,1
29750,1
30115,1
30116,1
30117,1
31283,1
31284,1
31285,1
31286,1
31287,1
31288,1
31415,1
31416,1
31417,1
31418,1
31419,1
31420,1
31421,1
31446,1
31447,1
33525,1
33526,1
39650,1
39652,1
39653,1
39654,1
39655,1
39656,1
39657,1
39658,1
39659,1
39660,1
53968,1
53969,1
53970,1
53971,1
53972,1
53973,1
56423,1
56424,1
50748,1
50749,1
50750,1
52839,1
52840,1
56359,1
56360,1
56361,1
56362,1
12740,1
12257,1
59589,1
11510,1
22571,1
47562,1
52034,1
17889,1
17807,1
26320,1
26321,1
23410,1
26625,1
26631,1
26632,1
13362,1
57588,1
34194,1
34195,1
51579,1
51590,1
55169,1
26748,1
59388,1
59389,1
59390,1
59391,1
55779,1
55780,1
55748,1
30654,1
31201,1
55634,1
55635,1
55612,1
52324,1
52325,1
52326,1
52327,1
53928,1
53929,1
53930,1
53931,1
52293,1
53924,1
26415,1
32391,1
32392,1
40631,1
40632,1
45647,1
45648,1
26430,1
14474,1
36532,4
56821,1
56822,1
30864,1
27152,1
28693,1
28695,1
32993,1
58204,1
58205,1
30040,1
30041,1
26604,1
20295,1
20296,1
20297,1
20298,1
24366,1
24367,1
26511,1
26512,1
20382,1
47904,1
57346,1
57347,1
57348,1
57349,1
14393,1
17254,1
49041,1
48961,2
49056,1
48993,2
49057,1
28912,1
28913,1
28914,1
28915,1
28885,1
36920,5
26457,1
51002,1
20444,1
20446,1
20415,1
33478,1
39470,1
7089,1
50922,1
56100,1
50905,1
51603,1
55921,5
55922,5
58978,5
58979,5
47971,5
47972,5
31144,1
58377,5
32291,5
13301,1
13302,1
56498,1
36349,4
21431,1
52630,1
52631,1
52632,1
52633,1
52634,1
52635,1
52636,1
52637,1
52758,1
54842,1
54843,1
54844,1
54845,1
54846,1
54847,1
54820,1
55053,1
55054,1
55055,1
55203,1
55204,1
55205,1
55027,1
55216,1
39531,1
48273,1
48274,1
48275,1
48249,1
46554,1
46555,1
46556,1
46557,1
46558,1
46559,1
46532,1
48629,1
48630,1
48631,1
48632,1
48601,1
57226,1
59209,1
52430,1
53939,1
52138,1
52139,1
15732,1
6962,1
6961,1
13439,1
19439,1
13002,1
13620,1
9288,1
13818,1
18852,1
38659,4
38660,4
24263,1
12655,1
38658,4
17555,1
56466,1
27441,1
23072,1
23955,1
23963,1
21384,1
45664,1
48435,1
19938,1
38653,4
25991,1
18853,1
18854,1
18855,1
18856,1
18857,1
18858,1
18859,1
18860,1
18861,1
18862,1
29113,1
29114,1
29115,1
29334,1
29335,1
29337,1
29338,1
56630,1
56631,1
56632,1
56633,1
54086,1
21460,1
19933,1
47448,1
28788,1
56533,1
29585,1
32485,5
31304,1
11763,1
31914,1
53897,1
10748,1
10749,1
10750,1
10751,1
35108,4
