machine_code,status_id
30568,1
57501,1
57502,1
57503,1
57504,1
57087,1
57088,1
57089,1
57090,1
57080,1
30334,1
52931,1
52932,1
52933,1
52934,1
53482,1
53483,1
53484,1
53485,1
53486,1
53487,1
53488,1
53489,1
53490,1
53491,1
53492,1
53493,1
53394,1
53395,1
59133,1
59134,1
59135,1
59136,1
7680,1
50228,1
50231,1
50581,1
50582,1
50583,1
50584,1
51976,1
51977,1
30329,1
29918,1
29919,1
29920,1
29921,1
29922,1
29923,1
29924,1
29925,1
29926,1
29927,1
29928,1
29929,1
29930,1
29931,1
29932,1
29933,1
29934,1
29935,1
29936,1
29937,1
30134,1
30135,1
31279,1
31407,1
31434,1
31435,1
33533,1
33534,1
39635,1
39636,1
39637,1
39638,1
39639,1
39640,1
57979,1
57980,1
57981,1
57982,1
57983,1
57984,1
54241,1
54242,1
54468,1
54469,1
56427,1
56428,1
52845,1
52846,1
52847,1
52848,1
52866,1
53054,1
53957,1
56369,1
56370,1
56371,1
56372,1
56373,1
56374,1
59775,1
59776,1
59599,1
30731,1
30733,1
47574,1
52038,1
47723,1
47724,1
59169,1
59170,1
59171,1
59172,1
57590,1
34208,1
51584,1
55173,1
59396,1
59397,1
59398,1
59399,1
55763,1
55764,1
55765,1
55766,1
55751,1
55656,1
55657,1
55615,1
52341,1
52343,1
53932,1
53933,1
52298,1
53925,1
40639,1
40640,1
40641,1
40642,1
56826,1
56827,1
56828,1
30867,1
28691,1
28698,1
30340,1
30418,1
32995,1
30336,1
30337,1
30338,1
30339,1
30335,1
58379,1
52714,1
52715,1
52716,1
52717,1
52749,1
52750,1
52761,1
54856,1
54857,1
54858,1
54859,1
54823,1
55065,1
55066,1
55067,1
55031,1
48309,1
48310,1
48311,1
48254,1
46606,1
46607,1
46534,1
57228,1
59211,1
52433,1
13438,1
22675,1
34601,1
6963,1
25659,1
30395,1
53907,1
12189,1
10746,1
17397,1
22850,1
22851,1
22852,1
55343,1
31817,1
31823,1
38909,1
38912,1
39580,1
39581,1
46648,1
38735,1
57477,1
57478,1
57479,1
57480,1
49378,1
49379,1
54211,1
54212,1
54213,1
54214,1
53578,1
53579,1
53580,1
53581,1
53582,1
53583,1
53915,1
53916,1
53917,1
53918,1
53919,1
53920,1
53408,1
53914,1
59113,1
59114,1
59115,1
59116,1
49400,1
50292,1
50293,1
50294,1
50295,1
49324,1
49327,1
49326,1
49328,1
10952,1
10951,1
7846,1
7847,1
49329,1
23559,1
23560,1
49344,1
49343,1
49348,1
49349,1
49347,1
49350,1
7099,1
7100,1
50618,1
50619,1
50620,1
39679,1
39680,1
39681,1
40039,1
40045,1
40047,1
40050,1
40069,1
40071,1
49630,1
49631,1
49632,1
49633,1
49634,1
49635,1
49636,1
49637,1
49638,1
49639,1
49640,1
49641,1
49642,1
49643,1
49644,1
49645,1
49646,1
49647,1
49648,1
49649,1
57988,1
57989,1
57990,1
57991,1
57992,1
57993,1
54361,1
54362,1
54365,1
54366,1
56437,1
56438,1
49650,1
49651,1
49652,1
49653,1
49654,1
50806,1
50807,1
52871,1
52872,1
56407,1
56408,1
56415,1
56416,1
56417,1
56418,1
59602,1
49493,1
49494,1
47598,1
47599,1
52054,1
59207,1
59208,1
57601,1
59438,1
59439,1
55646,1
55647,1
55630,1
52396,1
52397,1
52314,1
40643,1
40644,1
56859,1
56860,1
28697,1
36581,1
49470,1
49048,1
48988,1
49070,1
48987,1
49071,1
49506,1
49507,1
49508,1
49509,1
49510,1
49511,1
49512,1
26458,1
37536,1
50928,1
54067,1
50917,1
49413,1
49341,1
46786,1
58984,1
51879,1
49537,1
49538,1
54026,1
58392,1
49530,1
49531,1
50359,1
56507,1
49459,1
49460,1
49461,1
52752,1
52753,1
52754,1
52755,1
52773,1
54888,1
54889,1
54890,1
54891,1
54830,1
50386,1
50387,1
50383,1
48637,1
48638,1
48639,1
48640,1
48603,1
49317,1
57241,1
52445,1
49319,1
52164,1
52165,1
49320,1
49316,1
49415,1
49416,1
49417,1
49406,1
49732,1
49418,1
49419,1
49424,1
49425,1
49422,1
49423,1
49407,1
49429,1
56473,1
49440,1
49441,1
49405,1
49412,1
49446,1
49404,1
49410,1
49453,1
49454,1
49457,1
49411,1
49430,1
49431,1
49432,1
49433,1
49434,1
49435,1
49436,1
49437,1
29324,1
29325,1
29326,1
56657,1
56658,1
56659,1
49444,1
54099,1
49450,1
49451,1
56542,1
29584,1
29586,2
49532,1
51102,1
51623,1
56002,1
49293,1
49294,1
49295,1
49296,1
49297,1
31818,1
31824,1
48422,1
48425,1
38883,1
38884,1
46430,1
46431,1
46791,1
46429,1
57537,1
57538,1
57539,1
57540,1
25816,1
25817,1
46793,1
46792,1
45363,1
45379,1
45421,1
47464,1
46114,1
46115,1
57281,1
57282,1
57283,1
57284,1
57289,1
57302,1
57303,1
57304,1
53590,1
53591,1
53592,1
53593,1
53594,1
53595,1
53596,1
53597,1
53598,1
53599,1
53600,1
53601,1
53602,1
53603,1
53604,1
53605,1
53410,1
53411,1
39960,1
47177,1
47179,1
59149,1
59150,1
59151,1
59152,1
46858,1
50288,1
50289,1
50290,1
50291,1
46853,1
46855,1
46949,1
46944,1
46942,1
46935,1
46946,1
46940,1
46888,1
46925,1
46932,1
46923,1
46941,1
46920,1
46922,1
46910,1
46903,1
46900,1
46947,1
46924,1
46948,1
46933,1
46928,1
46936,1
46915,1
46934,1
46885,1
46876,1
46913,1
46881,1
46882,1
46917,1
46891,1
46899,1
46897,1
46926,1
46893,1
46914,1
46889,1
46908,1
46916,1
46904,1
46890,1
46905,1
46895,1
46896,1
55807,1
50614,1
50615,1
50616,1
50617,1
39641,1
39642,1
39644,1
40072,1
40073,1
46685,1
46686,1
46687,1
46688,1
46689,1
46690,1
46691,1
46692,1
46693,1
46694,1
46695,1
46696,1
46697,1
46698,1
46699,1
46700,1
46701,1
46702,1
46703,1
46704,1
46705,1
46706,1
46707,1
46708,1
46709,1
47415,1
47416,1
47417,1
47418,1
47419,1
47420,1
47421,1
47422,1
47423,1
47424,1
47425,1
47426,1
47427,1
47428,1
47429,1
47430,1
47431,1
47432,1
47433,1
47434,1
47435,1
47436,1
47437,1
47438,1
47439,1
47440,1
47441,1
47442,1
47443,1
47444,1
57582,1
57583,1
57584,1
57585,1
57586,1
57985,1
57986,1
57987,1
54253,1
54254,1
54255,1
54256,1
54355,1
54356,1
56435,1
56436,1
49683,1
49684,1
49685,1
49686,1
49687,1
50801,1
50802,1
50803,1
50804,1
50805,1
52073,1
52074,1
52075,1
52843,1
52869,1
52870,1
53041,1
53042,1
53055,1
53056,1
53948,1
53949,1
53951,1
53959,1
53961,1
53962,1
56411,1
56412,1
56413,1
56414,1
59600,1
59601,1
46750,1
46751,1
46754,1
46755,1
47258,1
47616,1
52052,1
52053,1
35674,1
59201,1
59202,1
59203,1
59204,1
59205,1
59206,1
57600,1
46771,1
46772,1
51598,1
55185,1
46797,1
59434,1
59435,1
59436,1
59437,1
55996,1
55997,1
55995,1
46782,1
55671,1
55672,1
55629,1
52390,1
52391,1
52392,1
52394,1
52395,1
53936,1
52312,1
52313,1
46780,1
49144,1
49145,1
51027,1
46432,1
46433,1
46779,1
56852,1
56856,1
56857,1
56858,1
46796,1
32663,1
46839,1
46840,1
46841,1
46842,1
46843,1
46774,1
47198,1
47199,1
47200,1
47202,1
47204,1
40163,1
46813,1
46814,1
46815,1
46816,1
46822,1
53877,1
58295,1
56700,1
49756,1
51616,1
58582,1
50647,1
55244,1
58823,1
49050,1
49015,1
49074,1
49016,1
49075,1
32659,1
32660,1
50710,1
46859,1
46860,1
46861,1
46862,1
46863,1
47229,1
46756,1
47160,1
47159,1
47105,1
47111,1
47112,1
47113,1
47114,1
47115,1
47116,1
47117,1
47118,1
47119,1
47120,1
47156,1
51008,1
47157,1
47195,1
55233,1
57580,1
47558,1
47191,1
47192,1
47193,1
47194,1
50927,1
46898,1
54066,1
56101,1
50916,1
50915,1
52008,1
51609,1
39438,1
39439,1
39442,1
39443,1
46789,1
50717,1
47109,1
47771,1
53014,1
53015,1
51823,1
48029,1
48030,1
48031,1
49216,1
46769,1
46768,1
47218,1
47219,1
47220,1
58390,1
58391,1
47210,1
47211,1
47462,1
47463,1
50358,1
56509,1
52742,1
52744,1
52746,1
52747,1
52748,1
52751,1
52772,1
53006,1
54814,1
54815,1
54816,1
54817,1
54799,1
55095,1
55096,1
55214,1
55041,1
46844,1
46602,1
46603,1
46616,1
46617,1
46618,1
46619,1
46620,1
46621,1
46545,1
48691,1
48692,1
48693,1
48694,1
48695,1
48696,1
48697,1
48698,1
48614,1
47414,1
57239,1
57240,1
52444,1
47172,2
47173,1
52162,1
52163,1
47167,1
47171,1
47170,1
47168,1
47265,1
47166,1
46838,1
47110,1
46757,1
49731,1
47408,1
47406,1
47407,1
46964,1
46962,1
46959,2
47158,1
47106,1
46984,1
46985,1
46983,1
46981,1
46977,1
46978,1
46982,1
46979,1
46980,1
47031,1
47039,1
47038,1
47027,1
47026,1
47028,1
47029,1
47030,1
47042,1
47032,1
47033,1
47034,1
47035,1
47036,1
47043,1
47044,1
47040,1
47046,1
47047,1
47045,1
47048,1
47081,1
47085,1
47087,1
47090,1
46996,1
46999,1
47001,2
47003,1
47004,1
47078,1
47079,1
47080,1
47082,1
47083,1
47084,1
47023,1
47024,1
47067,1
47071,1
47072,1
47073,1
47070,1
47015,1
47008,1
47012,2
47011,1
47059,1
47009,2
47060,1
47014,1
47013,1
47016,1
46956,1
46958,1
46957,2
46987,1
46986,1
47077,1
46994,1
46993,1
47147,1
56475,1
47121,1
47483,1
46968,1
48448,1
48447,1
46971,1
46972,1
46973,1
46974,1
46975,1
46976,1
46969,2
46970,1
46955,1
46965,2
46967,1
47053,1
47054,1
47094,1
47095,1
47098,1
47103,1
57382,1
38321,1
38322,1
47148,1
47149,1
47150,1
47151,1
47152,1
47153,1
47154,1
47155,1
47124,1
47125,1
47126,1
47127,1
56665,1
56666,1
56667,1
56668,1
56669,1
56670,1
56671,1
56672,1
56673,1
56674,1
56675,1
56676,1
54098,1
46953,1
16165,1
17526,1
47451,1
47452,1
47453,1
47454,1
48817,1
47181,1
56544,1
47163,1
47164,1
47230,1
55846,1
47206,1
46760,1
56454,1
47162,1
47180,1
47459,1
47175,1
47244,1
47245,1
47246,1
47247,1
47248,1
47249,1
47250,1
47251,1
47252,2
47253,1
48834,1
48835,1
53906,1
56251,1
56252,1
55334,1
37862,1
37864,1
45608,1
51396,1
51397,1
48390,1
48391,1
48392,1
48393,1
38279,1
38280,1
37948,1
37949,1
37950,1
37951,1
38873,1
38874,1
38893,1
38894,1
38895,1
38896,1
39598,1
39599,1
46643,1
38731,1
57509,1
57510,1
57511,1
57512,1
38055,1
38056,1
38057,1
57091,1
57092,1
57081,1
38167,1
38191,1
38281,1
54199,1
54200,1
54201,1
54202,1
57654,1
57655,1
53522,1
53523,1
53524,1
53525,1
53526,1
53527,1
53528,1
53529,1
53530,1
53531,1
53532,1
53533,1
53586,1
53587,1
53588,1
53589,1
53400,1
53401,1
53800,1
53801,1
53802,1
53803,1
53804,1
53805,1
53806,1
53807,1
35384,1
37579,1
37583,1
37584,1
37595,1
59141,1
59142,1
59143,1
59144,1
37633,1
50260,1
50261,1
50262,1
50263,1
50264,1
50265,1
37636,1
37637,1
37638,1
37641,1
35863,1
35372,1
35858,1
35857,1
35864,1
35371,1
35734,1
35425,1
35603,1
35913,1
35884,1
35854,1
35731,1
46878,1
46886,1
46907,1
46883,1
46879,1
46892,1
46901,1
46919,1
46887,1
46880,1
46912,1
46902,1
46937,1
46906,1
35600,1
35601,1
35724,1
35723,1
35737,1
46873,2
36445,1
36017,1
36113,1
36110,1
36112,1
36018,1
36447,1
36176,1
36172,1
36173,1
36174,1
46909,1
55803,1
35989,1
37173,1
36162,1
36376,1
37255,1
37283,1
36101,1
36087,1
36049,1
36317,1
36042,1
37182,1
36321,1
37286,1
35979,1
36434,1
37246,1
36041,1
35993,1
36392,1
36330,1
37480,1
37271,1
36099,1
36100,1
36056,1
50591,1
50592,1
50593,1
50612,1
35358,1
35359,1
35427,1
35428,1
35429,1
35430,1
35431,1
35432,1
35433,1
35434,1
35435,1
35436,1
35437,1
35438,1
35439,1
35440,1
35441,1
35442,1
35444,1
35445,1
35446,1
35447,1
35449,1
35450,1
35451,1
35452,1
35453,1
35454,1
35455,1
35456,1
35511,1
35512,1
35513,1
35514,1
35515,1
35516,1
35517,1
35518,1
35519,1
35520,1
35521,1
35522,1
35523,1
35524,1
35525,1
35526,1
35528,1
35529,1
35530,1
35531,1
35533,1
35534,1
35535,1
35536,1
35537,1
35538,1
35539,1
35540,1
35541,1
35542,1
35543,1
35544,1
35545,1
35546,1
35547,1
35548,1
35549,1
35550,1
35551,1
35552,1
35553,1
35554,1
35555,1
35556,1
35557,1
35558,1
39643,1
39648,1
39668,1
56429,1
56430,1
50790,1
50791,1
50792,1
50793,1
52853,1
52854,1
53043,1
53044,1
56379,1
56380,1
56381,1
56382,1
35680,1
35681,1
59592,1
35865,1
35867,1
35869,1
35870,1
35872,1
47577,1
47579,1
47581,1
52040,1
35906,1
35938,1
35939,1
35998,1
35999,1
36000,1
36001,1
49500,1
47721,1
47722,1
47729,1
47730,1
47731,1
47732,1
49501,1
36024,1
35673,1
57592,1
36401,1
36402,1
51582,1
51587,1
55176,1
36528,1
36454,1
36461,1
36482,1
59408,1
59409,1
59410,1
59411,1
59430,1
59431,1
55767,1
55768,1
55752,1
35181,1
35182,1
35183,1
35184,1
55660,1
55661,1
55662,1
55618,1
55619,1
52352,1
52353,1
52354,1
52355,1
52356,1
52357,1
52301,1
52302,1
36512,1
36513,1
40655,1
40656,1
40657,1
40658,1
36536,1
36537,1
56834,1
56835,1
56836,1
30346,1
36553,1
36593,1
36594,1
36595,1
36596,1
36597,1
36599,1
51627,1
34931,1
34932,1
34923,1
34924,1
39555,1
34990,1
34991,1
34994,1
34995,1
34996,1
34997,1
34987,1
40106,1
47905,1
49114,1
53910,1
57354,1
57355,1
57356,1
57357,1
35094,1
35099,1
49044,1
48975,1
49062,1
48977,1
49063,1
50701,1
50702,1
36259,1
36260,1
36261,1
36262,1
36253,1
36947,1
36381,1
37424,1
37427,1
48805,1
36150,1
36151,1
36149,1
33477,1
55294,1
37449,1
57576,1
47556,1
47187,1
47188,1
46321,1
54062,1
50911,1
50914,1
54045,1
35648,1
52003,1
51604,1
39454,1
39455,1
49085,1
55955,1
55956,1
58982,1
34855,1
34858,1
53010,1
51819,1
48013,1
48014,1
48015,1
58382,1
34909,1
34910,1
47461,1
36329,2
56502,1
36341,1
36342,1
36343,1
36344,1
36345,1
36347,1
52718,1
52719,1
52720,1
52721,1
52722,1
52723,1
52724,1
52725,1
52764,1
54800,1
54801,1
54802,1
54803,1
54804,1
54805,1
54878,1
54879,1
54797,1
55074,1
55075,1
55076,1
55209,1
55210,1
55211,1
55034,1
55218,1
39536,1
52903,1
52904,1
48312,1
48313,1
48314,1
48257,1
46580,1
46581,1
46582,1
46583,1
46537,1
48649,1
48650,1
48651,1
48652,1
48653,1
48654,1
48606,1
36052,1
57231,1
57336,1
52436,1
53941,1
36140,1
36144,1
36143,1
36141,2
36137,1
36138,1
36142,1
36145,1
36146,1
36147,1
36084,1
52148,1
52149,1
36074,2
36853,1
37511,1
36739,1
36740,1
37344,1
37345,1
36788,1
36789,1
37542,1
37543,1
38657,1
36826,1
36827,1
36824,1
36825,1
36829,1
36770,1
37169,1
36858,1
36859,1
36860,1
36771,2
37355,1
37554,1
37555,1
37556,1
37557,1
37176,1
37179,1
37170,1
37171,1
37476,1
36621,1
36622,1
37330,1
37313,1
37315,1
37262,1
37263,1
37467,1
38639,1
38638,1
35002,1
47062,1
47069,1
36277,1
36275,1
36718,1
56469,1
36746,1
36752,1
36757,2
36833,1
45671,1
48438,1
36783,1
36821,1
37208,1
36652,1
36640,1
36641,1
37224,1
37226,1
37227,1
37217,1
37219,1
37225,1
37195,1
37196,1
37466,1
36772,1
47049,1
47051,1
37281,1
37307,1
36781,1
36666,1
36776,2
36780,1
36782,1
36800,1
36801,1
36862,1
36863,1
36864,1
36779,1
36861,1
36865,1
38480,1
37499,1
37502,1
37503,1
37504,1
37505,1
37506,1
37507,1
37508,1
37509,1
37510,1
35911,1
37530,5
36729,1
36730,1
36731,1
58068,1
58069,2
58070,1
58071,1
58072,1
36674,1
36675,1
36676,1
36677,1
36678,1
36679,1
36713,1
36714,1
36715,1
36716,1
29327,1
36709,1
36710,1
36711,1
36712,1
56641,1
56642,1
56643,1
56644,1
56660,1
56661,1
56687,1
36753,1
36754,1
36417,1
36013,1
36015,1
36175,2
36111,2
54091,1
36367,1
37183,1
36300,1
35949,1
35738,1
35739,2
35735,1
35721,1
35934,1
35339,1
35877,1
35951,1
37238,1
47449,1
47450,1
37239,1
35295,1
35732,1
35733,1
56537,1
35205,1
35209,1
35104,1
47458,1
37926,1
21444,1
35156,1
35157,1
35158,1
35159,1
35224,1
53902,1
35167,1
35169,2
35170,1
35171,2
35172,1
37792,1
37793,1
38918,1
38919,1
45603,1
48382,1
48383,1
48384,1
48385,1
38287,1
38288,1
38084,1
38085,1
37957,1
37958,1
38885,1
38886,1
38887,1
38888,1
46641,1
38729,1
57453,1
57454,1
57455,1
57456,1
57457,1
57458,1
57459,1
57460,1
25815,1
25818,1
38121,1
38182,1
38130,1
45386,1
45387,1
45388,1
45389,1
45391,1
38209,1
38210,1
38211,1
30912,1
37666,1
37668,1
38188,1
52935,1
52936,1
52937,1
52938,1
37797,1
37798,1
37799,1
37800,1
53494,1
53495,1
53496,1
53497,1
53498,1
53499,1
53500,1
53501,1
53502,1
53503,1
53504,1
53505,1
53506,1
53507,1
53508,1
53509,1
53396,1
53397,1
53826,1
53827,1
53828,1
53829,1
21210,1
37569,1
37570,1
37571,1
37572,1
59089,1
59090,1
59091,1
59092,1
37421,1
50246,1
50247,1
50248,1
50249,1
50250,1
50251,1
50252,1
50253,1
20512,1
20513,1
20514,1
20515,1
37626,1
37627,1
37628,1
37959,1
35416,1
35966,1
35725,1
35824,1
37971,1
37965,1
35841,1
37966,1
35907,1
35388,1
35362,1
37964,1
37954,1
35878,1
35726,1
38632,1
38633,1
22743,1
22806,1
55801,1
36086,1
37268,1
37180,1
36431,1
36430,1
36324,1
37181,1
36418,1
37270,1
36366,1
36296,1
36315,1
37477,1
36307,1
37252,1
50588,1
50589,1
35604,1
35605,1
35606,1
35607,1
35608,1
35609,1
35610,1
35611,1
35612,1
35613,1
50960,1
50961,1
50962,1
50963,1
50964,1
50965,1
50966,1
50967,1
50968,1
50969,1
50970,1
50971,1
50972,1
50973,1
50974,1
50975,1
50976,1
50977,1
50978,1
50979,1
54470,1
54471,1
52849,1
52850,1
56375,1
56376,1
56377,1
56378,1
35844,1
39938,1
52039,1
39950,1
35915,1
35916,1
39723,1
39725,1
32881,1
32882,1
35973,1
39726,1
47725,1
47726,1
36019,1
36023,1
57591,1
36393,1
36394,1
36395,1
36396,1
51585,1
55174,1
55186,1
36457,1
36465,1
36477,1
36496,1
59400,1
59401,1
59402,1
59403,1
56702,1
56703,1
56704,1
56705,1
56701,1
35173,1
35174,1
35175,1
35176,1
55636,1
55637,1
55616,1
52344,1
52345,1
52346,1
52347,1
52991,1
52992,1
52993,1
52994,1
52299,1
52990,1
36510,1
36511,1
40651,1
40652,1
45652,1
45653,1
51026,1
56829,1
56830,1
56831,1
36561,1
36580,1
35287,1
35288,1
36582,1
36600,1
39557,1
34965,1
46845,1
46817,1
46818,1
46819,1
46820,1
46821,1
57557,1
52809,1
58579,1
50644,1
55242,1
51021,1
49003,1
49968,1
49005,1
49969,1
50699,1
50700,1
36257,1
36258,1
36252,1
51016,1
51017,1
36948,1
35830,1
51005,1
48807,1
46320,1
56036,1
50908,1
50909,1
39444,1
39445,1
37461,1
37463,1
37464,1
50715,1
58981,1
48075,1
48076,1
54024,1
58380,1
49945,1
50354,1
56500,1
33785,1
36338,1
36339,1
39727,2
52644,1
52645,1
52646,1
52647,1
52648,1
52649,1
52650,1
52651,1
52762,1
54860,1
54861,1
54862,1
54863,1
54824,1
55068,1
55069,1
55070,1
55206,1
55207,1
55208,1
55032,1
55217,1
52899,1
52900,1
48279,1
48280,1
48281,1
49746,1
49747,1
49748,1
48255,1
49745,1
46572,1
46573,1
46574,1
46575,1
51022,1
51023,1
51024,1
51025,1
46535,1
48641,1
48642,1
48643,1
48644,1
48604,1
36051,1
57229,1
57335,1
52434,1
36213,1
36210,1
36212,1
36211,1
40001,1
52144,1
52145,1
37192,1
39858,1
35965,1
36287,1
36620,1
37329,1
37312,1
37261,1
37471,1
47037,1
47041,1
46995,1
47005,1
47066,1
47068,1
36671,1
49817,1
56468,1
37391,1
45669,1
39916,1
39928,1
39917,1
36648,1
36649,1
47097,1
36664,1
36665,1
37178,1
57379,1
37515,2
37522,1
30540,2
37528,1
36690,1
36693,1
36695,1
37386,1
37387,1
49818,1
49819,1
49820,1
49821,1
49823,1
49824,1
49825,1
49826,1
56680,1
56681,1
56682,1
56683,1
54089,1
54096,1
49850,1
49853,1
56535,1
35203,1
39365,1
48103,1
51099,1
47176,1
35116,1
35117,1
35118,1
35160,1
35161,1
48404,1
48406,1
38907,1
38908,1
39596,1
39597,1
46647,1
39577,1
57525,1
57526,1
57527,1
57528,1
57529,1
57530,1
57531,1
57532,1
38136,1
57273,1
57274,1
57275,1
57276,1
57288,1
57299,1
57300,1
57301,1
53562,1
53563,1
53564,1
53565,1
53566,1
53567,1
53568,1
53569,1
53570,1
53571,1
53572,1
53573,1
53406,1
53407,1
59101,1
59102,1
59103,1
59104,1
38335,1
38329,1
38333,1
38330,1
38331,1
38332,1
38334,1
38336,1
35876,1
35957,1
35894,1
35883,1
35678,1
35828,1
35423,1
35394,1
38325,1
38328,1
38326,1
38327,1
38323,1
38324,1
55805,1
36097,1
37259,1
36373,1
36436,1
37285,1
35996,1
50604,1
50605,1
50606,1
50607,1
35367,1
35368,1
35396,1
35397,1
35398,1
35399,1
35400,1
35401,1
35402,1
35403,1
35404,1
35405,1
35406,1
35407,1
35408,1
35409,1
35410,1
35411,1
35412,1
35413,1
31438,1
31439,1
31440,1
31441,1
31442,1
31443,1
31444,1
31445,1
35594,1
35595,1
35596,1
35597,1
35598,1
35599,1
36115,1
36116,1
36117,1
36129,1
36130,1
36132,1
36178,1
36179,1
36875,1
39645,1
39646,1
47546,1
47547,1
54249,1
54250,1
54251,1
54252,1
54478,1
54479,1
50779,1
50780,1
50781,1
50782,1
52066,1
52067,1
52861,1
52862,1
53049,1
53050,1
53955,1
53956,1
56393,1
56394,1
56395,1
56396,1
56397,1
56398,1
56399,1
56400,1
56409,1
56410,1
35696,1
35697,1
35699,1
35700,1
35701,1
35702,1
35703,1
35704,1
35705,1
35706,1
35707,1
35708,1
35709,1
35710,1
35711,1
35712,1
35713,1
35714,1
35715,1
35716,1
35717,1
35718,1
35814,1
35815,1
35816,1
59597,1
35873,1
47596,1
52046,1
52047,1
35664,1
47727,1
47728,1
35675,1
59193,1
59194,1
59195,1
59196,1
59197,1
59198,1
57596,1
36411,1
36414,1
51592,1
55181,1
36456,1
36463,1
36491,1
39259,1
59422,1
59423,1
59424,1
59425,1
55773,1
55774,1
55775,1
55776,1
55755,1
35195,1
35198,1
55668,1
55669,1
55670,1
55624,1
55625,1
52374,1
52375,1
52376,1
52377,1
52308,1
36525,1
40671,1
40672,1
40673,1
40674,1
36538,1
56846,1
56847,1
56848,1
27424,1
36558,1
36601,1
36603,1
36604,1
36605,1
34967,1
58294,1
56699,1
52810,1
51615,1
58581,1
50646,1
55243,1
53909,2
58822,1
51630,1
51631,1
51629,1
37426,1
37538,1
37451,1
50926,1
45676,1
48443,1
55959,1
55960,1
58983,1
51821,1
48022,1
48023,1
48024,1
58385,1
49946,1
36360,1
36361,1
36362,1
52668,1
52669,1
52670,1
52671,1
52672,1
52673,1
52768,1
55086,1
55087,1
55088,1
55097,1
55212,1
55213,1
55038,1
55219,1
39540,1
48318,1
48319,1
48320,1
48261,1
46596,1
46597,1
46598,1
46599,1
46541,1
48671,1
48672,1
48673,1
48674,1
48610,1
57235,1
59213,1
52440,1
34702,1
38397,1
38398,1
52154,1
52155,1
36098,1
36856,1
37548,1
37552,1
37339,1
37327,1
36630,1
36749,1
36836,1
36847,1
36803,1
36851,1
37251,1
37293,1
57380,1
37512,1
37534,1
54094,1
35207,1
39381,1
33419,1
33753,1
35142,1
35143,1
35144,1
35145,1
35146,1
35147,1
35148,1
35223,1
53899,1
37788,1
37790,1
31810,1
38916,1
37795,1
38285,1
48388,1
48389,1
37946,1
38889,1
38890,1
38891,1
38892,1
39776,1
39777,1
46642,1
38730,1
38036,2
38037,2
38038,2
38039,2
57461,1
57462,1
57463,1
57464,1
38164,1
38132,1
38120,1
38286,1
38290,1
37671,1
38137,1
38139,1
54195,1
54196,1
54197,1
54198,1
57653,1
58227,1
53510,1
53511,1
53512,1
53513,1
53514,1
53515,1
53516,1
53517,1
53518,1
53519,1
53520,1
53521,1
53398,1
53399,1
53832,1
53833,1
53871,1
54484,1
54485,1
21595,1
35385,1
37576,1
37577,1
37580,1
59137,1
59138,1
59139,1
59140,1
37649,1
50258,1
50259,1
37650,1
37651,1
37652,1
37653,1
37654,1
37655,1
35829,1
35910,1
35642,1
35602,1
35424,1
35879,1
35727,1
35853,1
35389,1
35666,1
35967,1
55802,1
37240,1
37710,1
37711,1
36316,1
37253,1
37701,1
37280,1
37254,1
36055,1
36375,1
37282,1
36433,1
36064,1
37475,1
37211,1
50590,1
51978,1
51979,1
51980,1
35349,1
32237,1
30127,1
31436,1
31437,1
36152,1
36153,1
36154,1
36155,1
36156,1
36157,1
36158,1
36159,1
36160,1
36180,1
54472,1
54473,1
52851,1
52852,1
53952,1
47576,1
47717,1
36398,1
51583,1
51586,1
55175,1
36453,1
36460,1
36480,1
36497,1
59404,1
59405,1
59406,1
59407,1
56707,1
56708,1
56706,1
35180,1
55658,1
55659,1
55617,1
52348,1
52349,1
52350,1
52351,1
52300,1
40653,1
40654,1
45726,1
45727,1
36540,1
36541,1
56832,1
56833,1
16860,1
28696,1
36606,1
36607,1
49043,1
48983,1
49060,1
48985,1
49061,1
37483,1
35833,1
51006,1
50924,1
47482,1
45670,1
56035,1
48437,1
50910,1
39456,1
39457,1
48011,1
48012,1
58381,1
36328,1
56501,1
35948,1
36340,1
52652,1
52653,1
52654,1
52655,1
52656,1
52657,1
52763,1
54864,1
54865,1
54866,1
54867,1
54825,1
55071,1
55072,1
55073,1
55033,1
52901,1
52902,1
48282,1
48283,1
48284,1
48256,1
46576,1
46577,1
46578,1
46579,1
48121,1
48122,1
46536,1
48645,1
48646,1
48647,1
48648,1
49108,1
49109,1
48605,1
34830,1
57230,1
59212,1
52435,1
36168,1
36170,1
37354,1
36171,1
36050,1
36078,1
36177,1
52146,1
52147,1
36073,1
36305,1
36306,1
36311,1
36312,1
36313,1
37379,1
37380,1
37383,1
36290,1
36291,1
36289,1
37384,1
36294,1
36295,1
37389,1
37388,1
56130,1
23071,1
36298,1
36299,1
36293,1
36286,1
37385,1
36281,1
36282,1
37381,1
37382,1
36314,1
37523,1
37524,1
37529,1
38313,1
38314,1
38315,1
38316,1
38317,1
38318,1
38319,1
38320,1
38304,1
38305,1
38306,1
38307,1
38308,1
38309,1
49836,1
49837,1
49838,1
50831,1
56638,1
56639,1
56640,1
56656,1
54090,1
35992,1
37484,1
36432,1
37188,1
37189,1
56536,1
35204,1
39366,1
48104,1
51100,1
21446,1
53903,1
8549,1
35113,1
35166,1
35164,1
35165,1
37873,1
37874,1
45614,1
51312,1
49663,2
49666,2
48405,1
48407,1
38905,1
38906,1
46646,1
38734,1
57465,1
57466,1
57467,1
57468,1
25831,1
25832,1
38172,1
38135,1
39195,1
39196,1
39197,1
39198,1
37689,2
37699,1
57277,1
57278,1
57279,1
57280,1
53606,1
53607,1
53608,1
53609,1
54220,1
54221,1
54222,1
54223,1
54219,1
53836,1
53837,1
53869,1
59097,1
59098,1
59099,1
59100,1
37400,1
50232,1
50233,1
50234,1
50235,1
20193,1
20194,1
20197,1
20199,1
35670,1
35282,1
35354,1
35506,1
35660,1
35672,1
35905,1
35671,1
35509,1
35729,1
35898,1
35365,1
35392,1
35508,1
35507,1
35669,1
35730,1
35510,1
35827,1
35956,1
35904,1
35661,1
35393,1
35940,1
35818,1
35836,1
35819,1
35653,1
55804,1
36061,1
37215,1
36301,1
35983,1
37249,1
36096,1
37258,1
35994,1
37278,1
36094,1
36335,1
36380,1
37296,1
36369,1
37479,1
37203,1
35982,1
36067,1
37300,1
35995,1
36297,1
36372,1
36082,1
36319,1
37242,1
36384,1
37257,1
50600,1
50601,1
50602,1
50603,1
51983,1
51984,1
35360,1
35560,1
35561,1
35563,1
35565,1
35566,1
35567,1
35568,1
35569,1
35570,1
35571,1
35572,1
35573,1
35574,1
35575,1
35576,1
35577,1
35578,1
35579,1
35580,1
35581,1
35582,1
35583,1
35584,1
35585,1
35586,1
35587,1
35588,1
35589,1
35590,1
35591,1
35592,1
35593,1
35614,1
35615,1
35616,1
35617,1
35618,1
35619,1
35620,1
35621,1
35622,1
35623,1
35624,1
35625,1
35626,1
35627,1
35628,1
35629,1
35630,1
35631,1
35632,1
35633,1
35634,1
35635,1
35636,1
35637,1
35638,1
35639,1
35640,1
35641,1
38348,1
38349,1
38350,1
38351,1
38352,1
38353,1
38354,1
38355,1
38356,1
38357,1
38358,1
38359,1
38360,1
38361,1
38362,1
38363,1
38364,1
38365,1
38366,1
38367,1
38368,1
38369,1
38370,1
38371,1
47536,1
47537,1
47538,1
47539,1
47540,1
47541,1
47542,1
47543,1
47544,1
47545,1
54247,1
54248,1
54476,1
54477,1
56431,1
56432,1
56433,1
56434,1
50769,1
50770,1
50771,1
50772,1
50773,1
50774,1
50775,1
50776,1
50777,1
50778,1
52070,1
52071,1
52859,1
52860,1
53047,1
53048,1
56387,1
56388,1
56389,1
56390,1
56391,1
56392,1
35646,1
35688,1
35689,1
59595,1
59596,1
35889,1
35891,1
47590,1
47591,1
47592,1
47593,1
47594,1
52044,1
52045,1
57344,1
36021,1
36029,1
59183,1
59184,1
59185,1
59186,1
59187,1
59188,1
59189,1
59190,1
59191,1
59192,1
57595,1
58986,1
36409,1
36410,1
51591,1
55180,1
36488,1
59418,1
59419,1
59420,1
59421,1
35194,1
55638,1
55639,1
55623,1
52340,1
52342,1
52370,1
52371,1
52372,1
52373,1
52307,1
36455,1
40667,1
40668,1
36462,1
36542,1
36543,1
56844,1
56845,1
30865,1
36608,1
36609,1
36611,1
36612,1
36613,1
36614,1
39558,1
34966,1
34975,1
34981,1
40162,1
55822,1
35013,1
45451,1
52807,1
49752,1
57358,1
57359,1
57360,1
57361,1
49046,1
48962,1
49066,1
48994,1
49067,1
36246,1
36248,1
50706,1
36271,1
36272,1
36273,1
36274,1
36256,1
36951,1
37425,1
37438,1
37439,1
37440,1
37441,1
37442,1
37443,1
37444,1
37445,1
37446,1
37447,1
37448,1
36633,1
55234,1
55235,1
36751,1
57578,1
48806,1
49094,1
33202,1
33203,1
47185,1
47186,1
46323,1
50925,1
54046,1
54047,1
54048,1
54064,1
48442,1
50913,1
54043,1
54044,1
35650,1
52005,1
37454,1
51606,1
39448,1
39449,1
39452,1
39453,1
37455,1
38338,1
50716,1
34857,1
34860,1
48019,1
48020,1
48021,1
58384,1
34913,1
50356,1
56505,1
36346,1
36355,1
36356,1
36357,1
36358,1
36359,1
36184,2
52664,1
52665,1
52666,1
52667,1
52767,1
54872,1
54873,1
54874,1
54875,1
54876,1
54877,1
54827,1
55062,1
55063,1
55064,1
55193,1
55194,1
55195,1
55030,1
55192,1
39539,1
47257,1
48288,1
48289,1
48290,1
48260,1
46592,1
46593,1
46594,1
46595,1
46540,1
48667,1
48668,1
48669,1
48670,1
48609,1
27281,1
36054,2
36063,1
57234,1
52439,1
36181,1
38662,1
38663,1
36182,1
36183,1
35065,1
35067,1
52152,1
52153,1
36077,1
36855,1
37482,1
36741,1
36742,1
36743,1
36796,1
36795,1
37348,1
37349,1
37350,1
37351,1
37287,1
37289,1
36790,1
36791,1
36792,1
36793,1
36794,1
36857,1
49730,1
37545,1
37546,1
37551,1
37997,1
36831,1
36769,1
37560,1
37559,1
37186,1
37187,1
37357,1
37356,1
36636,1
37331,1
37332,1
37335,1
37336,2
37337,2
37316,1
37319,1
37320,1
37321,1
37322,1
37323,1
37324,1
37325,1
37264,1
37470,1
36627,1
36628,1
36629,1
35004,1
36656,1
36673,1
38016,1
56472,1
36748,1
36835,1
45674,1
45675,1
48441,1
37210,1
36653,1
37222,1
37231,1
37233,1
36654,1
37201,1
37207,1
37276,1
36774,1
37561,1
37352,1
37175,1
36876,1
36877,1
36879,1
37465,1
37311,1
36639,1
37519,1
37520,1
37521,1
37533,1
36698,1
36699,1
36700,1
36701,1
36702,1
36703,1
36704,1
36705,1
38003,1
38004,1
38005,1
38006,1
38007,1
38008,1
38012,1
38013,1
38014,1
38015,1
56649,1
56650,1
56651,1
35283,1
35353,1
35422,1
35421,1
54093,1
36302,1
36304,1
38017,1
38018,1
56540,1
40682,1
56128,1
53074,1
35211,1
53065,1
56126,1
53070,1
53071,1
35220,1
35106,1
51621,1
35222,1
35131,1
35132,1
35133,1
35134,1
35135,1
35136,1
35137,1
35138,1
35139,1
35140,1
35141,1
35214,1
35219,1
35221,1
55903,1
36185,1
53911,1
35112,2
31809,1
37844,1
37845,1
38917,1
49661,1
49662,1
48394,1
48396,1
38897,1
38898,1
46644,1
38732,1
57513,1
57514,1
57515,1
57516,1
38082,2
38168,1
38133,1
52939,1
52940,1
52941,1
52942,1
57286,1
57293,1
57294,1
57295,1
53534,1
53535,1
53536,1
53537,1
53538,1
53539,1
53540,1
53541,1
53542,1
53543,1
53544,1
53545,1
53402,1
53403,1
28149,1
28150,1
37587,1
37588,1
59093,1
59094,1
59095,1
59096,1
37410,1
37614,2
50266,1
50267,1
50268,1
50269,1
55300,1
55297,1
55298,1
55299,1
35505,1
35914,1
35281,1
35659,1
35419,1
35504,1
35655,1
35840,1
35363,1
35968,1
35954,1
35955,1
35364,1
35676,1
35887,1
35903,1
35728,1
35668,1
35390,1
16897,1
16896,1
16895,1
10593,1
10590,1
12089,1
12088,1
10594,1
10589,1
10591,1
10592,1
16894,1
9213,1
9214,1
9215,1
9216,1
7850,1
7851,1
32703,1
55301,1
55302,1
55806,1
36164,1
37168,1
36163,1
37167,1
37241,1
35981,1
36057,1
36093,1
37295,1
36388,1
37247,1
36379,1
37708,1
36066,1
36046,1
36308,1
36423,1
36425,1
36089,1
36370,1
36322,1
36333,1
36092,1
37272,1
36045,1
36047,1
36081,1
36387,1
36378,1
35997,1
36059,1
36103,1
37478,1
37191,1
37485,1
36419,1
37212,1
37299,1
36318,1
36058,1
6813,1
6812,1
50594,1
50595,1
50596,1
50597,1
51981,1
51982,1
37608,1
37610,1
40042,1
40044,1
40048,1
40049,1
40051,1
40052,1
40057,1
40060,1
40061,1
40063,1
40065,1
40067,1
40074,1
40075,1
40077,1
40078,1
40079,1
40080,1
40081,1
40082,1
40083,1
40084,1
46675,1
46676,1
46677,1
46678,1
46679,1
46680,1
46681,1
46682,1
46683,1
46684,1
54243,1
54244,1
54245,1
54246,1
50757,1
50758,1
50759,1
50760,1
50761,1
50762,1
50763,1
50764,1
50765,1
50766,1
52068,1
52069,1
52855,1
52856,1
53045,1
53046,1
56383,1
56384,1
56385,1
56386,1
59777,1
59778,1
35695,1
35698,1
35745,1
35746,1
35747,1
35751,1
35754,1
35755,1
35756,1
35757,1
35758,1
35759,1
35760,1
35761,1
35762,1
35763,1
35764,1
35765,1
35766,1
35767,1
35768,1
35770,1
35772,1
35775,1
35776,1
35777,1
35778,1
35779,1
35781,1
35782,1
35783,1
35784,1
35785,1
35787,1
35789,1
35790,1
35791,1
35792,1
35793,1
35794,1
35795,1
35796,1
35797,1
35798,1
35800,1
35801,1
35803,1
35805,1
35806,1
35807,1
35808,1
35810,1
35811,1
59593,1
59594,1
47583,1
47584,1
47585,1
47586,1
47587,1
52041,1
52042,1
57343,1
38092,1
54588,1
54589,1
54590,1
54591,1
54592,1
54593,1
59173,1
59174,1
59175,1
59176,1
59177,1
59178,1
59179,1
59180,1
59181,1
59182,1
57593,1
36403,1
36404,1
51588,1
55177,1
36484,1
59412,1
59413,1
55783,1
55784,1
55753,1
55663,1
55664,1
55620,1
52358,1
52359,1
52360,1
52361,1
52303,1
36451,1
40659,1
40660,1
40661,1
40662,1
36464,1
36544,1
38412,1
56837,1
56838,1
35289,1
36616,1
36617,1
36618,1
34979,1
40161,1
34998,1
34999,1
35000,1
35001,1
34989,1
49754,1
55241,1
57362,1
57363,1
35068,1
49045,1
48984,1
49064,1
48986,1
49065,1
50704,1
36263,1
36264,1
36265,1
36266,1
36254,1
36949,1
36383,1
30402,1
37428,1
37429,1
37430,1
37431,1
37432,1
37433,1
37434,1
37435,1
37436,1
37437,1
29605,1
37537,1
20445,1
23345,1
36205,1
36206,1
36204,1
36631,1
55231,1
55232,1
37450,1
57577,1
47557,1
47183,1
47184,1
35658,1
46322,1
54063,1
50912,1
52004,1
51605,1
39450,1
39451,1
37985,1
37990,1
37991,1
37992,1
37993,1
37994,1
37995,1
37996,1
46788,1
49086,1
55957,1
55958,1
34856,1
34859,1
51820,1
48016,1
48017,1
48018,1
58383,1
34911,1
34912,1
51815,1
45196,1
56503,1
36350,1
36351,1
36352,1
36353,1
36354,1
52658,1
52659,1
52660,1
52661,1
52662,1
52663,1
52765,1
54868,1
54869,1
54870,1
54871,1
54826,1
55077,1
55078,1
55079,1
55035,1
39537,1
47256,1
48285,1
48286,1
48287,1
48258,1
46584,1
46585,1
46586,1
46587,1
46538,1
48655,1
48656,1
48657,1
48658,1
48607,1
55151,1
36062,1
57232,1
52437,1
36196,1
36199,1
38096,2
38097,1
36200,1
36198,1
36201,1
36197,1
36191,1
36192,1
36194,1
36193,1
36190,1
36203,1
52150,1
52151,1
36854,1
37481,1
49729,1
37544,1
36624,1
36625,1
36626,1
36635,1
37333,1
37334,1
37318,1
37265,1
37266,1
37472,1
37473,1
35003,1
47021,1
47022,1
47061,1
47063,1
47064,1
36672,1
56470,1
45667,1
45672,1
45673,1
48439,1
48440,1
48445,1
36784,1
36785,1
36786,1
36822,1
37303,1
36818,1
36799,1
36849,1
37209,1
37216,1
36644,1
36645,1
37228,1
37198,1
37199,1
37204,1
37205,1
37250,1
36871,1
36872,1
36873,1
37309,1
36680,1
36683,1
36684,1
36687,1
36688,1
36689,1
38644,1
38645,1
38646,1
38647,1
48809,1
56645,1
56646,1
56647,1
56648,1
56652,1
35391,1
35933,1
35420,1
35969,1
54092,1
35742,1
45197,1
45198,1
45199,1
35743,1
56538,1
37923,1
35210,1
55847,1
39164,1
53064,1
56125,1
53068,1
53069,1
48138,1
35105,1
45200,1
57368,1
35120,1
35121,1
35122,1
35123,1
35124,1
35125,1
35127,1
35128,1
35129,1
55791,1
54299,1
48368,1
48371,1
38871,1
38872,1
46639,1
38703,1
57497,1
57498,1
57499,1
57500,1
27804,1
27805,1
27806,1
27807,1
39183,1
39184,1
54187,1
54188,1
54189,1
54190,1
53458,1
53459,1
53460,1
53461,1
53462,1
53463,1
53464,1
53465,1
53466,1
53467,1
53468,1
53469,1
53390,1
53391,1
47178,1
59083,1
59084,1
59085,1
59086,1
59087,1
59088,1
50236,1
50237,1
50242,1
50243,1
50244,1
50245,1
33814,1
32834,1
32833,1
38634,1
33769,1
33768,1
33844,1
33766,1
33767,1
33847,1
33848,1
33771,1
33846,1
33845,1
33849,1
33770,1
33773,1
33774,1
33765,1
46945,1
46921,1
46931,1
46884,1
46911,1
46943,1
46939,1
46929,1
46950,1
32835,1
46938,1
46927,1
46918,1
46894,1
33779,1
33840,1
33781,1
33783,1
33775,1
50579,1
50585,1
50586,1
50587,1
32238,1
33047,1
33048,1
33049,1
33050,1
33051,1
33052,1
33053,1
33054,1
33055,1
33056,1
33057,1
33058,1
33059,1
33060,1
33061,1
33062,1
33063,1
33064,1
33065,1
33066,1
33067,1
33068,1
33069,1
33070,1
33071,1
33072,1
33073,1
33074,1
33075,1
33076,1
33077,1
33078,1
33079,1
33080,1
33081,1
33082,1
33083,1
33084,1
33085,1
33086,1
33087,1
33088,1
33089,1
33090,1
33091,1
33092,1
33093,1
33094,1
34108,1
34109,1
34110,1
34111,1
34112,1
34113,1
34266,1
34267,1
34268,1
34269,1
34270,1
34271,1
34708,1
34709,1
34710,1
34711,1
39678,1
39682,1
39683,1
39684,1
54353,1
54354,1
56425,1
56426,1
50751,1
50752,1
50753,1
50754,1
50755,1
50756,1
52841,1
52842,1
53039,1
53040,1
53945,1
53946,1
53958,1
56363,1
56364,1
56365,1
56366,1
56367,1
56368,1
56405,1
56406,1
59773,1
59774,1
59590,1
59591,1
32874,1
32875,1
32876,1
32877,1
32873,1
47563,1
47564,1
47565,1
47566,1
52035,1
23971,1
59159,1
59160,1
59161,1
59162,1
59163,1
59164,1
59165,1
59166,1
59167,1
59168,1
57589,1
34198,1
34199,1
51581,1
55170,1
32517,1
59392,1
59393,1
59394,1
59395,1
55781,1
55782,1
55749,1
55652,1
55653,1
55613,1
52328,1
52329,1
52330,1
52331,1
52332,1
52333,1
52294,1
52295,1
27670,1
40633,1
40634,1
45218,1
45649,1
45650,1
45651,1
27671,1
33121,1
33758,1
56823,1
56824,1
56825,1
27423,1
31889,1
32958,1
32750,1
32751,1
32752,1
32753,1
32776,1
34980,1
55823,1
58296,1
47957,1
52806,1
49753,1
58578,1
53908,1
57350,1
57351,1
57352,1
57353,1
49042,1
49033,1
49058,1
49034,1
49059,1
32661,1
32662,1
32796,1
32797,1
50695,1
28919,1
30949,1
30930,1
51018,1
51019,1
36921,1
32791,1
32792,1
32943,1
45865,1
51003,1
33750,1
33751,1
33748,1
33479,1
57579,1
33772,1
50923,1
56034,1
50906,1
52002,1
51608,1
39440,1
39441,1
33412,1
32984,1
55923,1
55924,1
58980,1
32969,1
32968,1
53009,1
47973,1
47974,1
31142,1
34162,1
58378,1
32975,1
50353,1
50357,1
56499,1
32953,1
32954,1
32590,1
33786,1
33787,2
52638,1
52639,1
52640,1
52641,1
52642,1
52643,1
52743,1
52745,1
52759,1
54848,1
54849,1
54850,1
54851,1
54821,1
55056,1
55057,1
55058,1
55028,1
39532,1
47255,1
52893,1
52894,1
55130,1
55131,1
48276,1
48277,1
48278,1
48250,1
46560,1
46561,1
46562,1
46563,1
48760,1
48761,1
46533,1
48633,1
48634,1
48635,1
48636,1
49106,1
49107,1
48602,1
55150,1
32781,1
57227,1
59210,1
52431,1
34369,1
34590,1
34707,1
52140,1
52141,1
33125,1
33250,1
13618,1
34165,1
33312,1
32929,1
33876,1
33877,1
33882,1
33878,1
33879,1
33880,1
34701,1
38637,1
47089,1
47007,1
56467,1
35975,1
32920,1
32922,1
32928,1
32947,1
32925,1
48436,1
34398,1
34399,1
27703,1
27702,1
46989,1
47100,1
47101,1
34547,1
29609,1
48810,1
48812,1
48814,1
56634,1
56635,1
56636,1
56637,1
54087,1
32952,2
38601,1
48816,1
28787,2
48815,1
56534,1
33096,1
33286,1
33996,1
55844,1
53063,1
56124,1
53066,1
53067,1
48129,1
32789,1
51015,1
51098,1
51622,1
32959,1
33745,1
33746,1
33747,1
32787,1
34292,1
34294,1
32790,1
32967,1
33282,1
55902,1
53901,1
56249,1
32965,1
48417,1
48418,1
48426,1
48427,1
38881,1
38882,1
39590,1
39591,1
46649,1
38736,1
57469,1
57470,1
57471,1
57472,1
54207,1
54208,1
54209,1
54210,1
53584,1
53585,1
54225,1
54226,1
54227,1
54228,1
54300,1
54301,1
54302,1
54303,1
53409,1
54224,1
53870,1
38448,1
38446,1
59105,1
59106,1
59107,1
59108,1
38440,1
50276,1
50277,1
50278,1
50279,1
38593,1
38466,1
38452,1
38467,1
38463,1
38464,1
38462,1
38465,1
35826,1
38461,1
38451,1
22716,1
38469,1
38473,1
38470,1
38474,1
38472,1
38477,1
50580,1
50608,1
50609,1
51985,1
32235,1
38553,1
38554,1
38555,1
38556,1
38557,1
38558,1
38559,1
38560,1
38561,1
38562,1
38563,1
38564,1
38565,1
38566,1
38567,1
38568,1
38569,1
38570,1
38571,1
38572,1
38573,1
38574,1
38575,1
38576,1
38577,1
38578,1
38579,1
38580,1
38581,1
38582,1
38583,1
38584,1
38585,1
38586,1
38587,1
38588,1
38589,1
38590,1
38591,1
38592,1
39673,1
39675,1
39676,1
39677,1
40097,1
40098,1
40099,1
40100,1
40101,1
40102,1
54359,1
54360,1
54466,1
54467,1
50783,1
50784,1
50785,1
50786,1
50787,1
50788,1
50789,1
52863,1
52864,1
52865,1
53051,1
53052,1
53053,1
56401,1
56402,1
56403,1
56404,1
59598,1
38424,1
38426,1
47604,1
47605,1
52037,1
52048,1
21522,1
59199,1
59200,1
57597,1
38409,1
51593,1
55182,1
38411,1
59426,1
59427,1
59428,1
59429,1
55785,1
55786,1
55756,1
55640,1
55641,1
55626,1
52378,1
52379,1
52380,1
52381,1
52309,1
40645,1
40646,1
40669,1
40670,1
45725,1
56849,1
56850,1
38408,1
38530,1
38552,1
50643,1
48952,1
49047,1
48991,1
49068,1
48992,1
49069,1
50698,1
38415,1
38416,1
38417,1
38418,1
38419,1
38478,1
45132,1
8235,1
8706,1
22731,1
13403,1
46319,1
54065,1
54042,1
51607,1
46787,1
48077,1
48078,1
54025,1
58386,1
38595,1
56506,1
36348,1
38404,1
38403,1
52674,1
52675,1
52676,1
52677,1
52678,1
52679,1
52769,1
55089,1
55090,1
55091,1
55039,1
46570,1
46571,1
48762,1
48763,1
47354,1
48675,1
48676,1
48677,1
48678,1
48611,1
38541,1
57236,1
52441,1
52156,1
52157,1
38479,1
38506,1
38505,1
38502,1
38503,1
38507,1
50821,1
45666,1
48444,1
57381,1
32945,1
32949,1
38509,1
38510,1
38508,1
50822,1
50827,1
50830,1
56653,1
56654,1
56655,1
54095,1
50833,2
50832,2
56541,1
40683,1
38594,1
51101,1
11764,1
38542,1
38547,1
38543,1
38544,1
38545,1
38546,1
38600,1
53900,1
49366,2
55341,1
37962,2
37804,2
51381,1
49677,1
49678,1
48419,1
48420,1
38865,1
38866,1
39582,2
39583,2
39592,1
39593,1
39600,2
39601,2
46650,1
38701,2
40675,1
57533,2
57534,2
57535,2
57536,2
57473,1
57474,1
57475,1
57476,1
57097,1
57098,1
57083,1
56193,2
56169,2
3843,1
56887,1
56907,1
56881,1
56923,1
56929,1
56895,1
56896,1
118,1
56903,1
56920,1
56879,1
56885,1
56894,1
56892,1
56868,2
56901,1
56928,1
56921,1
56938,2
56939,2
49367,2
54230,1
54231,1
54232,1
54233,1
54229,1
53790,1
53791,1
53794,1
53795,1
37581,1
37582,1
37594,2
59109,1
59110,1
59111,1
59112,1
7362,2
39975,1
50280,2
50281,2
50282,2
50283,2
20201,2
20207,2
20508,2
20509,2
21511,1
21512,1
56114,1
56115,1
56116,1
56117,1
33812,1
46952,1
46951,1
26383,1
39865,1
35908,1
35656,1
39866,1
39869,1
39873,1
35337,1
35417,2
35855,1
39872,1
39871,1
39868,1
39846,1
35880,1
35888,2
35825,1
39867,1
35667,2
35881,1
10954,1
10953,1
6772,1
8907,1
8908,1
7059,1
6786,1
6780,1
6787,1
6773,1
7058,1
6781,1
46874,1
46875,1
46871,1
46870,1
16346,1
16347,1
13068,1
13070,1
13071,1
13067,1
13065,1
13072,1
13069,1
13066,1
22754,1
33780,1
39876,1
39884,1
39894,1
39889,1
39895,1
39878,1
39875,1
39877,1
33776,1
33778,1
39890,1
39885,1
39881,1
39887,1
39891,1
39879,1
39919,1
39921,1
39920,1
39923,1
46867,1
46864,1
50613,1
51986,1
51987,1
51988,1
39937,1
39946,1
31271,1
31273,1
31275,1
31276,1
31280,1
31282,1
31405,1
31408,1
31409,1
31413,1
31414,1
35457,1
35459,1
35460,1
35461,1
35465,1
35466,1
35467,1
35468,1
35470,1
35472,1
35473,1
35474,1
35475,1
35476,1
35477,1
35478,1
37609,1
37611,1
37612,1
40040,1
40041,1
40043,1
40046,1
40054,1
40055,1
40056,1
40058,1
40059,1
40062,1
40066,1
40068,1
40070,1
40076,1
54363,1
54364,1
50794,1
50795,1
50796,1
50797,1
50798,1
50799,1
50800,1
52867,1
52868,1
53960,1
35682,1
35683,1
35846,1
39940,1
39941,1
30538,1
30539,1
52036,1
52049,1
52050,1
52051,1
35921,1
35923,1
39724,1
39943,1
39944,1
39945,1
35941,1
35942,1
35944,1
35946,1
35947,1
36002,1
39952,1
39953,1
47719,1
47720,1
39951,1
30888,1
30889,1
30890,1
30891,1
57599,1
34193,2
40027,1
40028,1
51580,2
51594,2
51596,1
55183,1
55184,1
38513,2
38514,2
27478,2
40029,1
26881,2
46800,1
55787,1
55788,1
55757,1
26866,1
31199,2
55642,1
55643,1
55644,1
55645,1
55627,2
55628,1
52336,2
52337,2
52382,2
52383,2
52384,2
52385,2
52386,1
52387,1
52388,1
52389,1
52297,2
52310,2
52311,1
26413,2
36452,1
32394,1
38612,2
38613,2
45122,1
45125,1
26428,2
36459,1
56853,1
56854,1
56855,1
40026,1
30863,1
27150,2
36573,1
30808,2
31029,2
36576,1
49469,2
28694,1
39995,1
39996,1
32992,1
36598,1
36615,1
34682,1
36804,1
36805,1
36806,1
39987,1
39988,1
40155,1
40156,1
46784,1
46785,1
20291,1
20292,1
20293,1
20294,1
24437,1
40104,1
57364,1
57365,1
32062,1
39989,1
39990,1
39991,1
39992,1
49049,1
49004,1
49072,1
49006,1
49073,1
21492,1
36247,1
36249,1
36250,1
50707,1
50709,2
24800,1
24801,1
30945,1
30946,1
30950,1
30951,1
29263,1
51633,1
51634,1
51632,1
36928,1
36390,1
30403,1
27477,1
51007,1
55280,1
55281,1
39901,1
49093,1
47189,1
47190,1
52007,1
37462,1
49087,1
55961,1
55962,1
51822,1
48027,1
48028,1
58388,1
58389,1
33570,1
50355,2
56508,1
21432,2
34706,2
40012,1
40013,1
40014,1
40015,1
40016,1
40017,1
56230,2
52680,1
52681,1
52682,1
52683,1
52736,1
52737,1
52738,1
52739,1
52740,2
52741,2
52770,2
52771,1
54880,1
54881,1
54882,1
54883,1
54884,1
54885,1
54886,1
54887,1
54828,1
54829,1
55197,1
55198,1
55199,1
55196,1
39528,1
52897,2
52898,2
52909,1
52910,1
48297,1
48298,1
48299,1
48742,1
48743,1
48744,1
48265,1
48728,1
46600,1
46601,1
46604,2
46605,2
46608,1
46609,1
46610,1
46611,1
46612,2
46613,2
46614,1
46615,1
50384,2
50385,2
46544,2
47355,1
48679,2
48680,2
48681,2
48682,2
48683,2
48684,2
48685,1
48686,1
48687,1
48688,1
48689,1
48690,1
48612,2
48613,1
6690,2
57237,2
57238,1
59214,2
52442,2
52443,1
36108,2
40004,1
34592,2
39999,1
40002,1
39998,1
40000,1
52158,2
52159,2
52160,1
52161,1
11022,2
8694,2
56237,2
56303,2
56304,2
13437,2
11249,2
13001,2
13619,2
25662,2
25660,2
24810,2
25663,2
24808,2
24809,2
39932,1
37498,1
35744,1
35645,1
39844,1
39845,1
36662,1
36778,1
36820,1
37539,1
39912,1
39913,1
39843,1
39914,1
39933,1
37338,2
39854,1
37326,2
39853,1
39855,1
39856,1
39863,1
39864,1
39851,1
39852,1
36657,1
39900,1
55388,1
36660,1
47020,1
47074,1
47075,1
36670,1
40131,1
56474,1
39857,1
39931,1
27443,1
45668,1
48446,1
36891,1
39915,1
39929,1
39918,1
39874,1
36043,1
39892,1
22752,1
39888,1
6795,1
36044,1
36427,1
39927,1
38631,1
38630,1
39833,1
39835,1
39834,1
39934,1
39859,1
39836,1
39839,1
39840,1
37305,1
49456,1
37487,1
37489,1
37492,1
37493,1
37494,1
37495,1
37496,1
37497,1
40018,1
40019,1
35832,2
40020,1
40132,1
40133,1
40134,1
40135,1
29159,1
40137,1
56689,1
56690,1
54097,1
36885,1
36887,2
36888,1
36889,1
40142,1
49851,2
35387,1
56543,1
40685,1
46801,1
53076,1
33571,1
55845,1
56989,1
9825,2
56127,1
24491,1
24492,1
20538,1
37306,2
39930,1
56238,2
40143,1
40107,2
40008,1
40009,1
56248,2
34703,2
34704,2
35126,2
37927,2
37928,2
32966,2
55904,1
53985,1
56250,2
40010,1
40011,1
5554,2
10745,2
35109,1
40006,1
40007,1
37730,1
37732,1
55336,1
37848,1
37851,1
37741,1
37742,1
37759,1
37760,1
51414,1
51415,1
51416,1
51417,1
37568,1
37940,1
37941,1
38241,1
48399,1
48400,1
48398,1
48401,1
48402,1
48403,1
38899,1
38900,1
38901,1
38902,1
38903,1
38904,1
39594,1
39595,1
46645,1
38733,1
37936,1
37937,1
57517,1
57518,1
57519,1
57520,1
57521,1
57522,1
57523,1
57524,1
57093,1
57094,1
57095,1
57096,1
57082,1
21874,1
22019,1
45410,1
45411,1
38079,1
38080,1
38081,1
38213,1
38266,1
54203,1
54204,1
54205,1
54206,1
57287,1
58300,1
57296,1
57297,1
57298,1
58301,1
58302,1
58303,1
53546,1
53547,1
53548,1
53549,1
53550,1
53551,1
53552,1
53553,1
53554,1
53555,1
53556,1
53557,1
53558,1
53559,1
53560,1
53561,1
53404,1
53405,1
37840,1
53814,1
53815,1
53913,1
53872,2
57342,1
54420,2
37589,1
37597,1
59145,1
59146,1
59147,1
59148,1
37632,1
50270,1
50271,1
50272,1
50273,1
50274,1
50275,1
50598,1
50599,1
31295,1
31296,1
31297,1
31298,1
31422,1
31423,1
31424,1
31425,1
31426,1
31427,1
31428,1
31429,1
31430,1
31431,1
31432,1
31433,1
35443,1
35448,1
35479,1
35480,1
35481,1
35482,1
35483,1
35484,1
35485,1
35486,1
35487,1
35488,1
35489,1
35490,1
35491,1
35492,1
35493,1
35494,1
35495,1
35527,1
35532,1
38058,1
38059,1
38060,1
38061,1
38062,1
38063,1
38064,1
38065,1
38066,1
38067,1
38068,1
38069,1
38070,1
38071,1
38072,1
38073,1
38074,1
38075,1
38076,1
38077,1
54357,1
54358,1
54474,1
54475,1
50767,1
50768,1
52857,1
52858,1
53953,1
53954,1
52043,1
17800,1
58458,1
57594,1
36407,1
36408,1
51589,1
51595,1
55178,1
39993,1
39994,1
36487,1
36503,1
36504,1
59414,1
59415,1
59416,1
59417,1
55769,1
55770,1
55771,1
55772,1
55754,1
35189,1
35190,1
55665,1
55666,1
55667,1
55621,1
55622,1
52364,1
52365,1
52366,1
52367,1
52368,1
52369,1
53934,1
53935,1
52305,1
52306,1
36518,1
40635,1
40636,1
40663,1
40664,1
40665,1
40666,1
45219,1
45654,1
56839,1
56840,1
56841,1
56842,1
56843,1
36555,1
36557,1
36587,1
36588,1
36589,1
36590,1
36591,1
36592,1
53874,2
53875,2
53876,2
53873,2
58580,1
50645,1
50708,1
36255,1
36268,1
36269,1
36270,1
36267,1
36950,1
56504,1
52726,1
52727,1
52728,1
52729,1
52730,1
52731,1
52732,1
52733,1
52734,1
52735,1
52766,1
53005,1
54806,1
54807,1
54808,1
54809,1
54810,1
54811,1
54812,1
54813,1
54798,1
55080,1
55081,1
55082,1
55083,1
55084,1
55085,1
55036,1
55037,1
39538,1
52905,1
52906,1
48315,1
48316,1
48317,1
48736,1
48737,1
48738,1
48259,1
48726,1
46588,1
46589,1
46590,1
46591,1
48123,1
48124,1
48125,1
48126,1
46539,1
48659,1
48660,1
48661,1
48662,1
48663,1
48664,1
48665,1
48666,1
48608,1
49104,1
36053,1
57233,1
57337,1
52438,1
53942,1
36118,1
36122,1
36119,1
36085,1
56471,1
38641,1
38642,1
56684,1
56685,1
56539,1
35206,1
39374,1
39375,1
35119,1
35027,1
35130,1
53904,1
35111,1
35114,1
35115,1
55327,1
31803,1
31804,1
51328,1
51329,1
51330,1
51331,1
30593,2
30594,2
48360,2
48408,1
48409,1
48410,1
38861,1
38862,1
38863,1
38864,1
38910,1
38911,1
39588,1
39589,1
46637,1
38704,2
38700,1
10850,2
17629,2
57489,1
57490,1
57491,1
57492,1
21859,1
22005,1
45314,2
45315,2
45316,2
45317,2
45318,2
45319,2
45320,2
45321,2
27382,1
27385,2
30913,1
54179,1
54180,1
54181,1
54182,1
57651,1
57652,1
53430,1
53431,1
53432,1
53433,1
53434,1
53435,1
53436,1
53437,1
53438,1
53439,1
53440,1
53441,1
53574,1
53575,1
53576,1
53577,1
53386,1
53387,1
53862,2
35377,1
28106,2
28107,2
28110,2
59125,1
59126,1
59127,1
59128,1
21504,1
50206,1
50207,1
50208,1
50209,1
50210,1
50211,1
50212,1
50213,1
50214,1
50215,1
20505,2
6749,1
25755,1
25756,1
21470,1
21471,1
22712,1
9206,1
7591,1
7605,1
7611,1
7598,1
7597,1
7086,1
7612,1
7067,1
7607,1
9207,1
7606,1
7861,1
7087,1
7072,1
7594,1
6770,1
7593,1
7592,1
7066,1
7081,1
7080,1
7608,1
7073,1
9208,1
6771,1
7860,1
16904,1
16345,1
16900,1
16344,1
16913,1
16901,1
16902,1
16905,1
16911,1
16908,1
16912,1
16909,1
16903,1
16910,1
16916,1
16917,1
1527,1
1528,1
9270,1
9269,1
55800,1
37260,1
36102,1
36091,1
36048,1
18241,1
18240,1
7619,1
7614,1
7616,1
7618,1
7613,1
7617,1
6814,1
6815,1
50573,1
50574,1
51973,1
51974,1
30328,1
29731,1
29732,1
29733,1
29734,1
29735,1
29736,1
29737,1
29738,1
30106,1
30107,1
30108,1
30109,1
30110,1
30111,1
31259,1
31260,1
31261,1
31262,1
31263,1
31264,1
31265,1
31266,1
31267,1
31268,1
31269,1
31270,1
31398,1
31399,1
31400,1
31401,1
31402,1
31403,1
33126,1
33127,1
33513,1
33514,1
33515,1
33516,1
33517,1
33518,1
33519,1
33520,1
33521,1
33522,1
33523,1
33524,1
34272,1
34273,1
34274,1
34275,1
34276,1
34277,1
39651,1
39661,1
39662,1
39663,1
39664,1
39665,1
39666,1
39667,1
39669,1
39670,1
39671,1
39672,1
39674,1
53963,1
53964,1
53965,1
53966,1
53967,1
54351,1
54352,1
56421,1
56422,1
50742,1
50743,1
50744,1
50745,1
50746,1
50747,1
52837,1
52838,1
53037,1
53038,1
53943,1
53944,1
56355,1
56356,1
56357,1
56358,1
34576,1
59588,1
21923,1
47560,1
47561,1
52033,1
26462,1
58457,1
59157,1
59158,1
57587,1
34191,1
51577,1
51578,2
55168,1
36493,1
29216,1
29217,1
59384,1
59385,1
59386,1
59387,1
59432,1
55759,1
55760,1
55747,1
30653,1
55650,1
55651,1
55611,1
52320,1
52321,1
52322,1
52323,1
52334,1
52335,1
52292,1
52296,1
26412,1
32385,1
40627,1
40628,1
40629,1
40630,1
26427,1
21530,1
33757,1
56818,1
56819,1
56820,1
56851,1
30862,1
27147,1
27148,2
28692,1
32991,1
30034,2
30036,2
25359,1
40115,1
36812,1
24368,1
24369,1
24371,1
24372,1
24364,1
7631,1
35361,1
47906,1
34649,1
46165,1
45450,1
34641,1
57556,1
52805,1
49755,1
39214,1
49113,1
40464,1
20569,1
20570,1
20571,1
20572,1
22664,1
22665,1
22666,1
17252,1
24511,1
49040,1
48965,1
49053,1
48966,1
49054,1
54298,2
50696,2
28908,1
28909,1
28910,1
28911,1
28884,1
36919,1
19606,1
26348,1
31308,1
31309,1
31310,1
31311,1
31312,1
31313,1
31314,1
31315,1
31316,1
31317,1
16313,1
27658,1
51001,1
20436,1
20437,1
20801,1
20802,1
20413,1
33476,1
55236,1
55237,1
21387,1
57581,1
47555,1
49092,1
9205,1
46317,1
54061,1
50903,1
50904,1
52009,1
51602,1
33411,1
55919,2
55920,1
58977,1
27454,1
27449,1
47969,1
47970,1
48064,1
49202,1
31141,1
58376,1
32289,1
47460,1
17395,2
17871,2
56497,1
33871,1
33872,1
33873,2
33874,1
33875,2
30215,1
29720,1
52698,1
52699,1
52700,1
52701,1
52702,1
52703,1
52704,1
52705,1
52757,1
54836,1
54837,1
54838,1
54839,1
54840,1
54841,1
54819,1
55050,1
55051,1
55052,1
55026,1
52891,1
52892,1
48270,1
48271,1
48272,1
48248,1
46550,1
46551,1
46552,1
46553,1
46531,1
48621,1
48622,1
48623,1
48624,1
48600,1
20865,1
57225,1
57334,1
52429,1
53938,1
16652,2
52136,1
52137,1
52142,1
52143,1
11021,1
9247,1
3326,1
13435,1
13436,1
11247,1
16960,1
13000,1
7494,1
10160,1
9285,1
7693,1
13817,1
25658,1
25657,1
31307,1
33331,1
14116,1
17652,1
20256,1
33332,1
53677,1
33330,1
45662,1
45663,1
48433,1
48434,1
34695,1
34696,1
34694,1
33337,1
34485,1
25592,1
34690,1
20387,1
23508,1
25594,1
33336,1
33335,1
35834,1
35912,1
29151,1
29152,1
29153,1
29154,1
29155,1
56625,1
56626,1
56627,1
56628,1
56629,1
54085,1
33754,1
47445,1
47446,1
47447,1
28786,1
56532,1
29583,1
30394,1
39348,1
39349,1
32483,1
51033,1
9824,1
23022,1
23023,1
23030,1
23031,1
23320,1
23321,1
23322,1
23323,1
27287,1
47456,1
16990,1
31912,1
21447,1
34486,1
34487,1
53895,1
5011,1
7182,1
7712,1
12187,1
12188,1
10260,2
10262,2
17398,1
55331,1
55344,1
51364,1
51365,1
37942,1
37943,1
48378,1
48379,1
48380,1
48381,1
49989,1
49990,1
49991,1
49992,1
49993,1
49994,1
49988,1
49987,1
57481,1
57482,1
57483,1
57484,1
45349,1
45380,1
45381,1
54215,1
54216,1
54217,1
54218,1
53610,1
53611,1
53612,1
53613,1
53614,1
53615,1
53616,1
53617,1
53412,1
53413,1
53839,1
53841,1
37566,1
37898,1
37567,1
59117,1
59118,1
59119,1
59120,1
50238,1
50239,1
50240,1
50241,1
35679,1
35893,1
35882,1
35366,1
35909,1
35418,1
35931,1
39870,1
35657,1
35352,1
7855,1
7854,1
55808,1
36429,1
36422,1
37294,1
36391,1
36303,1
36336,1
39896,1
36326,1
36065,1
39882,1
50621,1
50622,1
51989,1
35369,1
35370,1
30128,1
30129,1
30130,1
30131,1
35414,1
35415,1
31272,1
31278,1
31289,1
31290,1
31291,1
31292,1
31293,1
31294,1
35496,1
35497,1
35498,1
35499,1
35500,1
35501,1
35502,1
35503,1
38381,1
38382,1
38383,1
38384,1
38385,1
38386,1
38387,1
38388,1
38389,1
38390,1
38391,1
38392,1
38393,1
38394,1
38395,1
38396,1
39647,1
39649,1
54480,1
54481,1
50808,1
50809,1
50810,1
50811,1
52873,1
52874,1
56419,1
56420,1
35856,1
52055,1
36020,1
57602,1
34190,1
51599,1
55187,1
36448,1
36458,1
36495,1
59440,1
59441,1
55789,1
55790,1
55758,1
35200,1
55648,1
55649,1
55631,1
52400,1
52401,1
52402,1
52403,1
52315,1
49965,1
50980,1
50981,1
49995,1
56861,1
56862,1
36560,1
36583,1
36584,1
36585,1
36586,1
49966,1
49967,1
50627,1
49970,1
50628,1
50350,1
50346,1
50347,1
50348,1
50349,1
36953,1
51009,1
39469,1
50929,1
50919,1
50918,1
50718,1
55963,1
55964,1
51824,1
49214,1
49215,1
58393,1
49947,1
51817,1
49984,2
56510,1
36364,1
36365,1
52684,1
52685,1
52686,1
52687,1
52688,1
52689,1
52774,1
54892,1
54893,1
54894,1
54895,1
54831,1
55101,1
55102,1
55103,1
55043,1
52911,1
52912,1
49742,1
49743,1
49744,1
49741,1
49957,1
49958,1
49959,1
49960,1
49961,1
49956,1
48625,1
48626,1
48627,1
48628,1
49105,1
57242,1
52446,1
38100,1
36109,1
38099,1
36114,1
38101,1
52166,1
52167,1
47104,1
33311,1
37549,1
24264,1
47086,1
46997,1
47065,1
47025,1
56476,1
36750,1
36846,1
36850,1
37297,1
47099,1
47102,1
37527,1
37535,1
38643,1
49972,1
49974,1
49978,1
56686,1
56691,1
56692,1
56693,1
54100,1
49983,2
49982,2
56545,1
35208,1
49964,1
51103,1
35149,1
35150,1
35151,1
35152,1
35153,1
35154,1
35033,1
53898,1
55330,1
56195,1
56196,1
56197,1
37803,1
37961,1
51380,1
51386,1
51387,1
51388,1
51389,1
48395,1
48397,1
48374,1
48375,1
48376,1
48377,1
37955,1
37956,1
38875,1
38876,1
38877,1
38878,1
38879,1
38880,1
56213,1
56214,1
56212,1
56211,1
57541,1
57542,1
57543,1
57544,1
57545,1
57546,1
57547,1
57548,1
38083,1
57099,1
57100,1
57101,1
57102,1
57084,1
56191,1
56192,1
56208,1
56209,1
56210,1
38212,1
56170,1
56171,1
56172,1
56173,1
56174,1
56175,1
56176,1
56190,1
56181,1
56183,1
56187,1
56179,1
56185,1
56186,1
56184,1
56188,1
56189,1
56180,1
56182,1
54191,1
54192,1
54193,1
54194,1
53470,1
53471,1
53472,1
53473,1
53474,1
53475,1
53476,1
53477,1
53478,1
53479,1
53480,1
53481,1
56157,1
56158,1
56159,1
56160,1
53392,1
53393,1
56156,1
56161,1
56162,1
56163,1
56164,1
56165,1
56166,1
56167,1
56168,1
53788,1
53792,1
59153,1
59154,1
59155,1
59156,1
50224,1
50225,1
50226,1
50227,1
50284,1
50285,1
50286,1
50287,1
33815,1
32704,1
32699,1
26382,1
12087,1
11390,1
12086,1
11391,1
29774,1
29090,1
29080,1
29072,1
32664,1
25049,2
7112,1
6805,1
6804,1
7111,1
50577,1
50578,1
29739,1
29740,1
29741,1
29742,1
30112,1
30114,1
30118,1
30119,1
30120,1
30121,1
30122,1
30123,1
30124,1
30125,1
30126,1
31274,1
31277,1
31281,1
31404,1
31410,1
31411,1
31412,1
33527,1
33528,1
33529,1
33530,1
33531,1
33532,1
34282,1
34283,1
34712,1
35458,1
35462,1
35463,1
35464,1
35469,1
35471,1
40053,1
40064,1
53974,1
53975,1
53976,1
53977,1
54239,1
54240,1
52072,1
52844,1
53947,1
53950,1
47571,1
57345,1
47713,1
47714,1
47715,1
47716,1
57603,1
56277,1
56278,1
51597,1
56261,1
55171,1
55172,1
56267,1
56268,1
59433,1
59442,1
59443,1
59444,1
59445,1
55761,1
55762,1
55750,1
56286,1
56287,1
55654,1
55655,1
55614,1
52362,1
52363,1
52996,1
52997,1
52998,1
52999,1
52304,1
52995,1
56262,1
56265,1
56266,1
45123,1
45124,1
56255,1
56256,1
56257,1
56258,1
56259,1
56260,1
56263,1
56279,1
56282,1
56863,1
56864,1
56865,1
56866,1
56867,1
56283,1
56284,1
56293,1
56292,1
31890,1
56253,1
56254,1
32059,1
32994,1
39556,1
56150,1
56151,1
56152,1
56153,1
56154,1
56155,1
34973,1
56221,1
56222,1
56223,1
56224,1
56220,1
40105,1
51614,1
56298,1
50629,1
56300,1
50630,1
56299,1
50697,1
28916,1
28917,1
28918,1
30948,1
28886,1
56225,1
56226,1
56227,1
56228,1
56229,1
30404,1
51004,1
56147,1
33480,1
46318,1
46930,1
50907,1
39446,1
39447,1
58985,1
58394,1
56511,1
29721,1
30216,1
52706,1
52707,1
52708,1
52709,1
52710,1
52711,1
52712,1
52713,1
52760,1
54852,1
54853,1
54854,1
54855,1
54822,1
55200,1
55201,1
55202,1
55029,1
39533,1
52895,1
52896,1
48303,1
48304,1
48305,1
48306,1
48307,1
48308,1
56289,1
56290,1
56291,1
48251,1
48252,1
56288,1
46564,1
46565,1
46566,1
46567,1
46568,1
46569,1
56296,1
56297,1
56294,1
56295,1
56216,1
56217,1
56218,1
56219,1
56215,1
57243,1
57244,1
52432,1
53940,1
56305,1
56306,1
56307,1
56236,1
56231,1
56233,1
56232,1
56234,1
56235,1
56301,1
56302,2
19723,1
34258,1
56131,1
45665,1
34688,1
56148,1
56149,1
29156,1
29157,1
29158,1
56662,1
56663,1
56664,1
54088,1
21388,1
21389,1
21970,2
49854,1
56546,1
40684,1
56264,1
56273,1
56274,1
53073,1
31305,1
29566,1
32548,1
56246,1
56247,1
32219,1
21445,1
37613,1
57312,1
56239,2
56240,1
56241,1
56242,1
56243,1
56244,1
56245,1
55326,1
31798,1
31799,1
31800,1
51320,1
51321,1
48354,1
48355,1
48356,1
48357,1
38857,1
38858,1
38859,1
38860,1
39578,1
39579,1
46636,1
38699,1
57485,1
57486,1
57487,1
57488,1
57505,1
57506,1
57507,1
57508,1
57085,1
57086,1
57079,1
21858,1
22004,1
27800,1
27801,1
27802,1
27803,1
27381,1
54175,1
54176,1
54177,1
54178,1
57338,1
57339,1
57340,1
57341,1
57285,1
57290,1
57291,1
57292,1
53414,1
53415,1
53416,1
53417,1
53418,1
53419,1
53420,1
53421,1
53422,1
53423,1
53424,1
53425,1
53426,1
53427,1
53428,1
53429,1
53384,1
53385,1
34033,1
53772,1
53773,1
53774,1
53775,1
53863,1
21195,1
21198,1
21084,1
21085,1
21594,1
35381,1
28131,1
28132,1
28133,1
28290,1
59121,1
59122,1
59123,1
59124,1
20218,2
50196,1
50197,1
50198,1
50199,1
50200,1
50201,1
50202,1
50203,1
50204,1
50205,1
50229,1
50230,1
26381,1
16696,1
21468,1
16697,1
17439,1
21467,1
17440,1
17441,1
21466,1
17438,1
21469,1
7031,1
7030,1
22710,1
22713,1
11389,1
11388,1
7275,1
9210,1
7595,1
6782,1
7274,1
7278,1
7273,1
7085,1
7084,1
7279,1
7272,1
6784,1
7596,1
9209,1
7078,1
7079,1
18265,1
33811,1
22756,1
23574,1
18264,1
23573,1
23575,1
23576,1
6807,1
7286,1
7287,1
7285,1
7284,1
6806,1
34296,1
34284,1
19818,1
20637,1
19814,1
20636,1
50572,1
51970,1
51971,1
51972,1
34382,1
30113,1
31392,1
31393,1
31394,1
31395,1
31396,1
31397,1
31406,1
33509,1
33510,1
33511,1
33512,1
52835,1
52836,1
47559,1
26676,1
17794,1
47718,1
34383,1
57598,1
34186,1
34187,1
51576,1
55167,1
55179,1
31009,1
31018,1
30790,1
29212,1
29225,1
59380,1
59381,1
59382,1
59383,1
55777,1
55778,1
55746,1
30652,1
55632,1
55633,1
55610,1
52316,1
52317,1
52318,1
52319,1
52338,1
52339,1
53926,1
53927,1
52291,1
53923,1
32383,1
40623,1
40624,1
40625,1
40626,1
18937,1
21529,1
56816,1
56817,1
30861,1
32990,1
21674,1
22674,1
22366,1
22367,1
24433,1
24434,1
24435,1
24436,1
26509,1
26510,1
21800,1
24432,1
35025,1
52808,1
35042,1
47497,1
39221,1
17251,1
24510,1
49039,1
49051,1
50625,1
49052,1
50626,1
50703,1
50705,2
29273,1
29274,1
30944,1
30947,1
29262,1
51000,1
20432,1
20434,1
20797,1
20798,1
20412,1
33475,1
39468,1
50902,1
55917,1
55918,1
48062,1
48063,1
49938,1
50352,1
7363,2
7364,2
56496,1
23134,1
34488,1
34705,2
52690,1
52691,1
52692,1
52693,1
52694,1
52695,1
52696,1
52697,1
52756,1
54832,1
54833,1
54834,1
54835,1
54818,1
55044,1
55045,1
55046,1
55059,1
55060,1
55061,1
55024,1
55215,1
52907,1
52908,1
48267,1
48268,1
48269,1
48247,1
46546,1
46547,1
46548,1
46549,1
46530,1
48615,1
48616,1
48617,1
48618,1
48619,1
48620,1
48599,1
7223,1
57224,1
57333,1
52428,1
52134,1
52135,1
20578,2
7227,1
15391,1
17504,1
13617,1
9286,1
24807,1
25653,1
25654,1
25655,1
25661,1
24806,1
25656,1
15179,1
49848,1
20836,1
47548,1
48432,1
25591,1
31179,1
37513,1
37516,1
37531,1
37532,1
14739,1
14994,1
15183,1
25355,1
34490,1
34491,1
40138,1
40139,1
40140,1
49840,1
49843,1
49844,1
56677,1
56678,1
56679,1
56688,1
54084,1
49849,1
49852,1
56531,1
29582,1
33095,1
39343,1
39345,1
48102,1
51097,1
31911,1
35314,1
53896,1
22639,1
7392,2
7394,2
8541,1
35110,1
10742,1
10743,1
7393,2
31118,1
30565,1
55328,1
31796,1
31797,1
51336,1
51341,1
23831,1
23832,1
23830,1
23841,1
48363,1
48365,1
48366,1
48367,1
19438,1
38867,1
38868,1
38869,1
38870,1
39584,1
39585,1
39586,1
39587,1
46638,1
38702,1
10372,2
10373,2
10374,2
10375,2
57493,1
57494,1
57495,1
57496,1
21861,1
22007,1
45326,1
45327,1
45328,1
27812,1
27813,1
27814,1
27815,1
7323,1
27384,1
22785,1
22784,1
22783,2
54183,1
54184,1
54185,1
54186,1
58225,1
58226,1
17847,1
17206,1
17208,1
17212,1
22787,1
22788,1
53442,1
53443,1
53444,1
53445,1
53446,1
53447,1
53448,1
53449,1
53450,1
53451,1
53452,1
53453,1
53454,1
53455,1
53456,1
53457,1
53388,1
53389,1
53784,1
53785,1
53786,1
53787,1
53868,1
35382,1
28134,1
28143,1
28144,1
28145,1
28146,1
28109,1
59129,1
59130,1
59131,1
59132,1
20568,1
50216,1
50217,1
50218,1
50219,1
50220,1
50221,1
50222,1
50223,1
20523,1
20524,1
20525,1
20526,1
20527,1
20528,1
20529,1
21513,1
29432,1
26570,1
26384,1
17716,1
16701,1
17715,1
17445,1
17991,1
17444,1
17990,1
16700,1
7858,1
7863,1
7862,1
10956,1
10955,1
7859,1
16898,1
16899,1
7065,1
7865,1
7050,1
7868,1
7063,1
7070,1
7053,1
7082,1
7864,1
7088,1
7061,1
7071,1
7062,1
7601,1
7060,1
7867,1
7064,1
7602,1
7068,1
7069,1
7869,1
7083,1
7866,1
23556,1
29772,1
29773,1
29075,1
29077,1
29078,1
29079,1
33813,1
27889,1
25758,1
25759,1
16349,1
16343,1
16348,1
16342,1
16918,1
16919,1
5480,1
5481,1
7096,1
18270,1
18271,1
23555,1
7106,1
7105,1
8039,1
7103,1
7114,1
8040,1
7113,1
7108,1
7387,1
7107,1
7097,1
7305,1
7101,1
7102,1
7104,1
7098,1
29771,1
20641,1
19819,1
20640,1
19762,1
19815,1
19766,1
50575,1
50576,1
50610,1
50611,1
51975,1
22535,1
32236,1
29743,1
29744,1
29745,1
29746,1
29747,1
29748,1
29749,1
29750,1
30115,1
30116,1
30117,1
31283,1
31284,1
31285,1
31286,1
31287,1
31288,1
31415,1
31416,1
31417,1
31418,1
31419,1
31420,1
31421,1
31446,1
31447,1
33525,1
33526,1
39650,1
39652,1
39653,1
39654,1
39655,1
39656,1
39657,1
39658,1
39659,1
39660,1
53968,1
53969,1
53970,1
53971,1
53972,1
53973,1
56423,1
56424,1
50748,1
50749,1
50750,1
52839,1
52840,1
56359,1
56360,1
56361,1
56362,1
12740,1
12257,1
59589,1
11510,1
22571,1
47562,1
52034,1
17889,1
17807,1
26320,1
26321,1
23410,1
26625,1
26631,1
26632,1
13362,1
57588,1
34194,1
34195,1
51579,1
51590,1
55169,1
26748,1
59388,1
59389,1
59390,1
59391,1
55779,1
55780,1
55748,1
30654,1
31201,1
55634,1
55635,1
55612,1
52324,1
52325,1
52326,1
52327,1
53928,1
53929,1
53930,1
53931,1
52293,1
53924,1
26415,1
32391,1
32392,1
40631,1
40632,1
45647,1
45648,1
26430,1
14474,1
36532,1
56821,1
56822,1
30864,1
27152,1
28693,1
28695,1
32993,1
58204,1
58205,1
30040,1
30041,1
26604,1
20295,2
20296,1
20297,2
20298,1
24366,1
24367,1
26511,1
26512,1
20382,1
47904,1
57346,1
57347,1
57348,1
57349,1
14393,1
17254,1
49041,1
48961,1
49056,1
48993,1
49057,1
28912,1
28913,1
28914,1
28915,1
28885,1
36920,1
26457,1
51002,1
20444,1
20446,1
20415,1
33478,1
39470,1
7089,1
50922,1
56100,1
50905,1
51603,1
55921,1
55922,1
58978,1
58979,1
47971,1
47972,1
31144,1
58377,1
32291,1
13301,1
13302,1
56498,1
36349,2
21431,1
52630,1
52631,1
52632,1
52633,1
52634,1
52635,1
52636,1
52637,1
52758,1
54842,1
54843,1
54844,1
54845,1
54846,1
54847,1
54820,1
55053,1
55054,1
55055,1
55203,1
55204,1
55205,1
55027,1
55216,1
39531,1
48273,1
48274,1
48275,1
48249,1
46554,1
46555,1
46556,1
46557,1
46558,1
46559,1
46532,1
48629,1
48630,1
48631,1
48632,1
48601,1
57226,1
59209,1
52430,1
53939,1
52138,1
52139,1
15732,1
6962,2
6961,2
13439,1
19439,1
13002,1
13620,1
9288,1
13818,1
18852,1
38659,1
38660,1
24263,1
12655,1
38658,1
17555,1
56466,1
27441,1
23072,1
23955,1
23963,1
21384,1
45664,1
48435,1
19938,1
38653,1
25991,1
18853,1
18854,1
18855,1
18856,1
18857,1
18858,1
18859,1
18860,1
18861,1
18862,1
29113,1
29114,1
29115,1
29334,1
29335,1
29337,1
29338,1
56630,1
56631,1
56632,1
56633,1
54086,1
21460,1
19933,1
47448,2
28788,2
56533,1
29585,1
32485,1
31304,1
11763,1
31914,1
53897,1
10748,1
10749,1
10750,1
10751,1
35108,1