machine_code,category_id
30568,11
57501,11
57502,11
57503,11
57504,11
57087,11
57088,11
57089,11
57090,11
57080,11
30334,11
52931,11
52932,11
52933,11
52934,11
53482,11
53483,11
53484,11
53485,11
53486,11
53487,11
53488,11
53489,11
53490,11
53491,11
53492,11
53493,11
53394,11
53395,11
59133,11
59134,11
59135,11
59136,11
7680,11
50228,11
50231,11
50581,17
50582,17
50583,17
50584,17
51976,17
51977,17
30329,17
29918,17
29919,17
29920,17
29921,17
29922,17
29923,17
29924,17
29925,17
29926,17
29927,17
29928,17
29929,17
29930,17
29931,17
29932,17
29933,17
29934,17
29935,17
29936,17
29937,17
30134,17
30135,17
31279,17
31407,17
31434,17
31435,17
33533,17
33534,17
39635,17
39636,17
39637,17
39638,17
39639,17
39640,17
57979,17
57980,17
57981,17
57982,17
57983,17
57984,17
54241,17
54242,17
54468,17
54469,17
56427,17
56428,17
52845,17
52846,17
52847,17
52848,17
52866,17
53054,17
53957,17
56369,17
56370,17
56371,17
56372,17
56373,17
56374,17
59775,17
59776,17
59599,17
30731,17
30733,17
47574,17
52038,17
47723,17
47724,17
59169,17
59170,17
59171,17
59172,17
57590,17
34208,16
51584,16
55173,16
59396,16
59397,16
59398,16
59399,16
55763,16
55764,16
55765,16
55766,16
55751,16
55656,16
55657,16
55615,16
52341,16
52343,16
53932,16
53933,16
52298,16
53925,16
40639,16
40640,16
40641,16
40642,16
56826,16
56827,16
56828,16
30867,16
28691,16
28698,16
30340,16
30418,16
32995,16
30336,20
30337,20
30338,20
30339,20
30335,20
58379,2
52714,1
52715,1
52716,1
52717,1
52749,1
52750,1
52761,1
54856,1
54857,1
54858,1
54859,1
54823,1
55065,1
55066,1
55067,1
55031,1
48309,1
48310,1
48311,1
48254,1
46606,1
46607,1
46534,1
57228,18
59211,18
52433,18
13438,18
22675,18
34601,18
6963,18
25659,18
30395,6
53907,6
12189,6
10746,6
17397,6
22850,6
22851,6
22852,6
55343,11
31817,11
31823,11
38909,11
38912,11
39580,11
39581,11
46648,11
38735,11
57477,11
57478,11
57479,11
57480,11
49378,11
49379,11
54211,11
54212,11
54213,11
54214,11
53578,11
53579,11
53580,11
53581,11
53582,11
53583,11
53915,11
53916,11
53917,11
53918,11
53919,11
53920,11
53408,11
53914,11
59113,11
59114,11
59115,11
59116,11
49400,11
50292,11
50293,11
50294,11
50295,11
49324,8
49327,8
49326,8
49328,8
10952,8
10951,8
7846,8
7847,8
49329,8
23559,8
23560,8
49344,9
49343,9
49348,9
49349,9
49347,9
49350,9
7099,9
7100,9
50618,17
50619,17
50620,17
39679,17
39680,17
39681,17
40039,17
40045,17
40047,17
40050,17
40069,17
40071,17
49630,17
49631,17
49632,17
49633,17
49634,17
49635,17
49636,17
49637,17
49638,17
49639,17
49640,17
49641,17
49642,17
49643,17
49644,17
49645,17
49646,17
49647,17
49648,17
49649,17
57988,17
57989,17
57990,17
57991,17
57992,17
57993,17
54361,17
54362,17
54365,17
54366,17
56437,17
56438,17
49650,17
49651,17
49652,17
49653,17
49654,17
50806,17
50807,17
52871,17
52872,17
56407,17
56408,17
56415,17
56416,17
56417,17
56418,17
59602,17
49493,17
49494,17
47598,17
47599,17
52054,17
59207,17
59208,17
57601,17
59438,16
59439,16
55646,16
55647,16
55630,16
52396,16
52397,16
52314,16
40643,16
40644,16
56859,16
56860,16
28697,16
36581,16
49470,16
49048,20
48988,20
49070,20
48987,20
49071,20
49506,20
49507,20
49508,20
49509,20
49510,20
49511,20
49512,20
26458,12
37536,12
50928,12
54067,12
50917,12
49413,12
49341,12
46786,12
58984,2
51879,2
49537,2
49538,2
54026,2
58392,2
49530,2
49531,2
50359,14
56507,14
49459,14
49460,14
49461,14
52752,1
52753,1
52754,1
52755,1
52773,1
54888,1
54889,1
54890,1
54891,1
54830,1
50386,1
50387,1
50383,1
48637,1
48638,1
48639,1
48640,1
48603,1
49317,18
57241,18
52445,18
49319,18
52164,18
52165,18
49320,18
49316,18
49415,13
49416,13
49417,13
49406,13
49732,13
49418,13
49419,13
49424,13
49425,13
49422,13
49423,13
49407,13
49429,13
56473,13
49440,13
49441,13
49405,13
49412,13
49446,13
49404,13
49410,13
49453,13
49454,13
49457,13
49411,13
49430,13
49431,13
49432,13
49433,13
49434,13
49435,13
49436,13
49437,13
29324,13
29325,13
29326,13
56657,13
56658,13
56659,13
49444,13
54099,13
49450,13
49451,13
56542,6
29584,6
29586,6
49532,6
51102,6
51623,6
56002,6
49293,6
49294,6
49295,6
49296,6
49297,6
31818,11
31824,11
48422,11
48425,11
38883,11
38884,11
46430,11
46431,11
46791,11
46429,11
57537,11
57538,11
57539,11
57540,11
25816,11
25817,11
46793,11
46792,11
45363,11
45379,11
45421,11
47464,11
46114,11
46115,11
57281,11
57282,11
57283,11
57284,11
57289,11
57302,11
57303,11
57304,11
53590,11
53591,11
53592,11
53593,11
53594,11
53595,11
53596,11
53597,11
53598,11
53599,11
53600,11
53601,11
53602,11
53603,11
53604,11
53605,11
53410,11
53411,11
39960,11
47177,11
47179,11
59149,11
59150,11
59151,11
59152,11
46858,11
50288,11
50289,11
50290,11
50291,11
46853,11
46855,11
46949,8
46944,8
46942,8
46935,8
46946,8
46940,8
46888,8
46925,8
46932,8
46923,8
46941,8
46920,8
46922,8
46910,8
46903,8
46900,8
46947,8
46924,8
46948,8
46933,8
46928,8
46936,8
46915,8
46934,8
46885,8
46876,8
46913,9
46881,9
46882,9
46917,9
46891,9
46899,9
46897,9
46926,9
46893,9
46914,9
46889,9
46908,9
46916,9
46904,9
46890,9
46905,9
46895,9
46896,9
55807,9
50614,17
50615,17
50616,17
50617,17
39641,17
39642,17
39644,17
40072,17
40073,17
46685,17
46686,17
46687,17
46688,17
46689,17
46690,17
46691,17
46692,17
46693,17
46694,17
46695,17
46696,17
46697,17
46698,17
46699,17
46700,17
46701,17
46702,17
46703,17
46704,17
46705,17
46706,17
46707,17
46708,17
46709,17
47415,17
47416,17
47417,17
47418,17
47419,17
47420,17
47421,17
47422,17
47423,17
47424,17
47425,17
47426,17
47427,17
47428,17
47429,17
47430,17
47431,17
47432,17
47433,17
47434,17
47435,17
47436,17
47437,17
47438,17
47439,17
47440,17
47441,17
47442,17
47443,17
47444,17
57582,17
57583,17
57584,17
57585,17
57586,17
57985,17
57986,17
57987,17
54253,17
54254,17
54255,17
54256,17
54355,17
54356,17
56435,17
56436,17
49683,17
49684,17
49685,17
49686,17
49687,17
50801,17
50802,17
50803,17
50804,17
50805,17
52073,17
52074,17
52075,17
52843,17
52869,17
52870,17
53041,17
53042,17
53055,17
53056,17
53948,17
53949,17
53951,17
53959,17
53961,17
53962,17
56411,17
56412,17
56413,17
56414,17
59600,17
59601,17
46750,17
46751,17
46754,17
46755,17
47258,17
47616,17
52052,17
52053,17
35674,17
59201,17
59202,17
59203,17
59204,17
59205,17
59206,17
57600,17
46771,16
46772,16
51598,16
55185,16
46797,16
59434,16
59435,16
59436,16
59437,16
55996,16
55997,16
55995,16
46782,16
55671,16
55672,16
55629,16
52390,16
52391,16
52392,16
52394,16
52395,16
53936,16
52312,16
52313,16
46780,16
49144,16
49145,16
51027,16
46432,16
46433,16
46779,16
56852,16
56856,16
56857,16
56858,16
46796,16
32663,16
46839,16
46840,16
46841,16
46842,16
46843,16
46774,3
47198,3
47199,3
47200,3
47202,3
47204,3
40163,3
46813,3
46814,3
46815,3
46816,3
46822,3
53877,3
58295,4
56700,4
49756,4
51616,4
58582,4
50647,4
55244,4
58823,4
49050,20
49015,20
49074,20
49016,20
49075,20
32659,20
32660,20
50710,20
46859,20
46860,20
46861,20
46862,20
46863,20
47229,19
46756,15
47160,12
47159,12
47105,12
47111,12
47112,12
47113,12
47114,12
47115,12
47116,12
47117,12
47118,12
47119,12
47120,12
47156,12
51008,12
47157,12
47195,12
55233,12
57580,12
47558,12
47191,12
47192,12
47193,12
47194,12
50927,12
46898,12
54066,12
56101,12
50916,12
50915,12
52008,12
51609,12
39438,12
39439,12
39442,12
39443,12
46789,12
50717,12
47109,12
47771,2
53014,2
53015,2
51823,2
48029,2
48030,2
48031,2
49216,2
46769,2
46768,2
47218,2
47219,2
47220,2
58390,2
58391,2
47210,2
47211,2
47462,14
47463,14
50358,14
56509,14
52742,1
52744,1
52746,1
52747,1
52748,1
52751,1
52772,1
53006,1
54814,1
54815,1
54816,1
54817,1
54799,1
55095,1
55096,1
55214,1
55041,1
46844,1
46602,1
46603,1
46616,1
46617,1
46618,1
46619,1
46620,1
46621,1
46545,1
48691,1
48692,1
48693,1
48694,1
48695,1
48696,1
48697,1
48698,1
48614,1
47414,18
57239,18
57240,18
52444,18
47172,18
47173,18
52162,18
52163,18
47167,18
47171,18
47170,18
47168,18
47265,18
47166,18
46838,18
47110,13
46757,13
49731,13
47408,13
47406,13
47407,13
46964,13
46962,13
46959,13
47158,13
47106,13
46984,13
46985,13
46983,13
46981,13
46977,13
46978,13
46982,13
46979,13
46980,13
47031,13
47039,13
47038,13
47027,13
47026,13
47028,13
47029,13
47030,13
47042,13
47032,13
47033,13
47034,13
47035,13
47036,13
47043,13
47044,13
47040,13
47046,13
47047,13
47045,13
47048,13
47081,13
47085,13
47087,13
47090,13
46996,13
46999,13
47001,13
47003,13
47004,13
47078,13
47079,13
47080,13
47082,13
47083,13
47084,13
47023,13
47024,13
47067,13
47071,13
47072,13
47073,13
47070,13
47015,13
47008,13
47012,13
47011,13
47059,13
47009,13
47060,13
47014,13
47013,13
47016,13
46956,13
46958,13
46957,13
46987,13
46986,13
47077,13
46994,13
46993,13
47147,13
56475,13
47121,13
47483,13
46968,13
48448,13
48447,13
46971,13
46972,13
46973,13
46974,13
46975,13
46976,13
46969,13
46970,13
46955,13
46965,13
46967,13
47053,13
47054,13
47094,13
47095,13
47098,13
47103,13
57382,13
38321,13
38322,13
47148,13
47149,13
47150,13
47151,13
47152,13
47153,13
47154,13
47155,13
47124,13
47125,13
47126,13
47127,13
56665,13
56666,13
56667,13
56668,13
56669,13
56670,13
56671,13
56672,13
56673,13
56674,13
56675,13
56676,13
54098,13
46953,13
16165,13
17526,13
47451,13
47452,13
47453,13
47454,13
48817,13
47181,13
56544,6
47163,6
47164,6
47230,6
55846,6
47206,6
46760,6
56454,6
47162,6
47180,6
47459,6
47175,6
47244,6
47245,6
47246,6
47247,6
47248,6
47249,6
47250,6
47251,6
47252,6
47253,6
48834,6
48835,6
53906,6
56251,6
56252,6
55334,11
37862,11
37864,11
45608,11
51396,11
51397,11
48390,11
48391,11
48392,11
48393,11
38279,11
38280,11
37948,11
37949,11
37950,11
37951,11
38873,11
38874,11
38893,11
38894,11
38895,11
38896,11
39598,11
39599,11
46643,11
38731,11
57509,11
57510,11
57511,11
57512,11
38055,11
38056,11
38057,11
57091,11
57092,11
57081,11
38167,11
38191,11
38281,11
54199,11
54200,11
54201,11
54202,11
57654,11
57655,11
53522,11
53523,11
53524,11
53525,11
53526,11
53527,11
53528,11
53529,11
53530,11
53531,11
53532,11
53533,11
53586,11
53587,11
53588,11
53589,11
53400,11
53401,11
53800,11
53801,11
53802,11
53803,11
53804,11
53805,11
53806,11
53807,11
35384,11
37579,11
37583,11
37584,11
37595,11
59141,11
59142,11
59143,11
59144,11
37633,11
50260,11
50261,11
50262,11
50263,11
50264,11
50265,11
37636,11
37637,11
37638,11
37641,11
35863,8
35372,8
35858,8
35857,8
35864,8
35371,8
35734,8
35425,8
35603,8
35913,8
35884,8
35854,8
35731,8
46878,8
46886,8
46907,8
46883,8
46879,8
46892,8
46901,8
46919,8
46887,8
46880,8
46912,8
46902,8
46937,8
46906,8
35600,8
35601,8
35724,8
35723,8
35737,8
46873,8
36445,9
36017,9
36113,9
36110,9
36112,9
36018,9
36447,9
36176,9
36172,9
36173,9
36174,9
46909,9
55803,9
35989,9
37173,9
36162,9
36376,9
37255,9
37283,9
36101,9
36087,9
36049,9
36317,9
36042,9
37182,9
36321,9
37286,9
35979,9
36434,9
37246,9
36041,9
35993,9
36392,9
36330,9
37480,9
37271,9
36099,9
36100,9
36056,9
50591,17
50592,17
50593,17
50612,17
35358,17
35359,17
35427,17
35428,17
35429,17
35430,17
35431,17
35432,17
35433,17
35434,17
35435,17
35436,17
35437,17
35438,17
35439,17
35440,17
35441,17
35442,17
35444,17
35445,17
35446,17
35447,17
35449,17
35450,17
35451,17
35452,17
35453,17
35454,17
35455,17
35456,17
35511,17
35512,17
35513,17
35514,17
35515,17
35516,17
35517,17
35518,17
35519,17
35520,17
35521,17
35522,17
35523,17
35524,17
35525,17
35526,17
35528,17
35529,17
35530,17
35531,17
35533,17
35534,17
35535,17
35536,17
35537,17
35538,17
35539,17
35540,17
35541,17
35542,17
35543,17
35544,17
35545,17
35546,17
35547,17
35548,17
35549,17
35550,17
35551,17
35552,17
35553,17
35554,17
35555,17
35556,17
35557,17
35558,17
39643,17
39648,17
39668,17
56429,17
56430,17
50790,17
50791,17
50792,17
50793,17
52853,17
52854,17
53043,17
53044,17
56379,17
56380,17
56381,17
56382,17
35680,17
35681,17
59592,17
35865,17
35867,17
35869,17
35870,17
35872,17
47577,17
47579,17
47581,17
52040,17
35906,17
35938,17
35939,17
35998,17
35999,17
36000,17
36001,17
49500,17
47721,17
47722,17
47729,17
47730,17
47731,17
47732,17
49501,17
36024,17
35673,17
57592,17
36401,16
36402,16
51582,16
51587,16
55176,16
36528,16
36454,16
36461,16
36482,16
59408,16
59409,16
59410,16
59411,16
59430,16
59431,16
55767,16
55768,16
55752,16
35181,16
35182,16
35183,16
35184,16
55660,16
55661,16
55662,16
55618,16
55619,16
52352,16
52353,16
52354,16
52355,16
52356,16
52357,16
52301,16
52302,16
36512,16
36513,16
40655,16
40656,16
40657,16
40658,16
36536,16
36537,16
56834,16
56835,16
56836,16
30346,16
36553,16
36593,16
36594,16
36595,16
36596,16
36597,16
36599,16
51627,3
34931,3
34932,3
34923,3
34924,3
39555,3
34990,3
34991,3
34994,3
34995,3
34996,3
34997,3
34987,3
40106,10
47905,4
49114,4
53910,4
57354,5
57355,5
57356,5
57357,5
35094,5
35099,5
49044,20
48975,20
49062,20
48977,20
49063,20
50701,20
50702,20
36259,20
36260,20
36261,20
36262,20
36253,20
36947,19
36381,15
37424,12
37427,12
48805,12
36150,12
36151,12
36149,12
33477,12
55294,12
37449,12
57576,12
47556,12
47187,12
47188,12
46321,12
54062,12
50911,12
50914,12
54045,12
35648,12
52003,12
51604,12
39454,12
39455,12
49085,12
55955,2
55956,2
58982,2
34855,2
34858,2
53010,2
51819,2
48013,2
48014,2
48015,2
58382,2
34909,2
34910,2
47461,14
36329,14
56502,14
36341,14
36342,14
36343,14
36344,14
36345,14
36347,14
52718,1
52719,1
52720,1
52721,1
52722,1
52723,1
52724,1
52725,1
52764,1
54800,1
54801,1
54802,1
54803,1
54804,1
54805,1
54878,1
54879,1
54797,1
55074,1
55075,1
55076,1
55209,1
55210,1
55211,1
55034,1
55218,1
39536,1
52903,1
52904,1
48312,1
48313,1
48314,1
48257,1
46580,1
46581,1
46582,1
46583,1
46537,1
48649,1
48650,1
48651,1
48652,1
48653,1
48654,1
48606,1
36052,18
57231,18
57336,18
52436,18
53941,18
36140,18
36144,18
36143,18
36141,18
36137,18
36138,18
36142,18
36145,18
36146,18
36147,18
36084,18
52148,18
52149,18
36074,18
36853,13
37511,13
36739,13
36740,13
37344,13
37345,13
36788,13
36789,13
37542,13
37543,13
38657,13
36826,13
36827,13
36824,13
36825,13
36829,13
36770,13
37169,13
36858,13
36859,13
36860,13
36771,13
37355,13
37554,13
37555,13
37556,13
37557,13
37176,13
37179,13
37170,13
37171,13
37476,13
36621,13
36622,13
37330,13
37313,13
37315,13
37262,13
37263,13
37467,13
38639,13
38638,13
35002,13
47062,13
47069,13
36277,13
36275,13
36718,13
56469,13
36746,13
36752,13
36757,13
36833,13
45671,13
48438,13
36783,13
36821,13
37208,13
36652,13
36640,13
36641,13
37224,13
37226,13
37227,13
37217,13
37219,13
37225,13
37195,13
37196,13
37466,13
36772,13
47049,13
47051,13
37281,13
37307,13
36781,13
36666,13
36776,13
36780,13
36782,13
36800,13
36801,13
36862,13
36863,13
36864,13
36779,13
36861,13
36865,13
38480,13
37499,13
37502,13
37503,13
37504,13
37505,13
37506,13
37507,13
37508,13
37509,13
37510,13
35911,13
37530,13
36729,13
36730,13
36731,13
58068,13
58069,13
58070,13
58071,13
58072,13
36674,13
36675,13
36676,13
36677,13
36678,13
36679,13
36713,13
36714,13
36715,13
36716,13
29327,13
36709,13
36710,13
36711,13
36712,13
56641,13
56642,13
56643,13
56644,13
56660,13
56661,13
56687,13
36753,13
36754,13
36417,13
36013,13
36015,13
36175,13
36111,13
54091,13
36367,13
37183,13
36300,13
35949,13
35738,13
35739,13
35735,13
35721,13
35934,13
35339,13
35877,13
35951,13
37238,13
47449,13
47450,13
37239,13
35295,13
35732,13
35733,13
56537,6
35205,6
35209,6
35104,6
47458,6
37926,6
21444,6
35156,6
35157,6
35158,6
35159,6
35224,6
53902,6
35167,6
35169,6
35170,6
35171,6
35172,6
37792,11
37793,11
38918,11
38919,11
45603,11
48382,11
48383,11
48384,11
48385,11
38287,11
38288,11
38084,11
38085,11
37957,11
37958,11
38885,11
38886,11
38887,11
38888,11
46641,11
38729,11
57453,11
57454,11
57455,11
57456,11
57457,11
57458,11
57459,11
57460,11
25815,11
25818,11
38121,11
38182,11
38130,11
45386,11
45387,11
45388,11
45389,11
45391,11
38209,11
38210,11
38211,11
30912,11
37666,11
37668,11
38188,11
52935,11
52936,11
52937,11
52938,11
37797,11
37798,11
37799,11
37800,11
53494,11
53495,11
53496,11
53497,11
53498,11
53499,11
53500,11
53501,11
53502,11
53503,11
53504,11
53505,11
53506,11
53507,11
53508,11
53509,11
53396,11
53397,11
53826,11
53827,11
53828,11
53829,11
21210,11
37569,11
37570,11
37571,11
37572,11
59089,11
59090,11
59091,11
59092,11
37421,11
50246,11
50247,11
50248,11
50249,11
50250,11
50251,11
50252,11
50253,11
20512,11
20513,11
20514,11
20515,11
37626,11
37627,11
37628,11
37959,8
35416,8
35966,8
35725,8
35824,8
37971,8
37965,8
35841,8
37966,8
35907,8
35388,8
35362,8
37964,8
37954,8
35878,8
35726,8
38632,8
38633,8
22743,8
22806,8
55801,9
36086,9
37268,9
37180,9
36431,9
36430,9
36324,9
37181,9
36418,9
37270,9
36366,9
36296,9
36315,9
37477,9
36307,9
37252,9
50588,17
50589,17
35604,17
35605,17
35606,17
35607,17
35608,17
35609,17
35610,17
35611,17
35612,17
35613,17
50960,17
50961,17
50962,17
50963,17
50964,17
50965,17
50966,17
50967,17
50968,17
50969,17
50970,17
50971,17
50972,17
50973,17
50974,17
50975,17
50976,17
50977,17
50978,17
50979,17
54470,17
54471,17
52849,17
52850,17
56375,17
56376,17
56377,17
56378,17
35844,17
39938,17
52039,17
39950,17
35915,17
35916,17
39723,17
39725,17
32881,17
32882,17
35973,17
39726,17
47725,17
47726,17
36019,17
36023,17
57591,17
36393,16
36394,16
36395,16
36396,16
51585,16
55174,16
55186,16
36457,16
36465,16
36477,16
36496,16
59400,16
59401,16
59402,16
59403,16
56702,16
56703,16
56704,16
56705,16
56701,16
35173,16
35174,16
35175,16
35176,16
55636,16
55637,16
55616,16
52344,16
52345,16
52346,16
52347,16
52991,16
52992,16
52993,16
52994,16
52299,16
52990,16
36510,16
36511,16
40651,16
40652,16
45652,16
45653,16
51026,16
56829,16
56830,16
56831,16
36561,16
36580,16
35287,16
35288,16
36582,16
36600,16
39557,3
34965,3
46845,3
46817,3
46818,3
46819,3
46820,3
46821,3
57557,4
52809,4
58579,4
50644,4
55242,4
51021,20
49003,20
49968,20
49005,20
49969,20
50699,20
50700,20
36257,20
36258,20
36252,20
51016,20
51017,20
36948,19
35830,12
51005,12
48807,12
46320,12
56036,12
50908,12
50909,12
39444,12
39445,12
37461,12
37463,12
37464,12
50715,12
58981,2
48075,2
48076,2
54024,2
58380,2
49945,2
50354,14
56500,14
33785,14
36338,14
36339,14
39727,14
52644,1
52645,1
52646,1
52647,1
52648,1
52649,1
52650,1
52651,1
52762,1
54860,1
54861,1
54862,1
54863,1
54824,1
55068,1
55069,1
55070,1
55206,1
55207,1
55208,1
55032,1
55217,1
52899,1
52900,1
48279,1
48280,1
48281,1
49746,1
49747,1
49748,1
48255,1
49745,1
46572,1
46573,1
46574,1
46575,1
51022,1
51023,1
51024,1
51025,1
46535,1
48641,1
48642,1
48643,1
48644,1
48604,1
36051,18
57229,18
57335,18
52434,18
36213,18
36210,18
36212,18
36211,18
40001,18
52144,18
52145,18
37192,13
39858,13
35965,13
36287,13
36620,13
37329,13
37312,13
37261,13
37471,13
47037,13
47041,13
46995,13
47005,13
47066,13
47068,13
36671,13
49817,13
56468,13
37391,13
45669,13
39916,13
39928,13
39917,13
36648,13
36649,13
47097,13
36664,13
36665,13
37178,13
57379,13
37515,13
37522,13
30540,13
37528,13
36690,13
36693,13
36695,13
37386,13
37387,13
49818,13
49819,13
49820,13
49821,13
49823,13
49824,13
49825,13
49826,13
56680,13
56681,13
56682,13
56683,13
54089,13
54096,13
49850,13
49853,13
56535,6
35203,6
39365,6
48103,6
51099,6
47176,6
35116,6
35117,6
35118,6
35160,6
35161,6
48404,11
48406,11
38907,11
38908,11
39596,11
39597,11
46647,11
39577,11
57525,11
57526,11
57527,11
57528,11
57529,11
57530,11
57531,11
57532,11
38136,11
57273,11
57274,11
57275,11
57276,11
57288,11
57299,11
57300,11
57301,11
53562,11
53563,11
53564,11
53565,11
53566,11
53567,11
53568,11
53569,11
53570,11
53571,11
53572,11
53573,11
53406,11
53407,11
59101,11
59102,11
59103,11
59104,11
38335,8
38329,8
38333,8
38330,8
38331,8
38332,8
38334,8
38336,8
35876,8
35957,8
35894,8
35883,8
35678,8
35828,8
35423,8
35394,8
38325,9
38328,9
38326,9
38327,9
38323,9
38324,9
55805,9
36097,9
37259,9
36373,9
36436,9
37285,9
35996,9
50604,17
50605,17
50606,17
50607,17
35367,17
35368,17
35396,17
35397,17
35398,17
35399,17
35400,17
35401,17
35402,17
35403,17
35404,17
35405,17
35406,17
35407,17
35408,17
35409,17
35410,17
35411,17
35412,17
35413,17
31438,17
31439,17
31440,17
31441,17
31442,17
31443,17
31444,17
31445,17
35594,17
35595,17
35596,17
35597,17
35598,17
35599,17
36115,17
36116,17
36117,17
36129,17
36130,17
36132,17
36178,17
36179,17
36875,17
39645,17
39646,17
47546,17
47547,17
54249,17
54250,17
54251,17
54252,17
54478,17
54479,17
50779,17
50780,17
50781,17
50782,17
52066,17
52067,17
52861,17
52862,17
53049,17
53050,17
53955,17
53956,17
56393,17
56394,17
56395,17
56396,17
56397,17
56398,17
56399,17
56400,17
56409,17
56410,17
35696,17
35697,17
35699,17
35700,17
35701,17
35702,17
35703,17
35704,17
35705,17
35706,17
35707,17
35708,17
35709,17
35710,17
35711,17
35712,17
35713,17
35714,17
35715,17
35716,17
35717,17
35718,17
35814,17
35815,17
35816,17
59597,17
35873,17
47596,17
52046,17
52047,17
35664,17
47727,17
47728,17
35675,17
59193,17
59194,17
59195,17
59196,17
59197,17
59198,17
57596,17
36411,16
36414,16
51592,16
55181,16
36456,16
36463,16
36491,16
39259,16
59422,16
59423,16
59424,16
59425,16
55773,16
55774,16
55775,16
55776,16
55755,16
35195,16
35198,16
55668,16
55669,16
55670,16
55624,16
55625,16
52374,16
52375,16
52376,16
52377,16
52308,16
36525,16
40671,16
40672,16
40673,16
40674,16
36538,16
56846,16
56847,16
56848,16
27424,16
36558,16
36601,16
36603,16
36604,16
36605,16
34967,3
58294,4
56699,4
52810,4
51615,4
58581,4
50646,4
55243,4
53909,4
58822,4
51630,20
51631,20
51629,20
37426,12
37538,12
37451,12
50926,12
45676,12
48443,12
55959,2
55960,2
58983,2
51821,2
48022,2
48023,2
48024,2
58385,2
49946,2
36360,14
36361,14
36362,14
52668,1
52669,1
52670,1
52671,1
52672,1
52673,1
52768,1
55086,1
55087,1
55088,1
55097,1
55212,1
55213,1
55038,1
55219,1
39540,1
48318,1
48319,1
48320,1
48261,1
46596,1
46597,1
46598,1
46599,1
46541,1
48671,1
48672,1
48673,1
48674,1
48610,1
57235,18
59213,18
52440,18
34702,18
38397,18
38398,18
52154,18
52155,18
36098,18
36856,13
37548,13
37552,13
37339,13
37327,13
36630,13
36749,13
36836,13
36847,13
36803,13
36851,13
37251,13
37293,13
57380,13
37512,13
37534,13
54094,13
35207,6
39381,6
33419,6
33753,6
35142,6
35143,6
35144,6
35145,6
35146,6
35147,6
35148,6
35223,6
53899,6
37788,11
37790,11
31810,11
38916,11
37795,11
38285,11
48388,11
48389,11
37946,11
38889,11
38890,11
38891,11
38892,11
39776,11
39777,11
46642,11
38730,11
38036,11
38037,11
38038,11
38039,11
57461,11
57462,11
57463,11
57464,11
38164,11
38132,11
38120,11
38286,11
38290,11
37671,11
38137,11
38139,11
54195,11
54196,11
54197,11
54198,11
57653,11
58227,11
53510,11
53511,11
53512,11
53513,11
53514,11
53515,11
53516,11
53517,11
53518,11
53519,11
53520,11
53521,11
53398,11
53399,11
53832,11
53833,11
53871,11
54484,11
54485,11
21595,11
35385,11
37576,11
37577,11
37580,11
59137,11
59138,11
59139,11
59140,11
37649,11
50258,11
50259,11
37650,11
37651,11
37652,11
37653,11
37654,11
37655,11
35829,8
35910,8
35642,8
35602,8
35424,8
35879,8
35727,8
35853,8
35389,8
35666,8
35967,8
55802,9
37240,9
37710,9
37711,9
36316,9
37253,9
37701,9
37280,9
37254,9
36055,9
36375,9
37282,9
36433,9
36064,9
37475,9
37211,9
50590,17
51978,17
51979,17
51980,17
35349,17
32237,17
30127,17
31436,17
31437,17
36152,17
36153,17
36154,17
36155,17
36156,17
36157,17
36158,17
36159,17
36160,17
36180,17
54472,17
54473,17
52851,17
52852,17
53952,17
47576,17
47717,17
36398,16
51583,16
51586,16
55175,16
36453,16
36460,16
36480,16
36497,16
59404,16
59405,16
59406,16
59407,16
56707,16
56708,16
56706,16
35180,16
55658,16
55659,16
55617,16
52348,16
52349,16
52350,16
52351,16
52300,16
40653,16
40654,16
45726,16
45727,16
36540,16
36541,16
56832,16
56833,16
16860,16
28696,16
36606,16
36607,16
49043,20
48983,20
49060,20
48985,20
49061,20
37483,12
35833,12
51006,12
50924,12
47482,12
45670,12
56035,12
48437,12
50910,12
39456,12
39457,12
48011,2
48012,2
58381,2
36328,14
56501,14
35948,14
36340,14
52652,1
52653,1
52654,1
52655,1
52656,1
52657,1
52763,1
54864,1
54865,1
54866,1
54867,1
54825,1
55071,1
55072,1
55073,1
55033,1
52901,1
52902,1
48282,1
48283,1
48284,1
48256,1
46576,1
46577,1
46578,1
46579,1
48121,1
48122,1
46536,1
48645,1
48646,1
48647,1
48648,1
49108,1
49109,1
48605,1
34830,1
57230,18
59212,18
52435,18
36168,18
36170,18
37354,18
36171,18
36050,18
36078,18
36177,18
52146,18
52147,18
36073,18
36305,13
36306,13
36311,13
36312,13
36313,13
37379,13
37380,13
37383,13
36290,13
36291,13
36289,13
37384,13
36294,13
36295,13
37389,13
37388,13
56130,13
23071,13
36298,13
36299,13
36293,13
36286,13
37385,13
36281,13
36282,13
37381,13
37382,13
36314,13
37523,13
37524,13
37529,13
38313,13
38314,13
38315,13
38316,13
38317,13
38318,13
38319,13
38320,13
38304,13
38305,13
38306,13
38307,13
38308,13
38309,13
49836,13
49837,13
49838,13
50831,13
56638,13
56639,13
56640,13
56656,13
54090,13
35992,13
37484,13
36432,13
37188,13
37189,13
56536,6
35204,6
39366,6
48104,6
51100,6
21446,6
53903,6
8549,6
35113,6
35166,6
35164,6
35165,6
37873,11
37874,11
45614,11
51312,11
49663,11
49666,11
48405,11
48407,11
38905,11
38906,11
46646,11
38734,11
57465,11
57466,11
57467,11
57468,11
25831,11
25832,11
38172,11
38135,11
39195,11
39196,11
39197,11
39198,11
37689,11
37699,11
57277,11
57278,11
57279,11
57280,11
53606,11
53607,11
53608,11
53609,11
54220,11
54221,11
54222,11
54223,11
54219,11
53836,11
53837,11
53869,11
59097,11
59098,11
59099,11
59100,11
37400,11
50232,11
50233,11
50234,11
50235,11
20193,11
20194,11
20197,11
20199,11
35670,8
35282,8
35354,8
35506,8
35660,8
35672,8
35905,8
35671,8
35509,8
35729,8
35898,8
35365,8
35392,8
35508,8
35507,8
35669,8
35730,8
35510,8
35827,8
35956,8
35904,8
35661,8
35393,8
35940,8
35818,8
35836,8
35819,8
35653,8
55804,9
36061,9
37215,9
36301,9
35983,9
37249,9
36096,9
37258,9
35994,9
37278,9
36094,9
36335,9
36380,9
37296,9
36369,9
37479,9
37203,9
35982,9
36067,9
37300,9
35995,9
36297,9
36372,9
36082,9
36319,9
37242,9
36384,9
37257,9
50600,17
50601,17
50602,17
50603,17
51983,17
51984,17
35360,17
35560,17
35561,17
35563,17
35565,17
35566,17
35567,17
35568,17
35569,17
35570,17
35571,17
35572,17
35573,17
35574,17
35575,17
35576,17
35577,17
35578,17
35579,17
35580,17
35581,17
35582,17
35583,17
35584,17
35585,17
35586,17
35587,17
35588,17
35589,17
35590,17
35591,17
35592,17
35593,17
35614,17
35615,17
35616,17
35617,17
35618,17
35619,17
35620,17
35621,17
35622,17
35623,17
35624,17
35625,17
35626,17
35627,17
35628,17
35629,17
35630,17
35631,17
35632,17
35633,17
35634,17
35635,17
35636,17
35637,17
35638,17
35639,17
35640,17
35641,17
38348,17
38349,17
38350,17
38351,17
38352,17
38353,17
38354,17
38355,17
38356,17
38357,17
38358,17
38359,17
38360,17
38361,17
38362,17
38363,17
38364,17
38365,17
38366,17
38367,17
38368,17
38369,17
38370,17
38371,17
47536,17
47537,17
47538,17
47539,17
47540,17
47541,17
47542,17
47543,17
47544,17
47545,17
54247,17
54248,17
54476,17
54477,17
56431,17
56432,17
56433,17
56434,17
50769,17
50770,17
50771,17
50772,17
50773,17
50774,17
50775,17
50776,17
50777,17
50778,17
52070,17
52071,17
52859,17
52860,17
53047,17
53048,17
56387,17
56388,17
56389,17
56390,17
56391,17
56392,17
35646,17
35688,17
35689,17
59595,17
59596,17
35889,17
35891,17
47590,17
47591,17
47592,17
47593,17
47594,17
52044,17
52045,17
57344,17
36021,17
36029,17
59183,17
59184,17
59185,17
59186,17
59187,17
59188,17
59189,17
59190,17
59191,17
59192,17
57595,17
58986,17
36409,16
36410,16
51591,16
55180,16
36488,16
59418,16
59419,16
59420,16
59421,16
35194,16
55638,16
55639,16
55623,16
52340,16
52342,16
52370,16
52371,16
52372,16
52373,16
52307,16
36455,16
40667,16
40668,16
36462,16
36542,16
36543,16
56844,16
56845,16
30865,16
36608,16
36609,16
36611,16
36612,16
36613,16
36614,16
39558,3
34966,3
34975,3
34981,3
40162,3
55822,4
35013,4
45451,4
52807,4
49752,4
57358,5
57359,5
57360,5
57361,5
49046,20
48962,20
49066,20
48994,20
49067,20
36246,20
36248,20
50706,20
36271,20
36272,20
36273,20
36274,20
36256,20
36951,19
37425,12
37438,12
37439,12
37440,12
37441,12
37442,12
37443,12
37444,12
37445,12
37446,12
37447,12
37448,12
36633,12
55234,12
55235,12
36751,12
57578,12
48806,12
49094,12
33202,12
33203,12
47185,12
47186,12
46323,12
50925,12
54046,12
54047,12
54048,12
54064,12
48442,12
50913,12
54043,12
54044,12
35650,12
52005,12
37454,12
51606,12
39448,12
39449,12
39452,12
39453,12
37455,12
38338,12
50716,12
34857,2
34860,2
48019,2
48020,2
48021,2
58384,2
34913,2
50356,14
56505,14
36346,14
36355,14
36356,14
36357,14
36358,14
36359,14
36184,14
52664,1
52665,1
52666,1
52667,1
52767,1
54872,1
54873,1
54874,1
54875,1
54876,1
54877,1
54827,1
55062,1
55063,1
55064,1
55193,1
55194,1
55195,1
55030,1
55192,1
39539,1
47257,1
48288,1
48289,1
48290,1
48260,1
46592,1
46593,1
46594,1
46595,1
46540,1
48667,1
48668,1
48669,1
48670,1
48609,1
27281,1
36054,18
36063,18
57234,18
52439,18
36181,18
38662,18
38663,18
36182,18
36183,18
35065,18
35067,18
52152,18
52153,18
36077,18
36855,13
37482,13
36741,13
36742,13
36743,13
36796,13
36795,13
37348,13
37349,13
37350,13
37351,13
37287,13
37289,13
36790,13
36791,13
36792,13
36793,13
36794,13
36857,13
49730,13
37545,13
37546,13
37551,13
37997,13
36831,13
36769,13
37560,13
37559,13
37186,13
37187,13
37357,13
37356,13
36636,13
37331,13
37332,13
37335,13
37336,13
37337,13
37316,13
37319,13
37320,13
37321,13
37322,13
37323,13
37324,13
37325,13
37264,13
37470,13
36627,13
36628,13
36629,13
35004,13
36656,13
36673,13
38016,13
56472,13
36748,13
36835,13
45674,13
45675,13
48441,13
37210,13
36653,13
37222,13
37231,13
37233,13
36654,13
37201,13
37207,13
37276,13
36774,13
37561,13
37352,13
37175,13
36876,13
36877,13
36879,13
37465,13
37311,13
36639,13
37519,13
37520,13
37521,13
37533,13
36698,13
36699,13
36700,13
36701,13
36702,13
36703,13
36704,13
36705,13
38003,13
38004,13
38005,13
38006,13
38007,13
38008,13
38012,13
38013,13
38014,13
38015,13
56649,13
56650,13
56651,13
35283,13
35353,13
35422,13
35421,13
54093,13
36302,13
36304,13
38017,13
38018,13
56540,6
40682,6
56128,6
53074,6
35211,6
53065,6
56126,6
53070,6
53071,6
35220,6
35106,6
51621,6
35222,6
35131,6
35132,6
35133,6
35134,6
35135,6
35136,6
35137,6
35138,6
35139,6
35140,6
35141,6
35214,6
35219,6
35221,6
55903,6
36185,6
53911,6
35112,6
31809,11
37844,11
37845,11
38917,11
49661,11
49662,11
48394,11
48396,11
38897,11
38898,11
46644,11
38732,11
57513,11
57514,11
57515,11
57516,11
38082,11
38168,11
38133,11
52939,11
52940,11
52941,11
52942,11
57286,11
57293,11
57294,11
57295,11
53534,11
53535,11
53536,11
53537,11
53538,11
53539,11
53540,11
53541,11
53542,11
53543,11
53544,11
53545,11
53402,11
53403,11
28149,11
28150,11
37587,11
37588,11
59093,11
59094,11
59095,11
59096,11
37410,11
37614,11
50266,11
50267,11
50268,11
50269,11
55300,8
55297,8
55298,8
55299,8
35505,8
35914,8
35281,8
35659,8
35419,8
35504,8
35655,8
35840,8
35363,8
35968,8
35954,8
35955,8
35364,8
35676,8
35887,8
35903,8
35728,8
35668,8
35390,8
16897,8
16896,8
16895,8
10593,8
10590,8
12089,8
12088,8
10594,8
10589,8
10591,8
10592,8
16894,8
9213,8
9214,8
9215,8
9216,8
7850,8
7851,8
32703,9
55301,9
55302,9
55806,9
36164,9
37168,9
36163,9
37167,9
37241,9
35981,9
36057,9
36093,9
37295,9
36388,9
37247,9
36379,9
37708,9
36066,9
36046,9
36308,9
36423,9
36425,9
36089,9
36370,9
36322,9
36333,9
36092,9
37272,9
36045,9
36047,9
36081,9
36387,9
36378,9
35997,9
36059,9
36103,9
37478,9
37191,9
37485,9
36419,9
37212,9
37299,9
36318,9
36058,9
6813,9
6812,9
50594,17
50595,17
50596,17
50597,17
51981,17
51982,17
37608,17
37610,17
40042,17
40044,17
40048,17
40049,17
40051,17
40052,17
40057,17
40060,17
40061,17
40063,17
40065,17
40067,17
40074,17
40075,17
40077,17
40078,17
40079,17
40080,17
40081,17
40082,17
40083,17
40084,17
46675,17
46676,17
46677,17
46678,17
46679,17
46680,17
46681,17
46682,17
46683,17
46684,17
54243,17
54244,17
54245,17
54246,17
50757,17
50758,17
50759,17
50760,17
50761,17
50762,17
50763,17
50764,17
50765,17
50766,17
52068,17
52069,17
52855,17
52856,17
53045,17
53046,17
56383,17
56384,17
56385,17
56386,17
59777,17
59778,17
35695,17
35698,17
35745,17
35746,17
35747,17
35751,17
35754,17
35755,17
35756,17
35757,17
35758,17
35759,17
35760,17
35761,17
35762,17
35763,17
35764,17
35765,17
35766,17
35767,17
35768,17
35770,17
35772,17
35775,17
35776,17
35777,17
35778,17
35779,17
35781,17
35782,17
35783,17
35784,17
35785,17
35787,17
35789,17
35790,17
35791,17
35792,17
35793,17
35794,17
35795,17
35796,17
35797,17
35798,17
35800,17
35801,17
35803,17
35805,17
35806,17
35807,17
35808,17
35810,17
35811,17
59593,17
59594,17
47583,17
47584,17
47585,17
47586,17
47587,17
52041,17
52042,17
57343,17
38092,17
54588,17
54589,17
54590,17
54591,17
54592,17
54593,17
59173,17
59174,17
59175,17
59176,17
59177,17
59178,17
59179,17
59180,17
59181,17
59182,17
57593,17
36403,16
36404,16
51588,16
55177,16
36484,16
59412,16
59413,16
55783,16
55784,16
55753,16
55663,16
55664,16
55620,16
52358,16
52359,16
52360,16
52361,16
52303,16
36451,16
40659,16
40660,16
40661,16
40662,16
36464,16
36544,16
38412,16
56837,16
56838,16
35289,16
36616,16
36617,16
36618,16
34979,3
40161,3
34998,3
34999,3
35000,3
35001,3
34989,3
49754,4
55241,4
57362,5
57363,5
35068,5
49045,20
48984,20
49064,20
48986,20
49065,20
50704,20
36263,20
36264,20
36265,20
36266,20
36254,20
36949,19
36383,15
30402,12
37428,12
37429,12
37430,12
37431,12
37432,12
37433,12
37434,12
37435,12
37436,12
37437,12
29605,12
37537,12
20445,12
23345,12
36205,12
36206,12
36204,12
36631,12
55231,12
55232,12
37450,12
57577,12
47557,12
47183,12
47184,12
35658,12
46322,12
54063,12
50912,12
52004,12
51605,12
39450,12
39451,12
37985,12
37990,12
37991,12
37992,12
37993,12
37994,12
37995,12
37996,12
46788,12
49086,12
55957,2
55958,2
34856,2
34859,2
51820,2
48016,2
48017,2
48018,2
58383,2
34911,2
34912,2
51815,2
45196,14
56503,14
36350,14
36351,14
36352,14
36353,14
36354,14
52658,1
52659,1
52660,1
52661,1
52662,1
52663,1
52765,1
54868,1
54869,1
54870,1
54871,1
54826,1
55077,1
55078,1
55079,1
55035,1
39537,1
47256,1
48285,1
48286,1
48287,1
48258,1
46584,1
46585,1
46586,1
46587,1
46538,1
48655,1
48656,1
48657,1
48658,1
48607,1
55151,18
36062,18
57232,18
52437,18
36196,18
36199,18
38096,18
38097,18
36200,18
36198,18
36201,18
36197,18
36191,18
36192,18
36194,18
36193,18
36190,18
36203,18
52150,18
52151,18
36854,13
37481,13
49729,13
37544,13
36624,13
36625,13
36626,13
36635,13
37333,13
37334,13
37318,13
37265,13
37266,13
37472,13
37473,13
35003,13
47021,13
47022,13
47061,13
47063,13
47064,13
36672,13
56470,13
45667,13
45672,13
45673,13
48439,13
48440,13
48445,13
36784,13
36785,13
36786,13
36822,13
37303,13
36818,13
36799,13
36849,13
37209,13
37216,13
36644,13
36645,13
37228,13
37198,13
37199,13
37204,13
37205,13
37250,13
36871,13
36872,13
36873,13
37309,13
36680,13
36683,13
36684,13
36687,13
36688,13
36689,13
38644,13
38645,13
38646,13
38647,13
48809,13
56645,13
56646,13
56647,13
56648,13
56652,13
35391,13
35933,13
35420,13
35969,13
54092,13
35742,13
45197,13
45198,13
45199,13
35743,13
56538,6
37923,6
35210,6
55847,6
39164,6
53064,6
56125,6
53068,6
53069,6
48138,6
35105,6
45200,6
57368,6
35120,6
35121,6
35122,6
35123,6
35124,6
35125,6
35127,6
35128,6
35129,6
55791,6
54299,6
48368,11
48371,11
38871,11
38872,11
46639,11
38703,11
57497,11
57498,11
57499,11
57500,11
27804,11
27805,11
27806,11
27807,11
39183,11
39184,11
54187,11
54188,11
54189,11
54190,11
53458,11
53459,11
53460,11
53461,11
53462,11
53463,11
53464,11
53465,11
53466,11
53467,11
53468,11
53469,11
53390,11
53391,11
47178,11
59083,11
59084,11
59085,11
59086,11
59087,11
59088,11
50236,11
50237,11
50242,11
50243,11
50244,11
50245,11
33814,8
32834,8
32833,8
38634,8
33769,8
33768,8
33844,8
33766,8
33767,8
33847,8
33848,8
33771,8
33846,8
33845,8
33849,8
33770,8
33773,8
33774,8
33765,8
46945,8
46921,8
46931,8
46884,8
46911,8
46943,8
46939,8
46929,8
46950,8
32835,9
46938,9
46927,9
46918,9
46894,9
33779,9
33840,9
33781,9
33783,9
33775,9
50579,17
50585,17
50586,17
50587,17
32238,17
33047,17
33048,17
33049,17
33050,17
33051,17
33052,17
33053,17
33054,17
33055,17
33056,17
33057,17
33058,17
33059,17
33060,17
33061,17
33062,17
33063,17
33064,17
33065,17
33066,17
33067,17
33068,17
33069,17
33070,17
33071,17
33072,17
33073,17
33074,17
33075,17
33076,17
33077,17
33078,17
33079,17
33080,17
33081,17
33082,17
33083,17
33084,17
33085,17
33086,17
33087,17
33088,17
33089,17
33090,17
33091,17
33092,17
33093,17
33094,17
34108,17
34109,17
34110,17
34111,17
34112,17
34113,17
34266,17
34267,17
34268,17
34269,17
34270,17
34271,17
34708,17
34709,17
34710,17
34711,17
39678,17
39682,17
39683,17
39684,17
54353,17
54354,17
56425,17
56426,17
50751,17
50752,17
50753,17
50754,17
50755,17
50756,17
52841,17
52842,17
53039,17
53040,17
53945,17
53946,17
53958,17
56363,17
56364,17
56365,17
56366,17
56367,17
56368,17
56405,17
56406,17
59773,17
59774,17
59590,17
59591,17
32874,17
32875,17
32876,17
32877,17
32873,17
47563,17
47564,17
47565,17
47566,17
52035,17
23971,17
59159,17
59160,17
59161,17
59162,17
59163,17
59164,17
59165,17
59166,17
59167,17
59168,17
57589,17
34198,16
34199,16
51581,16
55170,16
32517,16
59392,16
59393,16
59394,16
59395,16
55781,16
55782,16
55749,16
55652,16
55653,16
55613,16
52328,16
52329,16
52330,16
52331,16
52332,16
52333,16
52294,16
52295,16
27670,16
40633,16
40634,16
45218,16
45649,16
45650,16
45651,16
27671,16
33121,16
33758,16
56823,16
56824,16
56825,16
27423,16
31889,16
32958,16
32750,16
32751,16
32752,16
32753,16
32776,3
34980,3
55823,4
58296,4
47957,4
52806,4
49753,4
58578,4
53908,4
57350,5
57351,5
57352,5
57353,5
49042,20
49033,20
49058,20
49034,20
49059,20
32661,20
32662,20
32796,20
32797,20
50695,20
28919,20
30949,20
30930,20
51018,20
51019,20
36921,19
32791,15
32792,15
32943,12
45865,12
51003,12
33750,12
33751,12
33748,12
33479,12
57579,12
33772,12
50923,12
56034,12
50906,12
52002,12
51608,12
39440,12
39441,12
33412,12
32984,12
55923,2
55924,2
58980,2
32969,2
32968,2
53009,2
47973,2
47974,2
31142,2
34162,2
58378,2
32975,2
50353,14
50357,14
56499,14
32953,14
32954,14
32590,14
33786,14
33787,14
52638,1
52639,1
52640,1
52641,1
52642,1
52643,1
52743,1
52745,1
52759,1
54848,1
54849,1
54850,1
54851,1
54821,1
55056,1
55057,1
55058,1
55028,1
39532,1
47255,1
52893,1
52894,1
55130,1
55131,1
48276,1
48277,1
48278,1
48250,1
46560,1
46561,1
46562,1
46563,1
48760,1
48761,1
46533,1
48633,1
48634,1
48635,1
48636,1
49106,1
49107,1
48602,1
55150,18
32781,18
57227,18
59210,18
52431,18
34369,18
34590,18
34707,18
52140,18
52141,18
33125,18
33250,18
13618,18
34165,13
33312,13
32929,13
33876,13
33877,13
33882,13
33878,13
33879,13
33880,13
34701,13
38637,13
47089,13
47007,13
56467,13
35975,13
32920,13
32922,13
32928,13
32947,13
32925,13
48436,13
34398,13
34399,13
27703,13
27702,13
46989,13
47100,13
47101,13
34547,13
29609,13
48810,13
48812,13
48814,13
56634,13
56635,13
56636,13
56637,13
54087,13
32952,13
38601,13
48816,13
28787,13
48815,13
56534,6
33096,6
33286,6
33996,6
55844,6
53063,6
56124,6
53066,6
53067,6
48129,6
32789,6
51015,6
51098,6
51622,6
32959,6
33745,6
33746,6
33747,6
32787,6
34292,6
34294,6
32790,6
32967,6
33282,6
55902,6
53901,6
56249,6
32965,6
48417,11
48418,11
48426,11
48427,11
38881,11
38882,11
39590,11
39591,11
46649,11
38736,11
57469,11
57470,11
57471,11
57472,11
54207,11
54208,11
54209,11
54210,11
53584,11
53585,11
54225,11
54226,11
54227,11
54228,11
54300,11
54301,11
54302,11
54303,11
53409,11
54224,11
53870,11
38448,11
38446,11
59105,11
59106,11
59107,11
59108,11
38440,11
50276,11
50277,11
50278,11
50279,11
38593,8
38466,8
38452,8
38467,8
38463,8
38464,8
38462,8
38465,8
35826,8
38461,8
38451,8
22716,8
38469,9
38473,9
38470,9
38474,9
38472,9
38477,9
50580,17
50608,17
50609,17
51985,17
32235,17
38553,17
38554,17
38555,17
38556,17
38557,17
38558,17
38559,17
38560,17
38561,17
38562,17
38563,17
38564,17
38565,17
38566,17
38567,17
38568,17
38569,17
38570,17
38571,17
38572,17
38573,17
38574,17
38575,17
38576,17
38577,17
38578,17
38579,17
38580,17
38581,17
38582,17
38583,17
38584,17
38585,17
38586,17
38587,17
38588,17
38589,17
38590,17
38591,17
38592,17
39673,17
39675,17
39676,17
39677,17
40097,17
40098,17
40099,17
40100,17
40101,17
40102,17
54359,17
54360,17
54466,17
54467,17
50783,17
50784,17
50785,17
50786,17
50787,17
50788,17
50789,17
52863,17
52864,17
52865,17
53051,17
53052,17
53053,17
56401,17
56402,17
56403,17
56404,17
59598,17
38424,17
38426,17
47604,17
47605,17
52037,17
52048,17
21522,17
59199,17
59200,17
57597,17
38409,16
51593,16
55182,16
38411,16
59426,16
59427,16
59428,16
59429,16
55785,16
55786,16
55756,16
55640,16
55641,16
55626,16
52378,16
52379,16
52380,16
52381,16
52309,16
40645,16
40646,16
40669,16
40670,16
45725,16
56849,16
56850,16
38408,16
38530,16
38552,16
50643,4
48952,20
49047,20
48991,20
49068,20
48992,20
49069,20
50698,20
38415,20
38416,20
38417,20
38418,20
38419,20
38478,12
45132,12
8235,12
8706,12
22731,12
13403,12
46319,12
54065,12
54042,12
51607,12
46787,12
48077,2
48078,2
54025,2
58386,2
38595,2
56506,14
36348,14
38404,14
38403,14
52674,1
52675,1
52676,1
52677,1
52678,1
52679,1
52769,1
55089,1
55090,1
55091,1
55039,1
46570,1
46571,1
48762,1
48763,1
47354,1
48675,1
48676,1
48677,1
48678,1
48611,1
38541,18
57236,18
52441,18
52156,18
52157,18
38479,13
38506,13
38505,13
38502,13
38503,13
38507,13
50821,13
45666,13
48444,13
57381,13
32945,13
32949,13
38509,13
38510,13
38508,13
50822,13
50827,13
50830,13
56653,13
56654,13
56655,13
54095,13
50833,13
50832,13
56541,6
40683,6
38594,6
51101,6
11764,6
38542,6
38547,6
38543,6
38544,6
38545,6
38546,6
38600,6
53900,6
49366,11
55341,11
37962,11
37804,11
51381,11
49677,11
49678,11
48419,11
48420,11
38865,11
38866,11
39582,11
39583,11
39592,11
39593,11
39600,11
39601,11
46650,11
38701,11
40675,11
57533,11
57534,11
57535,11
57536,11
57473,11
57474,11
57475,11
57476,11
57097,11
57098,11
57083,11
56193,11
56169,11
3843,11
56887,11
56907,11
56881,11
56923,11
56929,11
56895,11
56896,11
118,11
56903,11
56920,11
56879,11
56885,11
56894,11
56892,11
56868,11
56901,11
56928,11
56921,11
56938,11
56939,11
49367,11
54230,11
54231,11
54232,11
54233,11
54229,11
53790,11
53791,11
53794,11
53795,11
37581,11
37582,11
37594,11
59109,11
59110,11
59111,11
59112,11
7362,11
39975,11
50280,11
50281,11
50282,11
50283,11
20201,11
20207,11
20508,11
20509,11
21511,11
21512,11
56114,11
56115,11
56116,11
56117,11
33812,8
46952,8
46951,8
26383,8
39865,8
35908,8
35656,8
39866,8
39869,8
39873,8
35337,8
35417,8
35855,8
39872,8
39871,8
39868,8
39846,8
35880,8
35888,8
35825,8
39867,8
35667,8
35881,8
10954,8
10953,8
6772,8
8907,8
8908,8
7059,8
6786,8
6780,8
6787,8
6773,8
7058,8
6781,8
46874,8
46875,8
46871,8
46870,8
16346,9
16347,9
13068,9
13070,9
13071,9
13067,9
13065,9
13072,9
13069,9
13066,9
22754,9
33780,9
39876,9
39884,9
39894,9
39889,9
39895,9
39878,9
39875,9
39877,9
33776,9
33778,9
39890,9
39885,9
39881,9
39887,9
39891,9
39879,9
39919,9
39921,9
39920,9
39923,9
46867,9
46864,9
50613,17
51986,17
51987,17
51988,17
39937,17
39946,17
31271,17
31273,17
31275,17
31276,17
31280,17
31282,17
31405,17
31408,17
31409,17
31413,17
31414,17
35457,17
35459,17
35460,17
35461,17
35465,17
35466,17
35467,17
35468,17
35470,17
35472,17
35473,17
35474,17
35475,17
35476,17
35477,17
35478,17
37609,17
37611,17
37612,17
40040,17
40041,17
40043,17
40046,17
40054,17
40055,17
40056,17
40058,17
40059,17
40062,17
40066,17
40068,17
40070,17
40076,17
54363,17
54364,17
50794,17
50795,17
50796,17
50797,17
50798,17
50799,17
50800,17
52867,17
52868,17
53960,17
35682,17
35683,17
35846,17
39940,17
39941,17
30538,17
30539,17
52036,17
52049,17
52050,17
52051,17
35921,17
35923,17
39724,17
39943,17
39944,17
39945,17
35941,17
35942,17
35944,17
35946,17
35947,17
36002,17
39952,17
39953,17
47719,17
47720,17
39951,17
30888,17
30889,17
30890,17
30891,17
57599,17
34193,16
40027,16
40028,16
51580,16
51594,16
51596,16
55183,16
55184,16
38513,16
38514,16
27478,16
40029,16
26881,16
46800,16
55787,16
55788,16
55757,16
26866,16
31199,16
55642,16
55643,16
55644,16
55645,16
55627,16
55628,16
52336,16
52337,16
52382,16
52383,16
52384,16
52385,16
52386,16
52387,16
52388,16
52389,16
52297,16
52310,16
52311,16
26413,16
36452,16
32394,16
38612,16
38613,16
45122,16
45125,16
26428,16
36459,16
56853,16
56854,16
56855,16
40026,16
30863,16
27150,16
36573,16
30808,16
31029,16
36576,16
49469,16
28694,16
39995,16
39996,16
32992,16
36598,16
36615,16
34682,16
36804,16
36805,16
36806,16
39987,3
39988,3
40155,3
40156,3
46784,3
46785,3
20291,3
20292,3
20293,3
20294,3
24437,3
40104,10
57364,5
57365,5
32062,5
39989,5
39990,5
39991,5
39992,5
49049,20
49004,20
49072,20
49006,20
49073,20
21492,20
36247,20
36249,20
36250,20
50707,20
50709,20
24800,20
24801,20
30945,20
30946,20
30950,20
30951,20
29263,20
51633,20
51634,20
51632,20
36928,19
36390,15
30403,12
27477,12
51007,12
55280,12
55281,12
39901,12
49093,12
47189,12
47190,12
52007,12
37462,12
49087,12
55961,2
55962,2
51822,2
48027,2
48028,2
58388,2
58389,2
33570,2
50355,14
56508,14
21432,14
34706,14
40012,14
40013,14
40014,14
40015,14
40016,14
40017,14
56230,14
52680,1
52681,1
52682,1
52683,1
52736,1
52737,1
52738,1
52739,1
52740,1
52741,1
52770,1
52771,1
54880,1
54881,1
54882,1
54883,1
54884,1
54885,1
54886,1
54887,1
54828,1
54829,1
55197,1
55198,1
55199,1
55196,1
39528,1
52897,1
52898,1
52909,1
52910,1
48297,1
48298,1
48299,1
48742,1
48743,1
48744,1
48265,1
48728,1
46600,1
46601,1
46604,1
46605,1
46608,1
46609,1
46610,1
46611,1
46612,1
46613,1
46614,1
46615,1
50384,1
50385,1
46544,1
47355,1
48679,1
48680,1
48681,1
48682,1
48683,1
48684,1
48685,1
48686,1
48687,1
48688,1
48689,1
48690,1
48612,1
48613,1
6690,18
57237,18
57238,18
59214,18
52442,18
52443,18
36108,18
40004,18
34592,18
39999,18
40002,18
39998,18
40000,18
52158,18
52159,18
52160,18
52161,18
11022,18
8694,18
56237,18
56303,18
56304,18
13437,18
11249,18
13001,18
13619,18
25662,18
25660,18
24810,18
25663,18
24808,18
24809,18
39932,13
37498,13
35744,13
35645,13
39844,13
39845,13
36662,13
36778,13
36820,13
37539,13
39912,13
39913,13
39843,13
39914,13
39933,13
37338,13
39854,13
37326,13
39853,13
39855,13
39856,13
39863,13
39864,13
39851,13
39852,13
36657,13
39900,13
55388,13
36660,13
47020,13
47074,13
47075,13
36670,13
40131,13
56474,13
39857,13
39931,13
27443,13
45668,13
48446,13
36891,13
39915,13
39929,13
39918,13
39874,13
36043,13
39892,13
22752,13
39888,13
6795,13
36044,13
36427,13
39927,13
38631,13
38630,13
39833,13
39835,13
39834,13
39934,13
39859,13
39836,13
39839,13
39840,13
37305,13
49456,13
37487,13
37489,13
37492,13
37493,13
37494,13
37495,13
37496,13
37497,13
40018,13
40019,13
35832,13
40020,13
40132,13
40133,13
40134,13
40135,13
29159,13
40137,13
56689,13
56690,13
54097,13
36885,13
36887,13
36888,13
36889,13
40142,13
49851,13
35387,13
56543,6
40685,6
46801,6
53076,6
33571,6
55845,6
56989,6
9825,6
56127,6
24491,6
24492,6
20538,6
37306,6
39930,6
56238,6
40143,6
40107,6
40008,6
40009,6
56248,6
34703,6
34704,6
35126,6
37927,6
37928,6
32966,6
55904,6
53985,6
56250,6
40010,6
40011,6
5554,6
10745,6
35109,6
40006,6
40007,6
37730,11
37732,11
55336,11
37848,11
37851,11
37741,11
37742,11
37759,11
37760,11
51414,11
51415,11
51416,11
51417,11
37568,11
37940,11
37941,11
38241,11
48399,11
48400,11
48398,11
48401,11
48402,11
48403,11
38899,11
38900,11
38901,11
38902,11
38903,11
38904,11
39594,11
39595,11
46645,11
38733,11
37936,11
37937,11
57517,11
57518,11
57519,11
57520,11
57521,11
57522,11
57523,11
57524,11
57093,11
57094,11
57095,11
57096,11
57082,11
21874,11
22019,11
45410,11
45411,11
38079,11
38080,11
38081,11
38213,11
38266,11
54203,11
54204,11
54205,11
54206,11
57287,11
58300,11
57296,11
57297,11
57298,11
58301,11
58302,11
58303,11
53546,11
53547,11
53548,11
53549,11
53550,11
53551,11
53552,11
53553,11
53554,11
53555,11
53556,11
53557,11
53558,11
53559,11
53560,11
53561,11
53404,11
53405,11
37840,11
53814,11
53815,11
53913,11
53872,11
57342,11
54420,11
37589,11
37597,11
59145,11
59146,11
59147,11
59148,11
37632,11
50270,11
50271,11
50272,11
50273,11
50274,11
50275,11
50598,17
50599,17
31295,17
31296,17
31297,17
31298,17
31422,17
31423,17
31424,17
31425,17
31426,17
31427,17
31428,17
31429,17
31430,17
31431,17
31432,17
31433,17
35443,17
35448,17
35479,17
35480,17
35481,17
35482,17
35483,17
35484,17
35485,17
35486,17
35487,17
35488,17
35489,17
35490,17
35491,17
35492,17
35493,17
35494,17
35495,17
35527,17
35532,17
38058,17
38059,17
38060,17
38061,17
38062,17
38063,17
38064,17
38065,17
38066,17
38067,17
38068,17
38069,17
38070,17
38071,17
38072,17
38073,17
38074,17
38075,17
38076,17
38077,17
54357,17
54358,17
54474,17
54475,17
50767,17
50768,17
52857,17
52858,17
53953,17
53954,17
52043,17
17800,17
58458,17
57594,17
36407,16
36408,16
51589,16
51595,16
55178,16
39993,16
39994,16
36487,16
36503,16
36504,16
59414,16
59415,16
59416,16
59417,16
55769,16
55770,16
55771,16
55772,16
55754,16
35189,16
35190,16
55665,16
55666,16
55667,16
55621,16
55622,16
52364,16
52365,16
52366,16
52367,16
52368,16
52369,16
53934,16
53935,16
52305,16
52306,16
36518,16
40635,16
40636,16
40663,16
40664,16
40665,16
40666,16
45219,16
45654,16
56839,16
56840,16
56841,16
56842,16
56843,16
36555,16
36557,16
36587,16
36588,16
36589,16
36590,16
36591,16
36592,16
53874,16
53875,16
53876,16
53873,3
58580,4
50645,4
50708,20
36255,20
36268,20
36269,20
36270,20
36267,20
36950,19
56504,14
52726,1
52727,1
52728,1
52729,1
52730,1
52731,1
52732,1
52733,1
52734,1
52735,1
52766,1
53005,1
54806,1
54807,1
54808,1
54809,1
54810,1
54811,1
54812,1
54813,1
54798,1
55080,1
55081,1
55082,1
55083,1
55084,1
55085,1
55036,1
55037,1
39538,1
52905,1
52906,1
48315,1
48316,1
48317,1
48736,1
48737,1
48738,1
48259,1
48726,1
46588,1
46589,1
46590,1
46591,1
48123,1
48124,1
48125,1
48126,1
46539,1
48659,1
48660,1
48661,1
48662,1
48663,1
48664,1
48665,1
48666,1
48608,1
49104,1
36053,18
57233,18
57337,18
52438,18
53942,18
36118,18
36122,18
36119,18
36085,18
56471,13
38641,13
38642,13
56684,13
56685,13
56539,6
35206,6
39374,6
39375,6
35119,6
35027,6
35130,6
53904,6
35111,6
35114,6
35115,6
55327,11
31803,11
31804,11
51328,11
51329,11
51330,11
51331,11
30593,11
30594,11
48360,11
48408,11
48409,11
48410,11
38861,11
38862,11
38863,11
38864,11
38910,11
38911,11
39588,11
39589,11
46637,11
38704,11
38700,11
10850,11
17629,11
57489,11
57490,11
57491,11
57492,11
21859,11
22005,11
45314,11
45315,11
45316,11
45317,11
45318,11
45319,11
45320,11
45321,11
27382,11
27385,11
30913,11
54179,11
54180,11
54181,11
54182,11
57651,11
57652,11
53430,11
53431,11
53432,11
53433,11
53434,11
53435,11
53436,11
53437,11
53438,11
53439,11
53440,11
53441,11
53574,11
53575,11
53576,11
53577,11
53386,11
53387,11
53862,11
35377,11
28106,11
28107,11
28110,11
59125,11
59126,11
59127,11
59128,11
21504,11
50206,11
50207,11
50208,11
50209,11
50210,11
50211,11
50212,11
50213,11
50214,11
50215,11
20505,11
6749,8
25755,8
25756,8
21470,8
21471,8
22712,8
9206,8
7591,8
7605,8
7611,8
7598,8
7597,8
7086,8
7612,8
7067,8
7607,8
9207,8
7606,8
7861,8
7087,8
7072,8
7594,8
6770,8
7593,8
7592,8
7066,8
7081,8
7080,8
7608,8
7073,8
9208,8
6771,8
7860,8
16904,9
16345,9
16900,9
16344,9
16913,9
16901,9
16902,9
16905,9
16911,9
16908,9
16912,9
16909,9
16903,9
16910,9
16916,9
16917,9
1527,9
1528,9
9270,9
9269,9
55800,9
37260,9
36102,9
36091,9
36048,9
18241,9
18240,9
7619,9
7614,9
7616,9
7618,9
7613,9
7617,9
6814,9
6815,9
50573,17
50574,17
51973,17
51974,17
30328,17
29731,17
29732,17
29733,17
29734,17
29735,17
29736,17
29737,17
29738,17
30106,17
30107,17
30108,17
30109,17
30110,17
30111,17
31259,17
31260,17
31261,17
31262,17
31263,17
31264,17
31265,17
31266,17
31267,17
31268,17
31269,17
31270,17
31398,17
31399,17
31400,17
31401,17
31402,17
31403,17
33126,17
33127,17
33513,17
33514,17
33515,17
33516,17
33517,17
33518,17
33519,17
33520,17
33521,17
33522,17
33523,17
33524,17
34272,17
34273,17
34274,17
34275,17
34276,17
34277,17
39651,17
39661,17
39662,17
39663,17
39664,17
39665,17
39666,17
39667,17
39669,17
39670,17
39671,17
39672,17
39674,17
53963,17
53964,17
53965,17
53966,17
53967,17
54351,17
54352,17
56421,17
56422,17
50742,17
50743,17
50744,17
50745,17
50746,17
50747,17
52837,17
52838,17
53037,17
53038,17
53943,17
53944,17
56355,17
56356,17
56357,17
56358,17
34576,17
59588,17
21923,17
47560,17
47561,17
52033,17
26462,17
58457,17
59157,17
59158,17
57587,17
34191,16
51577,16
51578,16
55168,16
36493,16
29216,16
29217,16
59384,16
59385,16
59386,16
59387,16
59432,16
55759,16
55760,16
55747,16
30653,16
55650,16
55651,16
55611,16
52320,16
52321,16
52322,16
52323,16
52334,16
52335,16
52292,16
52296,16
26412,16
32385,16
40627,16
40628,16
40629,16
40630,16
26427,16
21530,16
33757,16
56818,16
56819,16
56820,16
56851,16
30862,16
27147,16
27148,16
28692,16
32991,16
30034,3
30036,3
25359,3
40115,3
36812,3
24368,3
24369,3
24371,3
24372,3
24364,3
7631,10
35361,10
47906,4
34649,4
46165,4
45450,4
34641,4
57556,4
52805,4
49755,4
39214,4
49113,4
40464,4
20569,5
20570,5
20571,5
20572,5
22664,5
22665,5
22666,5
17252,5
24511,5
49040,20
48965,20
49053,20
48966,20
49054,20
54298,20
50696,20
28908,20
28909,20
28910,20
28911,20
28884,20
36919,19
19606,15
26348,12
31308,12
31309,12
31310,12
31311,12
31312,12
31313,12
31314,12
31315,12
31316,12
31317,12
16313,12
27658,12
51001,12
20436,12
20437,12
20801,12
20802,12
20413,12
33476,12
55236,12
55237,12
21387,12
57581,12
47555,12
49092,12
9205,12
46317,12
54061,12
50903,12
50904,12
52009,12
51602,12
33411,12
55919,2
55920,2
58977,2
27454,2
27449,2
47969,2
47970,2
48064,2
49202,2
31141,2
58376,2
32289,2
47460,14
17395,14
17871,14
56497,14
33871,14
33872,14
33873,14
33874,14
33875,14
30215,14
29720,14
52698,1
52699,1
52700,1
52701,1
52702,1
52703,1
52704,1
52705,1
52757,1
54836,1
54837,1
54838,1
54839,1
54840,1
54841,1
54819,1
55050,1
55051,1
55052,1
55026,1
52891,1
52892,1
48270,1
48271,1
48272,1
48248,1
46550,1
46551,1
46552,1
46553,1
46531,1
48621,1
48622,1
48623,1
48624,1
48600,1
20865,18
57225,18
57334,18
52429,18
53938,18
16652,18
52136,18
52137,18
52142,18
52143,18
11021,18
9247,18
3326,18
13435,18
13436,18
11247,18
16960,18
13000,18
7494,18
10160,18
9285,18
7693,18
13817,18
25658,18
25657,18
31307,13
33331,13
14116,13
17652,13
20256,13
33332,13
53677,13
33330,13
45662,13
45663,13
48433,13
48434,13
34695,13
34696,13
34694,13
33337,13
34485,13
25592,13
34690,13
20387,13
23508,13
25594,13
33336,13
33335,13
35834,13
35912,13
29151,13
29152,13
29153,13
29154,13
29155,13
56625,13
56626,13
56627,13
56628,13
56629,13
54085,13
33754,13
47445,13
47446,13
47447,13
28786,13
56532,6
29583,6
30394,6
39348,6
39349,6
32483,6
51033,6
9824,6
23022,6
23023,6
23030,6
23031,6
23320,6
23321,6
23322,6
23323,6
27287,6
47456,6
16990,6
31912,6
21447,6
34486,6
34487,6
53895,6
5011,6
7182,6
7712,6
12187,6
12188,6
10260,6
10262,6
17398,6
55331,11
55344,11
51364,11
51365,11
37942,11
37943,11
48378,11
48379,11
48380,11
48381,11
49989,11
49990,11
49991,11
49992,11
49993,11
49994,11
49988,11
49987,11
57481,11
57482,11
57483,11
57484,11
45349,11
45380,11
45381,11
54215,11
54216,11
54217,11
54218,11
53610,11
53611,11
53612,11
53613,11
53614,11
53615,11
53616,11
53617,11
53412,11
53413,11
53839,11
53841,11
37566,11
37898,11
37567,11
59117,11
59118,11
59119,11
59120,11
50238,11
50239,11
50240,11
50241,11
35679,8
35893,8
35882,8
35366,8
35909,8
35418,8
35931,8
39870,8
35657,8
35352,8
7855,8
7854,8
55808,9
36429,9
36422,9
37294,9
36391,9
36303,9
36336,9
39896,9
36326,9
36065,9
39882,9
50621,17
50622,17
51989,17
35369,17
35370,17
30128,17
30129,17
30130,17
30131,17
35414,17
35415,17
31272,17
31278,17
31289,17
31290,17
31291,17
31292,17
31293,17
31294,17
35496,17
35497,17
35498,17
35499,17
35500,17
35501,17
35502,17
35503,17
38381,17
38382,17
38383,17
38384,17
38385,17
38386,17
38387,17
38388,17
38389,17
38390,17
38391,17
38392,17
38393,17
38394,17
38395,17
38396,17
39647,17
39649,17
54480,17
54481,17
50808,17
50809,17
50810,17
50811,17
52873,17
52874,17
56419,17
56420,17
35856,17
52055,17
36020,17
57602,17
34190,16
51599,16
55187,16
36448,16
36458,16
36495,16
59440,16
59441,16
55789,16
55790,16
55758,16
35200,16
55648,16
55649,16
55631,16
52400,16
52401,16
52402,16
52403,16
52315,16
49965,16
50980,16
50981,16
49995,16
56861,16
56862,16
36560,16
36583,16
36584,16
36585,16
36586,16
49966,20
49967,20
50627,20
49970,20
50628,20
50350,20
50346,20
50347,20
50348,20
50349,20
36953,19
51009,12
39469,12
50929,12
50919,12
50918,12
50718,12
55963,2
55964,2
51824,2
49214,2
49215,2
58393,2
49947,2
51817,2
49984,14
56510,14
36364,14
36365,14
52684,1
52685,1
52686,1
52687,1
52688,1
52689,1
52774,1
54892,1
54893,1
54894,1
54895,1
54831,1
55101,1
55102,1
55103,1
55043,1
52911,1
52912,1
49742,1
49743,1
49744,1
49741,1
49957,1
49958,1
49959,1
49960,1
49961,1
49956,1
48625,1
48626,1
48627,1
48628,1
49105,1
57242,18
52446,18
38100,18
36109,18
38099,18
36114,18
38101,18
52166,18
52167,18
47104,13
33311,13
37549,13
24264,13
47086,13
46997,13
47065,13
47025,13
56476,13
36750,13
36846,13
36850,13
37297,13
47099,13
47102,13
37527,13
37535,13
38643,13
49972,13
49974,13
49978,13
56686,13
56691,13
56692,13
56693,13
54100,13
49983,13
49982,13
56545,6
35208,6
49964,6
51103,6
35149,6
35150,6
35151,6
35152,6
35153,6
35154,6
35033,6
53898,6
55330,11
56195,11
56196,11
56197,11
37803,11
37961,11
51380,11
51386,11
51387,11
51388,11
51389,11
48395,11
48397,11
48374,11
48375,11
48376,11
48377,11
37955,11
37956,11
38875,11
38876,11
38877,11
38878,11
38879,11
38880,11
56213,11
56214,11
56212,11
56211,11
57541,11
57542,11
57543,11
57544,11
57545,11
57546,11
57547,11
57548,11
38083,11
57099,11
57100,11
57101,11
57102,11
57084,11
56191,11
56192,11
56208,11
56209,11
56210,11
38212,11
56170,11
56171,11
56172,11
56173,11
56174,11
56175,11
56176,11
56190,11
56181,11
56183,11
56187,11
56179,11
56185,11
56186,11
56184,11
56188,11
56189,11
56180,11
56182,11
54191,11
54192,11
54193,11
54194,11
53470,11
53471,11
53472,11
53473,11
53474,11
53475,11
53476,11
53477,11
53478,11
53479,11
53480,11
53481,11
56157,11
56158,11
56159,11
56160,11
53392,11
53393,11
56156,11
56161,11
56162,11
56163,11
56164,11
56165,11
56166,11
56167,11
56168,11
53788,11
53792,11
59153,11
59154,11
59155,11
59156,11
50224,11
50225,11
50226,11
50227,11
50284,11
50285,11
50286,11
50287,11
33815,8
32704,8
32699,8
26382,8
12087,8
11390,8
12086,8
11391,8
29774,8
29090,8
29080,8
29072,8
32664,9
25049,9
7112,9
6805,9
6804,9
7111,9
50577,17
50578,17
29739,17
29740,17
29741,17
29742,17
30112,17
30114,17
30118,17
30119,17
30120,17
30121,17
30122,17
30123,17
30124,17
30125,17
30126,17
31274,17
31277,17
31281,17
31404,17
31410,17
31411,17
31412,17
33527,17
33528,17
33529,17
33530,17
33531,17
33532,17
34282,17
34283,17
34712,17
35458,17
35462,17
35463,17
35464,17
35469,17
35471,17
40053,17
40064,17
53974,17
53975,17
53976,17
53977,17
54239,17
54240,17
52072,17
52844,17
53947,17
53950,17
47571,17
57345,17
47713,17
47714,17
47715,17
47716,17
57603,17
56277,16
56278,16
51597,16
56261,16
55171,16
55172,16
56267,16
56268,16
59433,16
59442,16
59443,16
59444,16
59445,16
55761,16
55762,16
55750,16
56286,16
56287,16
55654,16
55655,16
55614,16
52362,16
52363,16
52996,16
52997,16
52998,16
52999,16
52304,16
52995,16
56262,16
56265,16
56266,16
45123,16
45124,16
56255,16
56256,16
56257,16
56258,16
56259,16
56260,16
56263,16
56279,16
56282,16
56863,16
56864,16
56865,16
56866,16
56867,16
56283,16
56284,16
56293,16
56292,16
31890,16
56253,16
56254,16
32059,16
32994,16
39556,3
56150,3
56151,3
56152,3
56153,3
56154,3
56155,3
34973,3
56221,3
56222,3
56223,3
56224,3
56220,3
40105,10
51614,4
56298,20
50629,20
56300,20
50630,20
56299,20
50697,20
28916,20
28917,20
28918,20
30948,20
28886,20
56225,20
56226,20
56227,20
56228,20
56229,20
30404,12
51004,12
56147,12
33480,12
46318,12
46930,12
50907,12
39446,12
39447,12
58985,2
58394,2
56511,14
29721,14
30216,14
52706,1
52707,1
52708,1
52709,1
52710,1
52711,1
52712,1
52713,1
52760,1
54852,1
54853,1
54854,1
54855,1
54822,1
55200,1
55201,1
55202,1
55029,1
39533,1
52895,1
52896,1
48303,1
48304,1
48305,1
48306,1
48307,1
48308,1
56289,1
56290,1
56291,1
48251,1
48252,1
56288,1
46564,1
46565,1
46566,1
46567,1
46568,1
46569,1
56296,1
56297,1
56294,1
56295,1
56216,1
56217,1
56218,1
56219,1
56215,1
57243,18
57244,18
52432,18
53940,18
56305,18
56306,18
56307,18
56236,18
56231,18
56233,18
56232,18
56234,18
56235,18
56301,18
56302,18
19723,18
34258,13
56131,13
45665,13
34688,13
56148,13
56149,13
29156,13
29157,13
29158,13
56662,13
56663,13
56664,13
54088,13
21388,13
21389,13
21970,13
49854,13
56546,6
40684,6
56264,6
56273,6
56274,6
53073,6
31305,6
29566,6
32548,6
56246,6
56247,6
32219,6
21445,6
37613,6
57312,6
56239,6
56240,6
56241,6
56242,6
56243,6
56244,6
56245,6
55326,11
31798,11
31799,11
31800,11
51320,11
51321,11
48354,11
48355,11
48356,11
48357,11
38857,11
38858,11
38859,11
38860,11
39578,11
39579,11
46636,11
38699,11
57485,11
57486,11
57487,11
57488,11
57505,11
57506,11
57507,11
57508,11
57085,11
57086,11
57079,11
21858,11
22004,11
27800,11
27801,11
27802,11
27803,11
27381,11
54175,11
54176,11
54177,11
54178,11
57338,11
57339,11
57340,11
57341,11
57285,11
57290,11
57291,11
57292,11
53414,11
53415,11
53416,11
53417,11
53418,11
53419,11
53420,11
53421,11
53422,11
53423,11
53424,11
53425,11
53426,11
53427,11
53428,11
53429,11
53384,11
53385,11
34033,11
53772,11
53773,11
53774,11
53775,11
53863,11
21195,11
21198,11
21084,11
21085,11
21594,11
35381,11
28131,11
28132,11
28133,11
28290,11
59121,11
59122,11
59123,11
59124,11
20218,11
50196,11
50197,11
50198,11
50199,11
50200,11
50201,11
50202,11
50203,11
50204,11
50205,11
50229,11
50230,11
26381,8
16696,8
21468,8
16697,8
17439,8
21467,8
17440,8
17441,8
21466,8
17438,8
21469,8
7031,8
7030,8
22710,8
22713,8
11389,8
11388,8
7275,8
9210,8
7595,8
6782,8
7274,8
7278,8
7273,8
7085,8
7084,8
7279,8
7272,8
6784,8
7596,8
9209,8
7078,8
7079,8
18265,8
33811,9
22756,9
23574,9
18264,9
23573,9
23575,9
23576,9
6807,9
7286,9
7287,9
7285,9
7284,9
6806,9
34296,9
34284,9
19818,9
20637,9
19814,9
20636,9
50572,17
51970,17
51971,17
51972,17
34382,17
30113,17
31392,17
31393,17
31394,17
31395,17
31396,17
31397,17
31406,17
33509,17
33510,17
33511,17
33512,17
52835,17
52836,17
47559,17
26676,17
17794,17
47718,17
34383,17
57598,17
34186,16
34187,16
51576,16
55167,16
55179,16
31009,16
31018,16
30790,16
29212,16
29225,16
59380,16
59381,16
59382,16
59383,16
55777,16
55778,16
55746,16
30652,16
55632,16
55633,16
55610,16
52316,16
52317,16
52318,16
52319,16
52338,16
52339,16
53926,16
53927,16
52291,16
53923,16
32383,16
40623,16
40624,16
40625,16
40626,16
18937,16
21529,16
56816,16
56817,16
30861,16
32990,16
21674,3
22674,3
22366,3
22367,3
24433,3
24434,3
24435,3
24436,3
26509,3
26510,3
21800,3
24432,3
35025,4
52808,4
35042,4
47497,4
39221,4
17251,5
24510,5
49039,20
49051,20
50625,20
49052,20
50626,20
50703,20
50705,20
29273,20
29274,20
30944,20
30947,20
29262,20
51000,12
20432,12
20434,12
20797,12
20798,12
20412,12
33475,12
39468,12
50902,12
55917,2
55918,2
48062,2
48063,2
49938,2
50352,14
7363,14
7364,14
56496,14
23134,14
34488,14
34705,14
52690,1
52691,1
52692,1
52693,1
52694,1
52695,1
52696,1
52697,1
52756,1
54832,1
54833,1
54834,1
54835,1
54818,1
55044,1
55045,1
55046,1
55059,1
55060,1
55061,1
55024,1
55215,1
52907,1
52908,1
48267,1
48268,1
48269,1
48247,1
46546,1
46547,1
46548,1
46549,1
46530,1
48615,1
48616,1
48617,1
48618,1
48619,1
48620,1
48599,1
7223,18
57224,18
57333,18
52428,18
52134,18
52135,18
20578,18
7227,18
15391,18
17504,18
13617,18
9286,18
24807,18
25653,18
25654,18
25655,18
25661,18
24806,18
25656,18
15179,13
49848,13
20836,13
47548,13
48432,13
25591,13
31179,13
37513,13
37516,13
37531,13
37532,13
14739,13
14994,13
15183,13
25355,13
34490,13
34491,13
40138,13
40139,13
40140,13
49840,13
49843,13
49844,13
56677,13
56678,13
56679,13
56688,13
54084,13
49849,13
49852,13
56531,6
29582,6
33095,6
39343,6
39345,6
48102,6
51097,6
31911,6
35314,6
53896,6
22639,6
7392,6
7394,6
8541,6
35110,6
10742,6
10743,6
7393,6
31118,11
30565,11
55328,11
31796,11
31797,11
51336,11
51341,11
23831,11
23832,11
23830,11
23841,11
48363,11
48365,11
48366,11
48367,11
19438,11
38867,11
38868,11
38869,11
38870,11
39584,11
39585,11
39586,11
39587,11
46638,11
38702,11
10372,11
10373,11
10374,11
10375,11
57493,11
57494,11
57495,11
57496,11
21861,11
22007,11
45326,11
45327,11
45328,11
27812,11
27813,11
27814,11
27815,11
7323,11
27384,11
22785,11
22784,11
22783,11
54183,11
54184,11
54185,11
54186,11
58225,11
58226,11
17847,11
17206,11
17208,11
17212,11
22787,11
22788,11
53442,11
53443,11
53444,11
53445,11
53446,11
53447,11
53448,11
53449,11
53450,11
53451,11
53452,11
53453,11
53454,11
53455,11
53456,11
53457,11
53388,11
53389,11
53784,11
53785,11
53786,11
53787,11
53868,11
35382,11
28134,11
28143,11
28144,11
28145,11
28146,11
28109,11
59129,11
59130,11
59131,11
59132,11
20568,11
50216,11
50217,11
50218,11
50219,11
50220,11
50221,11
50222,11
50223,11
20523,11
20524,11
20525,11
20526,11
20527,11
20528,11
20529,11
21513,11
29432,8
26570,8
26384,8
17716,8
16701,8
17715,8
17445,8
17991,8
17444,8
17990,8
16700,8
7858,8
7863,8
7862,8
10956,8
10955,8
7859,8
16898,8
16899,8
7065,8
7865,8
7050,8
7868,8
7063,8
7070,8
7053,8
7082,8
7864,8
7088,8
7061,8
7071,8
7062,8
7601,8
7060,8
7867,8
7064,8
7602,8
7068,8
7069,8
7869,8
7083,8
7866,8
23556,8
29772,8
29773,8
29075,8
29077,8
29078,8
29079,8
33813,9
27889,9
25758,9
25759,9
16349,9
16343,9
16348,9
16342,9
16918,9
16919,9
5480,9
5481,9
7096,9
18270,9
18271,9
23555,9
7106,9
7105,9
8039,9
7103,9
7114,9
8040,9
7113,9
7108,9
7387,9
7107,9
7097,9
7305,9
7101,9
7102,9
7104,9
7098,9
29771,9
20641,9
19819,9
20640,9
19762,9
19815,9
19766,9
50575,17
50576,17
50610,17
50611,17
51975,17
22535,17
32236,17
29743,17
29744,17
29745,17
29746,17
29747,17
29748,17
29749,17
29750,17
30115,17
30116,17
30117,17
31283,17
31284,17
31285,17
31286,17
31287,17
31288,17
31415,17
31416,17
31417,17
31418,17
31419,17
31420,17
31421,17
31446,17
31447,17
33525,17
33526,17
39650,17
39652,17
39653,17
39654,17
39655,17
39656,17
39657,17
39658,17
39659,17
39660,17
53968,17
53969,17
53970,17
53971,17
53972,17
53973,17
56423,17
56424,17
50748,17
50749,17
50750,17
52839,17
52840,17
56359,17
56360,17
56361,17
56362,17
12740,17
12257,17
59589,17
11510,17
22571,17
47562,17
52034,17
17889,17
17807,17
26320,17
26321,17
23410,17
26625,17
26631,17
26632,17
13362,17
57588,17
34194,16
34195,16
51579,16
51590,16
55169,16
26748,16
59388,16
59389,16
59390,16
59391,16
55779,16
55780,16
55748,16
30654,16
31201,16
55634,16
55635,16
55612,16
52324,16
52325,16
52326,16
52327,16
53928,16
53929,16
53930,16
53931,16
52293,16
53924,16
26415,16
32391,16
32392,16
40631,16
40632,16
45647,16
45648,16
26430,16
14474,16
36532,16
56821,16
56822,16
30864,16
27152,16
28693,16
28695,16
32993,16
58204,16
58205,16
30040,3
30041,3
26604,3
20295,3
20296,3
20297,3
20298,3
24366,3
24367,3
26511,3
26512,3
20382,3
47904,4
57346,5
57347,5
57348,5
57349,5
14393,5
17254,5
49041,20
48961,20
49056,20
48993,20
49057,20
28912,20
28913,20
28914,20
28915,20
28885,20
36920,19
26457,12
51002,12
20444,12
20446,12
20415,12
33478,12
39470,12
7089,12
50922,12
56100,12
50905,12
51603,12
55921,2
55922,2
58978,2
58979,2
47971,2
47972,2
31144,2
58377,2
32291,2
13301,14
13302,14
56498,14
36349,14
21431,14
52630,1
52631,1
52632,1
52633,1
52634,1
52635,1
52636,1
52637,1
52758,1
54842,1
54843,1
54844,1
54845,1
54846,1
54847,1
54820,1
55053,1
55054,1
55055,1
55203,1
55204,1
55205,1
55027,1
55216,1
39531,1
48273,1
48274,1
48275,1
48249,1
46554,1
46555,1
46556,1
46557,1
46558,1
46559,1
46532,1
48629,1
48630,1
48631,1
48632,1
48601,1
57226,18
59209,18
52430,18
53939,18
52138,18
52139,18
15732,18
6962,18
6961,18
13439,18
19439,18
13002,18
13620,18
9288,18
13818,18
18852,13
38659,13
38660,13
24263,13
12655,13
38658,13
17555,13
56466,13
27441,13
23072,13
23955,13
23963,13
21384,13
45664,13
48435,13
19938,13
38653,13
25991,13
18853,13
18854,13
18855,13
18856,13
18857,13
18858,13
18859,13
18860,13
18861,13
18862,13
29113,13
29114,13
29115,13
29334,13
29335,13
29337,13
29338,13
56630,13
56631,13
56632,13
56633,13
54086,13
21460,13
19933,13
47448,13
28788,13
56533,6
29585,6
32485,6
31304,6
11763,6
31914,6
53897,6
10748,6
10749,6
10750,6
10751,6
35108,6