machine_code,branch_id
30568,1
57501,1
57502,1
57503,1
57504,1
57087,1
57088,1
57089,1
57090,1
57080,1
30334,1
52931,1
52932,1
52933,1
52934,1
53482,1
53483,1
53484,1
53485,1
53486,1
53487,1
53488,1
53489,1
53490,1
53491,1
53492,1
53493,1
53394,1
53395,1
59133,1
59134,1
59135,1
59136,1
7680,1
50228,1
50231,1
50581,1
50582,1
50583,1
50584,1
51976,1
51977,1
30329,1
29918,1
29919,1
29920,1
29921,1
29922,1
29923,1
29924,1
29925,1
29926,1
29927,1
29928,1
29929,1
29930,1
29931,1
29932,1
29933,1
29934,1
29935,1
29936,1
29937,1
30134,1
30135,1
31279,1
31407,1
31434,1
31435,1
33533,1
33534,1
39635,1
39636,1
39637,1
39638,1
39639,1
39640,1
57979,1
57980,1
57981,1
57982,1
57983,1
57984,1
54241,1
54242,1
54468,1
54469,1
56427,1
56428,1
52845,1
52846,1
52847,1
52848,1
52866,1
53054,1
53957,1
56369,1
56370,1
56371,1
56372,1
56373,1
56374,1
59775,1
59776,1
59599,1
30731,1
30733,1
47574,1
52038,1
47723,1
47724,1
59169,1
59170,1
59171,1
59172,1
57590,1
34208,1
51584,1
55173,1
59396,1
59397,1
59398,1
59399,1
55763,1
55764,1
55765,1
55766,1
55751,1
55656,1
55657,1
55615,1
52341,1
52343,1
53932,1
53933,1
52298,1
53925,1
40639,1
40640,1
40641,1
40642,1
56826,1
56827,1
56828,1
30867,1
28691,1
28698,1
30340,1
30418,1
32995,1
30336,1
30337,1
30338,1
30339,1
30335,1
58379,1
52714,1
52715,1
52716,1
52717,1
52749,1
52750,1
52761,1
54856,1
54857,1
54858,1
54859,1
54823,1
55065,1
55066,1
55067,1
55031,1
48309,1
48310,1
48311,1
48254,1
46606,1
46607,1
46534,1
57228,1
59211,1
52433,1
13438,1
22675,1
34601,1
6963,1
25659,1
30395,1
53907,1
12189,1
10746,1
17397,1
22850,1
22851,1
22852,1
55343,2
31817,2
31823,2
38909,2
38912,2
39580,2
39581,2
46648,2
38735,2
57477,2
57478,2
57479,2
57480,2
49378,2
49379,2
54211,2
54212,2
54213,2
54214,2
53578,2
53579,2
53580,2
53581,2
53582,2
53583,2
53915,2
53916,2
53917,2
53918,2
53919,2
53920,2
53408,2
53914,2
59113,2
59114,2
59115,2
59116,2
49400,2
50292,2
50293,2
50294,2
50295,2
49324,2
49327,2
49326,2
49328,2
10952,2
10951,2
7846,2
7847,2
49329,2
23559,2
23560,2
49344,2
49343,2
49348,2
49349,2
49347,2
49350,2
7099,2
7100,2
50618,2
50619,2
50620,2
39679,2
39680,2
39681,2
40039,2
40045,2
40047,2
40050,2
40069,2
40071,2
49630,2
49631,2
49632,2
49633,2
49634,2
49635,2
49636,2
49637,2
49638,2
49639,2
49640,2
49641,2
49642,2
49643,2
49644,2
49645,2
49646,2
49647,2
49648,2
49649,2
57988,2
57989,2
57990,2
57991,2
57992,2
57993,2
54361,2
54362,2
54365,2
54366,2
56437,2
56438,2
49650,2
49651,2
49652,2
49653,2
49654,2
50806,2
50807,2
52871,2
52872,2
56407,2
56408,2
56415,2
56416,2
56417,2
56418,2
59602,2
49493,2
49494,2
47598,2
47599,2
52054,2
59207,2
59208,2
57601,2
59438,2
59439,2
55646,2
55647,2
55630,2
52396,2
52397,2
52314,2
40643,2
40644,2
56859,2
56860,2
28697,2
36581,2
49470,2
49048,2
48988,2
49070,2
48987,2
49071,2
49506,2
49507,2
49508,2
49509,2
49510,2
49511,2
49512,2
26458,2
37536,2
50928,2
54067,2
50917,2
49413,2
49341,2
46786,2
58984,2
51879,2
49537,2
49538,2
54026,2
58392,2
49530,2
49531,2
50359,2
56507,2
49459,2
49460,2
49461,2
52752,2
52753,2
52754,2
52755,2
52773,2
54888,2
54889,2
54890,2
54891,2
54830,2
50386,2
50387,2
50383,2
48637,2
48638,2
48639,2
48640,2
48603,2
49317,2
57241,2
52445,2
49319,2
52164,2
52165,2
49320,2
49316,2
49415,2
49416,2
49417,2
49406,2
49732,2
49418,2
49419,2
49424,2
49425,2
49422,2
49423,2
49407,2
49429,2
56473,2
49440,2
49441,2
49405,2
49412,2
49446,2
49404,2
49410,2
49453,2
49454,2
49457,2
49411,2
49430,2
49431,2
49432,2
49433,2
49434,2
49435,2
49436,2
49437,2
29324,2
29325,2
29326,2
56657,2
56658,2
56659,2
49444,2
54099,2
49450,2
49451,2
56542,2
29584,2
29586,2
49532,2
51102,2
51623,2
56002,2
49293,2
49294,2
49295,2
49296,2
49297,2
31818,3
31824,3
48422,3
48425,3
38883,3
38884,3
46430,3
46431,3
46791,3
46429,3
57537,3
57538,3
57539,3
57540,3
25816,3
25817,3
46793,3
46792,3
45363,3
45379,3
45421,3
47464,3
46114,3
46115,3
57281,3
57282,3
57283,3
57284,3
57289,3
57302,3
57303,3
57304,3
53590,3
53591,3
53592,3
53593,3
53594,3
53595,3
53596,3
53597,3
53598,3
53599,3
53600,3
53601,3
53602,3
53603,3
53604,3
53605,3
53410,3
53411,3
39960,3
47177,3
47179,3
59149,3
59150,3
59151,3
59152,3
46858,3
50288,3
50289,3
50290,3
50291,3
46853,3
46855,3
46949,3
46944,3
46942,3
46935,3
46946,3
46940,3
46888,3
46925,3
46932,3
46923,3
46941,3
46920,3
46922,3
46910,3
46903,3
46900,3
46947,3
46924,3
46948,3
46933,3
46928,3
46936,3
46915,3
46934,3
46885,3
46876,3
46913,3
46881,3
46882,3
46917,3
46891,3
46899,3
46897,3
46926,3
46893,3
46914,3
46889,3
46908,3
46916,3
46904,3
46890,3
46905,3
46895,3
46896,3
55807,3
50614,3
50615,3
50616,3
50617,3
39641,3
39642,3
39644,3
40072,3
40073,3
46685,3
46686,3
46687,3
46688,3
46689,3
46690,3
46691,3
46692,3
46693,3
46694,3
46695,3
46696,3
46697,3
46698,3
46699,3
46700,3
46701,3
46702,3
46703,3
46704,3
46705,3
46706,3
46707,3
46708,3
46709,3
47415,3
47416,3
47417,3
47418,3
47419,3
47420,3
47421,3
47422,3
47423,3
47424,3
47425,3
47426,3
47427,3
47428,3
47429,3
47430,3
47431,3
47432,3
47433,3
47434,3
47435,3
47436,3
47437,3
47438,3
47439,3
47440,3
47441,3
47442,3
47443,3
47444,3
57582,3
57583,3
57584,3
57585,3
57586,3
57985,3
57986,3
57987,3
54253,3
54254,3
54255,3
54256,3
54355,3
54356,3
56435,3
56436,3
49683,3
49684,3
49685,3
49686,3
49687,3
50801,3
50802,3
50803,3
50804,3
50805,3
52073,3
52074,3
52075,3
52843,3
52869,3
52870,3
53041,3
53042,3
53055,3
53056,3
53948,3
53949,3
53951,3
53959,3
53961,3
53962,3
56411,3
56412,3
56413,3
56414,3
59600,3
59601,3
46750,3
46751,3
46754,3
46755,3
47258,3
47616,3
52052,3
52053,3
35674,3
59201,3
59202,3
59203,3
59204,3
59205,3
59206,3
57600,3
46771,3
46772,3
51598,3
55185,3
46797,3
59434,3
59435,3
59436,3
59437,3
55996,3
55997,3
55995,3
46782,3
55671,3
55672,3
55629,3
52390,3
52391,3
52392,3
52394,3
52395,3
53936,3
52312,3
52313,3
46780,3
49144,3
49145,3
51027,3
46432,3
46433,3
46779,3
56852,3
56856,3
56857,3
56858,3
46796,3
32663,3
46839,3
46840,3
46841,3
46842,3
46843,3
46774,3
47198,3
47199,3
47200,3
47202,3
47204,3
40163,3
46813,3
46814,3
46815,3
46816,3
46822,3
53877,3
58295,3
56700,3
49756,3
51616,3
58582,3
50647,3
55244,3
58823,3
49050,3
49015,3
49074,3
49016,3
49075,3
32659,3
32660,3
50710,3
46859,3
46860,3
46861,3
46862,3
46863,3
47229,3
46756,3
47160,3
47159,3
47105,3
47111,3
47112,3
47113,3
47114,3
47115,3
47116,3
47117,3
47118,3
47119,3
47120,3
47156,3
51008,3
47157,3
47195,3
55233,3
57580,3
47558,3
47191,3
47192,3
47193,3
47194,3
50927,3
46898,3
54066,3
56101,3
50916,3
50915,3
52008,3
51609,3
39438,3
39439,3
39442,3
39443,3
46789,3
50717,3
47109,3
47771,3
53014,3
53015,3
51823,3
48029,3
48030,3
48031,3
49216,3
46769,3
46768,3
47218,3
47219,3
47220,3
58390,3
58391,3
47210,3
47211,3
47462,3
47463,3
50358,3
56509,3
52742,3
52744,3
52746,3
52747,3
52748,3
52751,3
52772,3
53006,3
54814,3
54815,3
54816,3
54817,3
54799,3
55095,3
55096,3
55214,3
55041,3
46844,3
46602,3
46603,3
46616,3
46617,3
46618,3
46619,3
46620,3
46621,3
46545,3
48691,3
48692,3
48693,3
48694,3
48695,3
48696,3
48697,3
48698,3
48614,3
47414,3
57239,3
57240,3
52444,3
47172,3
47173,3
52162,3
52163,3
47167,3
47171,3
47170,3
47168,3
47265,3
47166,3
46838,3
47110,3
46757,3
49731,3
47408,3
47406,3
47407,3
46964,3
46962,3
46959,3
47158,3
47106,3
46984,3
46985,3
46983,3
46981,3
46977,3
46978,3
46982,3
46979,3
46980,3
47031,3
47039,3
47038,3
47027,3
47026,3
47028,3
47029,3
47030,3
47042,3
47032,3
47033,3
47034,3
47035,3
47036,3
47043,3
47044,3
47040,3
47046,3
47047,3
47045,3
47048,3
47081,3
47085,3
47087,3
47090,3
46996,3
46999,3
47001,3
47003,3
47004,3
47078,3
47079,3
47080,3
47082,3
47083,3
47084,3
47023,3
47024,3
47067,3
47071,3
47072,3
47073,3
47070,3
47015,3
47008,3
47012,3
47011,3
47059,3
47009,3
47060,3
47014,3
47013,3
47016,3
46956,3
46958,3
46957,3
46987,3
46986,3
47077,3
46994,3
46993,3
47147,3
56475,3
47121,3
47483,3
46968,3
48448,3
48447,3
46971,3
46972,3
46973,3
46974,3
46975,3
46976,3
46969,3
46970,3
46955,3
46965,3
46967,3
47053,3
47054,3
47094,3
47095,3
47098,3
47103,3
57382,3
38321,3
38322,3
47148,3
47149,3
47150,3
47151,3
47152,3
47153,3
47154,3
47155,3
47124,3
47125,3
47126,3
47127,3
56665,3
56666,3
56667,3
56668,3
56669,3
56670,3
56671,3
56672,3
56673,3
56674,3
56675,3
56676,3
54098,3
46953,3
16165,3
17526,3
47451,3
47452,3
47453,3
47454,3
48817,3
47181,3
56544,3
47163,3
47164,3
47230,3
55846,3
47206,3
46760,3
56454,3
47162,3
47180,3
47459,3
47175,3
47244,3
47245,3
47246,3
47247,3
47248,3
47249,3
47250,3
47251,3
47252,3
47253,3
48834,3
48835,3
53906,3
56251,3
56252,3
55334,4
37862,4
37864,4
45608,4
51396,4
51397,4
48390,4
48391,4
48392,4
48393,4
38279,4
38280,4
37948,4
37949,4
37950,4
37951,4
38873,4
38874,4
38893,4
38894,4
38895,4
38896,4
39598,4
39599,4
46643,4
38731,4
57509,4
57510,4
57511,4
57512,4
38055,4
38056,4
38057,4
57091,4
57092,4
57081,4
38167,4
38191,4
38281,4
54199,4
54200,4
54201,4
54202,4
57654,4
57655,4
53522,4
53523,4
53524,4
53525,4
53526,4
53527,4
53528,4
53529,4
53530,4
53531,4
53532,4
53533,4
53586,4
53587,4
53588,4
53589,4
53400,4
53401,4
53800,4
53801,4
53802,4
53803,4
53804,4
53805,4
53806,4
53807,4
35384,4
37579,4
37583,4
37584,4
37595,4
59141,4
59142,4
59143,4
59144,4
37633,4
50260,4
50261,4
50262,4
50263,4
50264,4
50265,4
37636,4
37637,4
37638,4
37641,4
35863,4
35372,4
35858,4
35857,4
35864,4
35371,4
35734,4
35425,4
35603,4
35913,4
35884,4
35854,4
35731,4
46878,4
46886,4
46907,4
46883,4
46879,4
46892,4
46901,4
46919,4
46887,4
46880,4
46912,4
46902,4
46937,4
46906,4
35600,4
35601,4
35724,4
35723,4
35737,4
46873,4
36445,4
36017,4
36113,4
36110,4
36112,4
36018,4
36447,4
36176,4
36172,4
36173,4
36174,4
46909,4
55803,4
35989,4
37173,4
36162,4
36376,4
37255,4
37283,4
36101,4
36087,4
36049,4
36317,4
36042,4
37182,4
36321,4
37286,4
35979,4
36434,4
37246,4
36041,4
35993,4
36392,4
36330,4
37480,4
37271,4
36099,4
36100,4
36056,4
50591,4
50592,4
50593,4
50612,4
35358,4
35359,4
35427,4
35428,4
35429,4
35430,4
35431,4
35432,4
35433,4
35434,4
35435,4
35436,4
35437,4
35438,4
35439,4
35440,4
35441,4
35442,4
35444,4
35445,4
35446,4
35447,4
35449,4
35450,4
35451,4
35452,4
35453,4
35454,4
35455,4
35456,4
35511,4
35512,4
35513,4
35514,4
35515,4
35516,4
35517,4
35518,4
35519,4
35520,4
35521,4
35522,4
35523,4
35524,4
35525,4
35526,4
35528,4
35529,4
35530,4
35531,4
35533,4
35534,4
35535,4
35536,4
35537,4
35538,4
35539,4
35540,4
35541,4
35542,4
35543,4
35544,4
35545,4
35546,4
35547,4
35548,4
35549,4
35550,4
35551,4
35552,4
35553,4
35554,4
35555,4
35556,4
35557,4
35558,4
39643,4
39648,4
39668,4
56429,4
56430,4
50790,4
50791,4
50792,4
50793,4
52853,4
52854,4
53043,4
53044,4
56379,4
56380,4
56381,4
56382,4
35680,4
35681,4
59592,4
35865,4
35867,4
35869,4
35870,4
35872,4
47577,4
47579,4
47581,4
52040,4
35906,4
35938,4
35939,4
35998,4
35999,4
36000,4
36001,4
49500,4
47721,4
47722,4
47729,4
47730,4
47731,4
47732,4
49501,4
36024,4
35673,4
57592,4
36401,4
36402,4
51582,4
51587,4
55176,4
36528,4
36454,4
36461,4
36482,4
59408,4
59409,4
59410,4
59411,4
59430,4
59431,4
55767,4
55768,4
55752,4
35181,4
35182,4
35183,4
35184,4
55660,4
55661,4
55662,4
55618,4
55619,4
52352,4
52353,4
52354,4
52355,4
52356,4
52357,4
52301,4
52302,4
36512,4
36513,4
40655,4
40656,4
40657,4
40658,4
36536,4
36537,4
56834,4
56835,4
56836,4
30346,4
36553,4
36593,4
36594,4
36595,4
36596,4
36597,4
36599,4
51627,4
34931,4
34932,4
34923,4
34924,4
39555,4
34990,4
34991,4
34994,4
34995,4
34996,4
34997,4
34987,4
40106,4
47905,4
49114,4
53910,4
57354,4
57355,4
57356,4
57357,4
35094,4
35099,4
49044,4
48975,4
49062,4
48977,4
49063,4
50701,4
50702,4
36259,4
36260,4
36261,4
36262,4
36253,4
36947,4
36381,4
37424,4
37427,4
48805,4
36150,4
36151,4
36149,4
33477,4
55294,4
37449,4
57576,4
47556,4
47187,4
47188,4
46321,4
54062,4
50911,4
50914,4
54045,4
35648,4
52003,4
51604,4
39454,4
39455,4
49085,4
55955,4
55956,4
58982,4
34855,4
34858,4
53010,4
51819,4
48013,4
48014,4
48015,4
58382,4
34909,4
34910,4
47461,4
36329,4
56502,4
36341,4
36342,4
36343,4
36344,4
36345,4
36347,4
52718,4
52719,4
52720,4
52721,4
52722,4
52723,4
52724,4
52725,4
52764,4
54800,4
54801,4
54802,4
54803,4
54804,4
54805,4
54878,4
54879,4
54797,4
55074,4
55075,4
55076,4
55209,4
55210,4
55211,4
55034,4
55218,4
39536,4
52903,4
52904,4
48312,4
48313,4
48314,4
48257,4
46580,4
46581,4
46582,4
46583,4
46537,4
48649,4
48650,4
48651,4
48652,4
48653,4
48654,4
48606,4
36052,4
57231,4
57336,4
52436,4
53941,4
36140,4
36144,4
36143,4
36141,4
36137,4
36138,4
36142,4
36145,4
36146,4
36147,4
36084,4
52148,4
52149,4
36074,4
36853,4
37511,4
36739,4
36740,4
37344,4
37345,4
36788,4
36789,4
37542,4
37543,4
38657,4
36826,4
36827,4
36824,4
36825,4
36829,4
36770,4
37169,4
36858,4
36859,4
36860,4
36771,4
37355,4
37554,4
37555,4
37556,4
37557,4
37176,4
37179,4
37170,4
37171,4
37476,4
36621,4
36622,4
37330,4
37313,4
37315,4
37262,4
37263,4
37467,4
38639,4
38638,4
35002,4
47062,4
47069,4
36277,4
36275,4
36718,4
56469,4
36746,4
36752,4
36757,4
36833,4
45671,4
48438,4
36783,4
36821,4
37208,4
36652,4
36640,4
36641,4
37224,4
37226,4
37227,4
37217,4
37219,4
37225,4
37195,4
37196,4
37466,4
36772,4
47049,4
47051,4
37281,4
37307,4
36781,4
36666,4
36776,4
36780,4
36782,4
36800,4
36801,4
36862,4
36863,4
36864,4
36779,4
36861,4
36865,4
38480,4
37499,4
37502,4
37503,4
37504,4
37505,4
37506,4
37507,4
37508,4
37509,4
37510,4
35911,4
37530,4
36729,4
36730,4
36731,4
58068,4
58069,4
58070,4
58071,4
58072,4
36674,4
36675,4
36676,4
36677,4
36678,4
36679,4
36713,4
36714,4
36715,4
36716,4
29327,4
36709,4
36710,4
36711,4
36712,4
56641,4
56642,4
56643,4
56644,4
56660,4
56661,4
56687,4
36753,4
36754,4
36417,4
36013,4
36015,4
36175,4
36111,4
54091,4
36367,4
37183,4
36300,4
35949,4
35738,4
35739,4
35735,4
35721,4
35934,4
35339,4
35877,4
35951,4
37238,4
47449,4
47450,4
37239,4
35295,4
35732,4
35733,4
56537,4
35205,4
35209,4
35104,4
47458,4
37926,4
21444,4
35156,4
35157,4
35158,4
35159,4
35224,4
53902,4
35167,4
35169,4
35170,4
35171,4
35172,4
37792,5
37793,5
38918,5
38919,5
45603,5
48382,5
48383,5
48384,5
48385,5
38287,5
38288,5
38084,5
38085,5
37957,5
37958,5
38885,5
38886,5
38887,5
38888,5
46641,5
38729,5
57453,5
57454,5
57455,5
57456,5
57457,5
57458,5
57459,5
57460,5
25815,5
25818,5
38121,5
38182,5
38130,5
45386,5
45387,5
45388,5
45389,5
45391,5
38209,5
38210,5
38211,5
30912,5
37666,5
37668,5
38188,5
52935,5
52936,5
52937,5
52938,5
37797,5
37798,5
37799,5
37800,5
53494,5
53495,5
53496,5
53497,5
53498,5
53499,5
53500,5
53501,5
53502,5
53503,5
53504,5
53505,5
53506,5
53507,5
53508,5
53509,5
53396,5
53397,5
53826,5
53827,5
53828,5
53829,5
21210,5
37569,5
37570,5
37571,5
37572,5
59089,5
59090,5
59091,5
59092,5
37421,5
50246,5
50247,5
50248,5
50249,5
50250,5
50251,5
50252,5
50253,5
20512,5
20513,5
20514,5
20515,5
37626,5
37627,5
37628,5
37959,5
35416,5
35966,5
35725,5
35824,5
37971,5
37965,5
35841,5
37966,5
35907,5
35388,5
35362,5
37964,5
37954,5
35878,5
35726,5
38632,5
38633,5
22743,5
22806,5
55801,5
36086,5
37268,5
37180,5
36431,5
36430,5
36324,5
37181,5
36418,5
37270,5
36366,5
36296,5
36315,5
37477,5
36307,5
37252,5
50588,5
50589,5
35604,5
35605,5
35606,5
35607,5
35608,5
35609,5
35610,5
35611,5
35612,5
35613,5
50960,5
50961,5
50962,5
50963,5
50964,5
50965,5
50966,5
50967,5
50968,5
50969,5
50970,5
50971,5
50972,5
50973,5
50974,5
50975,5
50976,5
50977,5
50978,5
50979,5
54470,5
54471,5
52849,5
52850,5
56375,5
56376,5
56377,5
56378,5
35844,5
39938,5
52039,5
39950,5
35915,5
35916,5
39723,5
39725,5
32881,5
32882,5
35973,5
39726,5
47725,5
47726,5
36019,5
36023,5
57591,5
36393,5
36394,5
36395,5
36396,5
51585,5
55174,5
55186,5
36457,5
36465,5
36477,5
36496,5
59400,5
59401,5
59402,5
59403,5
56702,5
56703,5
56704,5
56705,5
56701,5
35173,5
35174,5
35175,5
35176,5
55636,5
55637,5
55616,5
52344,5
52345,5
52346,5
52347,5
52991,5
52992,5
52993,5
52994,5
52299,5
52990,5
36510,5
36511,5
40651,5
40652,5
45652,5
45653,5
51026,5
56829,5
56830,5
56831,5
36561,5
36580,5
35287,5
35288,5
36582,5
36600,5
39557,5
34965,5
46845,5
46817,5
46818,5
46819,5
46820,5
46821,5
57557,5
52809,5
58579,5
50644,5
55242,5
51021,5
49003,5
49968,5
49005,5
49969,5
50699,5
50700,5
36257,5
36258,5
36252,5
51016,5
51017,5
36948,5
35830,5
51005,5
48807,5
46320,5
56036,5
50908,5
50909,5
39444,5
39445,5
37461,5
37463,5
37464,5
50715,5
58981,5
48075,5
48076,5
54024,5
58380,5
49945,5
50354,5
56500,5
33785,5
36338,5
36339,5
39727,5
52644,5
52645,5
52646,5
52647,5
52648,5
52649,5
52650,5
52651,5
52762,5
54860,5
54861,5
54862,5
54863,5
54824,5
55068,5
55069,5
55070,5
55206,5
55207,5
55208,5
55032,5
55217,5
52899,5
52900,5
48279,5
48280,5
48281,5
49746,5
49747,5
49748,5
48255,5
49745,5
46572,5
46573,5
46574,5
46575,5
51022,5
51023,5
51024,5
51025,5
46535,5
48641,5
48642,5
48643,5
48644,5
48604,5
36051,5
57229,5
57335,5
52434,5
36213,5
36210,5
36212,5
36211,5
40001,5
52144,5
52145,5
37192,5
39858,5
35965,5
36287,5
36620,5
37329,5
37312,5
37261,5
37471,5
47037,5
47041,5
46995,5
47005,5
47066,5
47068,5
36671,5
49817,5
56468,5
37391,5
45669,5
39916,5
39928,5
39917,5
36648,5
36649,5
47097,5
36664,5
36665,5
37178,5
57379,5
37515,5
37522,5
30540,5
37528,5
36690,5
36693,5
36695,5
37386,5
37387,5
49818,5
49819,5
49820,5
49821,5
49823,5
49824,5
49825,5
49826,5
56680,5
56681,5
56682,5
56683,5
54089,5
54096,5
49850,5
49853,5
56535,5
35203,5
39365,5
48103,5
51099,5
47176,5
35116,5
35117,5
35118,5
35160,5
35161,5
48404,6
48406,6
38907,6
38908,6
39596,6
39597,6
46647,6
39577,6
57525,6
57526,6
57527,6
57528,6
57529,6
57530,6
57531,6
57532,6
38136,6
57273,6
57274,6
57275,6
57276,6
57288,6
57299,6
57300,6
57301,6
53562,6
53563,6
53564,6
53565,6
53566,6
53567,6
53568,6
53569,6
53570,6
53571,6
53572,6
53573,6
53406,6
53407,6
59101,6
59102,6
59103,6
59104,6
38335,6
38329,6
38333,6
38330,6
38331,6
38332,6
38334,6
38336,6
35876,6
35957,6
35894,6
35883,6
35678,6
35828,6
35423,6
35394,6
38325,6
38328,6
38326,6
38327,6
38323,6
38324,6
55805,6
36097,6
37259,6
36373,6
36436,6
37285,6
35996,6
50604,6
50605,6
50606,6
50607,6
35367,6
35368,6
35396,6
35397,6
35398,6
35399,6
35400,6
35401,6
35402,6
35403,6
35404,6
35405,6
35406,6
35407,6
35408,6
35409,6
35410,6
35411,6
35412,6
35413,6
31438,6
31439,6
31440,6
31441,6
31442,6
31443,6
31444,6
31445,6
35594,6
35595,6
35596,6
35597,6
35598,6
35599,6
36115,6
36116,6
36117,6
36129,6
36130,6
36132,6
36178,6
36179,6
36875,6
39645,6
39646,6
47546,6
47547,6
54249,6
54250,6
54251,6
54252,6
54478,6
54479,6
50779,6
50780,6
50781,6
50782,6
52066,6
52067,6
52861,6
52862,6
53049,6
53050,6
53955,6
53956,6
56393,6
56394,6
56395,6
56396,6
56397,6
56398,6
56399,6
56400,6
56409,6
56410,6
35696,6
35697,6
35699,6
35700,6
35701,6
35702,6
35703,6
35704,6
35705,6
35706,6
35707,6
35708,6
35709,6
35710,6
35711,6
35712,6
35713,6
35714,6
35715,6
35716,6
35717,6
35718,6
35814,6
35815,6
35816,6
59597,6
35873,6
47596,6
52046,6
52047,6
35664,6
47727,6
47728,6
35675,6
59193,6
59194,6
59195,6
59196,6
59197,6
59198,6
57596,6
36411,6
36414,6
51592,6
55181,6
36456,6
36463,6
36491,6
39259,6
59422,6
59423,6
59424,6
59425,6
55773,6
55774,6
55775,6
55776,6
55755,6
35195,6
35198,6
55668,6
55669,6
55670,6
55624,6
55625,6
52374,6
52375,6
52376,6
52377,6
52308,6
36525,6
40671,6
40672,6
40673,6
40674,6
36538,6
56846,6
56847,6
56848,6
27424,6
36558,6
36601,6
36603,6
36604,6
36605,6
34967,6
58294,6
56699,6
52810,6
51615,6
58581,6
50646,6
55243,6
53909,6
58822,6
51630,6
51631,6
51629,6
37426,6
37538,6
37451,6
50926,6
45676,6
48443,6
55959,6
55960,6
58983,6
51821,6
48022,6
48023,6
48024,6
58385,6
49946,6
36360,6
36361,6
36362,6
52668,6
52669,6
52670,6
52671,6
52672,6
52673,6
52768,6
55086,6
55087,6
55088,6
55097,6
55212,6
55213,6
55038,6
55219,6
39540,6
48318,6
48319,6
48320,6
48261,6
46596,6
46597,6
46598,6
46599,6
46541,6
48671,6
48672,6
48673,6
48674,6
48610,6
57235,6
59213,6
52440,6
34702,6
38397,6
38398,6
52154,6
52155,6
36098,6
36856,6
37548,6
37552,6
37339,6
37327,6
36630,6
36749,6
36836,6
36847,6
36803,6
36851,6
37251,6
37293,6
57380,6
37512,6
37534,6
54094,6
35207,6
39381,6
33419,6
33753,6
35142,6
35143,6
35144,6
35145,6
35146,6
35147,6
35148,6
35223,6
53899,6
37788,7
37790,7
31810,7
38916,7
37795,7
38285,7
48388,7
48389,7
37946,7
38889,7
38890,7
38891,7
38892,7
39776,7
39777,7
46642,7
38730,7
38036,7
38037,7
38038,7
38039,7
57461,7
57462,7
57463,7
57464,7
38164,7
38132,7
38120,7
38286,7
38290,7
37671,7
38137,7
38139,7
54195,7
54196,7
54197,7
54198,7
57653,7
58227,7
53510,7
53511,7
53512,7
53513,7
53514,7
53515,7
53516,7
53517,7
53518,7
53519,7
53520,7
53521,7
53398,7
53399,7
53832,7
53833,7
53871,7
54484,7
54485,7
21595,7
35385,7
37576,7
37577,7
37580,7
59137,7
59138,7
59139,7
59140,7
37649,7
50258,7
50259,7
37650,7
37651,7
37652,7
37653,7
37654,7
37655,7
35829,7
35910,7
35642,7
35602,7
35424,7
35879,7
35727,7
35853,7
35389,7
35666,7
35967,7
55802,7
37240,7
37710,7
37711,7
36316,7
37253,7
37701,7
37280,7
37254,7
36055,7
36375,7
37282,7
36433,7
36064,7
37475,7
37211,7
50590,7
51978,7
51979,7
51980,7
35349,7
32237,7
30127,7
31436,7
31437,7
36152,7
36153,7
36154,7
36155,7
36156,7
36157,7
36158,7
36159,7
36160,7
36180,7
54472,7
54473,7
52851,7
52852,7
53952,7
47576,7
47717,7
36398,7
51583,7
51586,7
55175,7
36453,7
36460,7
36480,7
36497,7
59404,7
59405,7
59406,7
59407,7
56707,7
56708,7
56706,7
35180,7
55658,7
55659,7
55617,7
52348,7
52349,7
52350,7
52351,7
52300,7
40653,7
40654,7
45726,7
45727,7
36540,7
36541,7
56832,7
56833,7
16860,7
28696,7
36606,7
36607,7
49043,7
48983,7
49060,7
48985,7
49061,7
37483,7
35833,7
51006,7
50924,7
47482,7
45670,7
56035,7
48437,7
50910,7
39456,7
39457,7
48011,7
48012,7
58381,7
36328,7
56501,7
35948,7
36340,7
52652,7
52653,7
52654,7
52655,7
52656,7
52657,7
52763,7
54864,7
54865,7
54866,7
54867,7
54825,7
55071,7
55072,7
55073,7
55033,7
52901,7
52902,7
48282,7
48283,7
48284,7
48256,7
46576,7
46577,7
46578,7
46579,7
48121,7
48122,7
46536,7
48645,7
48646,7
48647,7
48648,7
49108,7
49109,7
48605,7
34830,7
57230,7
59212,7
52435,7
36168,7
36170,7
37354,7
36171,7
36050,7
36078,7
36177,7
52146,7
52147,7
36073,7
36305,7
36306,7
36311,7
36312,7
36313,7
37379,7
37380,7
37383,7
36290,7
36291,7
36289,7
37384,7
36294,7
36295,7
37389,7
37388,7
56130,7
23071,7
36298,7
36299,7
36293,7
36286,7
37385,7
36281,7
36282,7
37381,7
37382,7
36314,7
37523,7
37524,7
37529,7
38313,7
38314,7
38315,7
38316,7
38317,7
38318,7
38319,7
38320,7
38304,7
38305,7
38306,7
38307,7
38308,7
38309,7
49836,7
49837,7
49838,7
50831,7
56638,7
56639,7
56640,7
56656,7
54090,7
35992,7
37484,7
36432,7
37188,7
37189,7
56536,7
35204,7
39366,7
48104,7
51100,7
21446,7
53903,7
8549,7
35113,7
35166,7
35164,7
35165,7
37873,8
37874,8
45614,8
51312,8
49663,8
49666,8
48405,8
48407,8
38905,8
38906,8
46646,8
38734,8
57465,8
57466,8
57467,8
57468,8
25831,8
25832,8
38172,8
38135,8
39195,8
39196,8
39197,8
39198,8
37689,8
37699,8
57277,8
57278,8
57279,8
57280,8
53606,8
53607,8
53608,8
53609,8
54220,8
54221,8
54222,8
54223,8
54219,8
53836,8
53837,8
53869,8
59097,8
59098,8
59099,8
59100,8
37400,8
50232,8
50233,8
50234,8
50235,8
20193,8
20194,8
20197,8
20199,8
35670,8
35282,8
35354,8
35506,8
35660,8
35672,8
35905,8
35671,8
35509,8
35729,8
35898,8
35365,8
35392,8
35508,8
35507,8
35669,8
35730,8
35510,8
35827,8
35956,8
35904,8
35661,8
35393,8
35940,8
35818,8
35836,8
35819,8
35653,8
55804,8
36061,8
37215,8
36301,8
35983,8
37249,8
36096,8
37258,8
35994,8
37278,8
36094,8
36335,8
36380,8
37296,8
36369,8
37479,8
37203,8
35982,8
36067,8
37300,8
35995,8
36297,8
36372,8
36082,8
36319,8
37242,8
36384,8
37257,8
50600,8
50601,8
50602,8
50603,8
51983,8
51984,8
35360,8
35560,8
35561,8
35563,8
35565,8
35566,8
35567,8
35568,8
35569,8
35570,8
35571,8
35572,8
35573,8
35574,8
35575,8
35576,8
35577,8
35578,8
35579,8
35580,8
35581,8
35582,8
35583,8
35584,8
35585,8
35586,8
35587,8
35588,8
35589,8
35590,8
35591,8
35592,8
35593,8
35614,8
35615,8
35616,8
35617,8
35618,8
35619,8
35620,8
35621,8
35622,8
35623,8
35624,8
35625,8
35626,8
35627,8
35628,8
35629,8
35630,8
35631,8
35632,8
35633,8
35634,8
35635,8
35636,8
35637,8
35638,8
35639,8
35640,8
35641,8
38348,8
38349,8
38350,8
38351,8
38352,8
38353,8
38354,8
38355,8
38356,8
38357,8
38358,8
38359,8
38360,8
38361,8
38362,8
38363,8
38364,8
38365,8
38366,8
38367,8
38368,8
38369,8
38370,8
38371,8
47536,8
47537,8
47538,8
47539,8
47540,8
47541,8
47542,8
47543,8
47544,8
47545,8
54247,8
54248,8
54476,8
54477,8
56431,8
56432,8
56433,8
56434,8
50769,8
50770,8
50771,8
50772,8
50773,8
50774,8
50775,8
50776,8
50777,8
50778,8
52070,8
52071,8
52859,8
52860,8
53047,8
53048,8
56387,8
56388,8
56389,8
56390,8
56391,8
56392,8
35646,8
35688,8
35689,8
59595,8
59596,8
35889,8
35891,8
47590,8
47591,8
47592,8
47593,8
47594,8
52044,8
52045,8
57344,8
36021,8
36029,8
59183,8
59184,8
59185,8
59186,8
59187,8
59188,8
59189,8
59190,8
59191,8
59192,8
57595,8
58986,8
36409,8
36410,8
51591,8
55180,8
36488,8
59418,8
59419,8
59420,8
59421,8
35194,8
55638,8
55639,8
55623,8
52340,8
52342,8
52370,8
52371,8
52372,8
52373,8
52307,8
36455,8
40667,8
40668,8
36462,8
36542,8
36543,8
56844,8
56845,8
30865,8
36608,8
36609,8
36611,8
36612,8
36613,8
36614,8
39558,8
34966,8
34975,8
34981,8
40162,8
55822,8
35013,8
45451,8
52807,8
49752,8
57358,8
57359,8
57360,8
57361,8
49046,8
48962,8
49066,8
48994,8
49067,8
36246,8
36248,8
50706,8
36271,8
36272,8
36273,8
36274,8
36256,8
36951,8
37425,8
37438,8
37439,8
37440,8
37441,8
37442,8
37443,8
37444,8
37445,8
37446,8
37447,8
37448,8
36633,8
55234,8
55235,8
36751,8
57578,8
48806,8
49094,8
33202,8
33203,8
47185,8
47186,8
46323,8
50925,8
54046,8
54047,8
54048,8
54064,8
48442,8
50913,8
54043,8
54044,8
35650,8
52005,8
37454,8
51606,8
39448,8
39449,8
39452,8
39453,8
37455,8
38338,8
50716,8
34857,8
34860,8
48019,8
48020,8
48021,8
58384,8
34913,8
50356,8
56505,8
36346,8
36355,8
36356,8
36357,8
36358,8
36359,8
36184,8
52664,8
52665,8
52666,8
52667,8
52767,8
54872,8
54873,8
54874,8
54875,8
54876,8
54877,8
54827,8
55062,8
55063,8
55064,8
55193,8
55194,8
55195,8
55030,8
55192,8
39539,8
47257,8
48288,8
48289,8
48290,8
48260,8
46592,8
46593,8
46594,8
46595,8
46540,8
48667,8
48668,8
48669,8
48670,8
48609,8
27281,8
36054,8
36063,8
57234,8
52439,8
36181,8
38662,8
38663,8
36182,8
36183,8
35065,8
35067,8
52152,8
52153,8
36077,8
36855,8
37482,8
36741,8
36742,8
36743,8
36796,8
36795,8
37348,8
37349,8
37350,8
37351,8
37287,8
37289,8
36790,8
36791,8
36792,8
36793,8
36794,8
36857,8
49730,8
37545,8
37546,8
37551,8
37997,8
36831,8
36769,8
37560,8
37559,8
37186,8
37187,8
37357,8
37356,8
36636,8
37331,8
37332,8
37335,8
37336,8
37337,8
37316,8
37319,8
37320,8
37321,8
37322,8
37323,8
37324,8
37325,8
37264,8
37470,8
36627,8
36628,8
36629,8
35004,8
36656,8
36673,8
38016,8
56472,8
36748,8
36835,8
45674,8
45675,8
48441,8
37210,8
36653,8
37222,8
37231,8
37233,8
36654,8
37201,8
37207,8
37276,8
36774,8
37561,8
37352,8
37175,8
36876,8
36877,8
36879,8
37465,8
37311,8
36639,8
37519,8
37520,8
37521,8
37533,8
36698,8
36699,8
36700,8
36701,8
36702,8
36703,8
36704,8
36705,8
38003,8
38004,8
38005,8
38006,8
38007,8
38008,8
38012,8
38013,8
38014,8
38015,8
56649,8
56650,8
56651,8
35283,8
35353,8
35422,8
35421,8
54093,8
36302,8
36304,8
38017,8
38018,8
56540,8
40682,8
56128,8
53074,8
35211,8
53065,8
56126,8
53070,8
53071,8
35220,8
35106,8
51621,8
35222,8
35131,8
35132,8
35133,8
35134,8
35135,8
35136,8
35137,8
35138,8
35139,8
35140,8
35141,8
35214,8
35219,8
35221,8
55903,8
36185,8
53911,8
35112,8
31809,9
37844,9
37845,9
38917,9
49661,9
49662,9
48394,9
48396,9
38897,9
38898,9
46644,9
38732,9
57513,9
57514,9
57515,9
57516,9
38082,9
38168,9
38133,9
52939,9
52940,9
52941,9
52942,9
57286,9
57293,9
57294,9
57295,9
53534,9
53535,9
53536,9
53537,9
53538,9
53539,9
53540,9
53541,9
53542,9
53543,9
53544,9
53545,9
53402,9
53403,9
28149,9
28150,9
37587,9
37588,9
59093,9
59094,9
59095,9
59096,9
37410,9
37614,9
50266,9
50267,9
50268,9
50269,9
55300,9
55297,9
55298,9
55299,9
35505,9
35914,9
35281,9
35659,9
35419,9
35504,9
35655,9
35840,9
35363,9
35968,9
35954,9
35955,9
35364,9
35676,9
35887,9
35903,9
35728,9
35668,9
35390,9
16897,9
16896,9
16895,9
10593,9
10590,9
12089,9
12088,9
10594,9
10589,9
10591,9
10592,9
16894,9
9213,9
9214,9
9215,9
9216,9
7850,9
7851,9
32703,9
55301,9
55302,9
55806,9
36164,9
37168,9
36163,9
37167,9
37241,9
35981,9
36057,9
36093,9
37295,9
36388,9
37247,9
36379,9
37708,9
36066,9
36046,9
36308,9
36423,9
36425,9
36089,9
36370,9
36322,9
36333,9
36092,9
37272,9
36045,9
36047,9
36081,9
36387,9
36378,9
35997,9
36059,9
36103,9
37478,9
37191,9
37485,9
36419,9
37212,9
37299,9
36318,9
36058,9
6813,9
6812,9
50594,9
50595,9
50596,9
50597,9
51981,9
51982,9
37608,9
37610,9
40042,9
40044,9
40048,9
40049,9
40051,9
40052,9
40057,9
40060,9
40061,9
40063,9
40065,9
40067,9
40074,9
40075,9
40077,9
40078,9
40079,9
40080,9
40081,9
40082,9
40083,9
40084,9
46675,9
46676,9
46677,9
46678,9
46679,9
46680,9
46681,9
46682,9
46683,9
46684,9
54243,9
54244,9
54245,9
54246,9
50757,9
50758,9
50759,9
50760,9
50761,9
50762,9
50763,9
50764,9
50765,9
50766,9
52068,9
52069,9
52855,9
52856,9
53045,9
53046,9
56383,9
56384,9
56385,9
56386,9
59777,9
59778,9
35695,9
35698,9
35745,9
35746,9
35747,9
35751,9
35754,9
35755,9
35756,9
35757,9
35758,9
35759,9
35760,9
35761,9
35762,9
35763,9
35764,9
35765,9
35766,9
35767,9
35768,9
35770,9
35772,9
35775,9
35776,9
35777,9
35778,9
35779,9
35781,9
35782,9
35783,9
35784,9
35785,9
35787,9
35789,9
35790,9
35791,9
35792,9
35793,9
35794,9
35795,9
35796,9
35797,9
35798,9
35800,9
35801,9
35803,9
35805,9
35806,9
35807,9
35808,9
35810,9
35811,9
59593,9
59594,9
47583,9
47584,9
47585,9
47586,9
47587,9
52041,9
52042,9
57343,9
38092,9
54588,9
54589,9
54590,9
54591,9
54592,9
54593,9
59173,9
59174,9
59175,9
59176,9
59177,9
59178,9
59179,9
59180,9
59181,9
59182,9
57593,9
36403,9
36404,9
51588,9
55177,9
36484,9
59412,9
59413,9
55783,9
55784,9
55753,9
55663,9
55664,9
55620,9
52358,9
52359,9
52360,9
52361,9
52303,9
36451,9
40659,9
40660,9
40661,9
40662,9
36464,9
36544,9
38412,9
56837,9
56838,9
35289,9
36616,9
36617,9
36618,9
34979,9
40161,9
34998,9
34999,9
35000,9
35001,9
34989,9
49754,9
55241,9
57362,9
57363,9
35068,9
49045,9
48984,9
49064,9
48986,9
49065,9
50704,9
36263,9
36264,9
36265,9
36266,9
36254,9
36949,9
36383,9
30402,9
37428,9
37429,9
37430,9
37431,9
37432,9
37433,9
37434,9
37435,9
37436,9
37437,9
29605,9
37537,9
20445,9
23345,9
36205,9
36206,9
36204,9
36631,9
55231,9
55232,9
37450,9
57577,9
47557,9
47183,9
47184,9
35658,9
46322,9
54063,9
50912,9
52004,9
51605,9
39450,9
39451,9
37985,9
37990,9
37991,9
37992,9
37993,9
37994,9
37995,9
37996,9
46788,9
49086,9
55957,9
55958,9
34856,9
34859,9
51820,9
48016,9
48017,9
48018,9
58383,9
34911,9
34912,9
51815,9
45196,9
56503,9
36350,9
36351,9
36352,9
36353,9
36354,9
52658,9
52659,9
52660,9
52661,9
52662,9
52663,9
52765,9
54868,9
54869,9
54870,9
54871,9
54826,9
55077,9
55078,9
55079,9
55035,9
39537,9
47256,9
48285,9
48286,9
48287,9
48258,9
46584,9
46585,9
46586,9
46587,9
46538,9
48655,9
48656,9
48657,9
48658,9
48607,9
55151,9
36062,9
57232,9
52437,9
36196,9
36199,9
38096,9
38097,9
36200,9
36198,9
36201,9
36197,9
36191,9
36192,9
36194,9
36193,9
36190,9
36203,9
52150,9
52151,9
36854,9
37481,9
49729,9
37544,9
36624,9
36625,9
36626,9
36635,9
37333,9
37334,9
37318,9
37265,9
37266,9
37472,9
37473,9
35003,9
47021,9
47022,9
47061,9
47063,9
47064,9
36672,9
56470,9
45667,9
45672,9
45673,9
48439,9
48440,9
48445,9
36784,9
36785,9
36786,9
36822,9
37303,9
36818,9
36799,9
36849,9
37209,9
37216,9
36644,9
36645,9
37228,9
37198,9
37199,9
37204,9
37205,9
37250,9
36871,9
36872,9
36873,9
37309,9
36680,9
36683,9
36684,9
36687,9
36688,9
36689,9
38644,9
38645,9
38646,9
38647,9
48809,9
56645,9
56646,9
56647,9
56648,9
56652,9
35391,9
35933,9
35420,9
35969,9
54092,9
35742,9
45197,9
45198,9
45199,9
35743,9
56538,9
37923,9
35210,9
55847,9
39164,9
53064,9
56125,9
53068,9
53069,9
48138,9
35105,9
45200,9
57368,9
35120,9
35121,9
35122,9
35123,9
35124,9
35125,9
35127,9
35128,9
35129,9
55791,9
54299,9
48368,10
48371,10
38871,10
38872,10
46639,10
38703,10
57497,10
57498,10
57499,10
57500,10
27804,10
27805,10
27806,10
27807,10
39183,10
39184,10
54187,10
54188,10
54189,10
54190,10
53458,10
53459,10
53460,10
53461,10
53462,10
53463,10
53464,10
53465,10
53466,10
53467,10
53468,10
53469,10
53390,10
53391,10
47178,10
59083,10
59084,10
59085,10
59086,10
59087,10
59088,10
50236,10
50237,10
50242,10
50243,10
50244,10
50245,10
33814,10
32834,10
32833,10
38634,10
33769,10
33768,10
33844,10
33766,10
33767,10
33847,10
33848,10
33771,10
33846,10
33845,10
33849,10
33770,10
33773,10
33774,10
33765,10
46945,10
46921,10
46931,10
46884,10
46911,10
46943,10
46939,10
46929,10
46950,10
32835,10
46938,10
46927,10
46918,10
46894,10
33779,10
33840,10
33781,10
33783,10
33775,10
50579,10
50585,10
50586,10
50587,10
32238,10
33047,10
33048,10
33049,10
33050,10
33051,10
33052,10
33053,10
33054,10
33055,10
33056,10
33057,10
33058,10
33059,10
33060,10
33061,10
33062,10
33063,10
33064,10
33065,10
33066,10
33067,10
33068,10
33069,10
33070,10
33071,10
33072,10
33073,10
33074,10
33075,10
33076,10
33077,10
33078,10
33079,10
33080,10
33081,10
33082,10
33083,10
33084,10
33085,10
33086,10
33087,10
33088,10
33089,10
33090,10
33091,10
33092,10
33093,10
33094,10
34108,10
34109,10
34110,10
34111,10
34112,10
34113,10
34266,10
34267,10
34268,10
34269,10
34270,10
34271,10
34708,10
34709,10
34710,10
34711,10
39678,10
39682,10
39683,10
39684,10
54353,10
54354,10
56425,10
56426,10
50751,10
50752,10
50753,10
50754,10
50755,10
50756,10
52841,10
52842,10
53039,10
53040,10
53945,10
53946,10
53958,10
56363,10
56364,10
56365,10
56366,10
56367,10
56368,10
56405,10
56406,10
59773,10
59774,10
59590,10
59591,10
32874,10
32875,10
32876,10
32877,10
32873,10
47563,10
47564,10
47565,10
47566,10
52035,10
23971,10
59159,10
59160,10
59161,10
59162,10
59163,10
59164,10
59165,10
59166,10
59167,10
59168,10
57589,10
34198,10
34199,10
51581,10
55170,10
32517,10
59392,10
59393,10
59394,10
59395,10
55781,10
55782,10
55749,10
55652,10
55653,10
55613,10
52328,10
52329,10
52330,10
52331,10
52332,10
52333,10
52294,10
52295,10
27670,10
40633,10
40634,10
45218,10
45649,10
45650,10
45651,10
27671,10
33121,10
33758,10
56823,10
56824,10
56825,10
27423,10
31889,10
32958,10
32750,10
32751,10
32752,10
32753,10
32776,10
34980,10
55823,10
58296,10
47957,10
52806,10
49753,10
58578,10
53908,10
57350,10
57351,10
57352,10
57353,10
49042,10
49033,10
49058,10
49034,10
49059,10
32661,10
32662,10
32796,10
32797,10
50695,10
28919,10
30949,10
30930,10
51018,10
51019,10
36921,10
32791,10
32792,10
32943,10
45865,10
51003,10
33750,10
33751,10
33748,10
33479,10
57579,10
33772,10
50923,10
56034,10
50906,10
52002,10
51608,10
39440,10
39441,10
33412,10
32984,10
55923,10
55924,10
58980,10
32969,10
32968,10
53009,10
47973,10
47974,10
31142,10
34162,10
58378,10
32975,10
50353,10
50357,10
56499,10
32953,10
32954,10
32590,10
33786,10
33787,10
52638,10
52639,10
52640,10
52641,10
52642,10
52643,10
52743,10
52745,10
52759,10
54848,10
54849,10
54850,10
54851,10
54821,10
55056,10
55057,10
55058,10
55028,10
39532,10
47255,10
52893,10
52894,10
55130,10
55131,10
48276,10
48277,10
48278,10
48250,10
46560,10
46561,10
46562,10
46563,10
48760,10
48761,10
46533,10
48633,10
48634,10
48635,10
48636,10
49106,10
49107,10
48602,10
55150,10
32781,10
57227,10
59210,10
52431,10
34369,10
34590,10
34707,10
52140,10
52141,10
33125,10
33250,10
13618,10
34165,10
33312,10
32929,10
33876,10
33877,10
33882,10
33878,10
33879,10
33880,10
34701,10
38637,10
47089,10
47007,10
56467,10
35975,10
32920,10
32922,10
32928,10
32947,10
32925,10
48436,10
34398,10
34399,10
27703,10
27702,10
46989,10
47100,10
47101,10
34547,10
29609,10
48810,10
48812,10
48814,10
56634,10
56635,10
56636,10
56637,10
54087,10
32952,10
38601,10
48816,10
28787,10
48815,10
56534,10
33096,10
33286,10
33996,10
55844,10
53063,10
56124,10
53066,10
53067,10
48129,10
32789,10
51015,10
51098,10
51622,10
32959,10
33745,10
33746,10
33747,10
32787,10
34292,10
34294,10
32790,10
32967,10
33282,10
55902,10
53901,10
56249,10
32965,10
48417,11
48418,11
48426,11
48427,11
38881,11
38882,11
39590,11
39591,11
46649,11
38736,11
57469,11
57470,11
57471,11
57472,11
54207,11
54208,11
54209,11
54210,11
53584,11
53585,11
54225,11
54226,11
54227,11
54228,11
54300,11
54301,11
54302,11
54303,11
53409,11
54224,11
53870,11
38448,11
38446,11
59105,11
59106,11
59107,11
59108,11
38440,11
50276,11
50277,11
50278,11
50279,11
38593,11
38466,11
38452,11
38467,11
38463,11
38464,11
38462,11
38465,11
35826,11
38461,11
38451,11
22716,11
38469,11
38473,11
38470,11
38474,11
38472,11
38477,11
50580,11
50608,11
50609,11
51985,11
32235,11
38553,11
38554,11
38555,11
38556,11
38557,11
38558,11
38559,11
38560,11
38561,11
38562,11
38563,11
38564,11
38565,11
38566,11
38567,11
38568,11
38569,11
38570,11
38571,11
38572,11
38573,11
38574,11
38575,11
38576,11
38577,11
38578,11
38579,11
38580,11
38581,11
38582,11
38583,11
38584,11
38585,11
38586,11
38587,11
38588,11
38589,11
38590,11
38591,11
38592,11
39673,11
39675,11
39676,11
39677,11
40097,11
40098,11
40099,11
40100,11
40101,11
40102,11
54359,11
54360,11
54466,11
54467,11
50783,11
50784,11
50785,11
50786,11
50787,11
50788,11
50789,11
52863,11
52864,11
52865,11
53051,11
53052,11
53053,11
56401,11
56402,11
56403,11
56404,11
59598,11
38424,11
38426,11
47604,11
47605,11
52037,11
52048,11
21522,11
59199,11
59200,11
57597,11
38409,11
51593,11
55182,11
38411,11
59426,11
59427,11
59428,11
59429,11
55785,11
55786,11
55756,11
55640,11
55641,11
55626,11
52378,11
52379,11
52380,11
52381,11
52309,11
40645,11
40646,11
40669,11
40670,11
45725,11
56849,11
56850,11
38408,11
38530,11
38552,11
50643,11
48952,11
49047,11
48991,11
49068,11
48992,11
49069,11
50698,11
38415,11
38416,11
38417,11
38418,11
38419,11
38478,11
45132,11
8235,11
8706,11
22731,11
13403,11
46319,11
54065,11
54042,11
51607,11
46787,11
48077,11
48078,11
54025,11
58386,11
38595,11
56506,11
36348,11
38404,11
38403,11
52674,11
52675,11
52676,11
52677,11
52678,11
52679,11
52769,11
55089,11
55090,11
55091,11
55039,11
46570,11
46571,11
48762,11
48763,11
47354,11
48675,11
48676,11
48677,11
48678,11
48611,11
38541,11
57236,11
52441,11
52156,11
52157,11
38479,11
38506,11
38505,11
38502,11
38503,11
38507,11
50821,11
45666,11
48444,11
57381,11
32945,11
32949,11
38509,11
38510,11
38508,11
50822,11
50827,11
50830,11
56653,11
56654,11
56655,11
54095,11
50833,11
50832,11
56541,11
40683,11
38594,11
51101,11
11764,11
38542,11
38547,11
38543,11
38544,11
38545,11
38546,11
38600,11
53900,11
49366,12
55341,12
37962,12
37804,12
51381,12
49677,12
49678,12
48419,12
48420,12
38865,12
38866,12
39582,12
39583,12
39592,12
39593,12
39600,12
39601,12
46650,12
38701,12
40675,12
57533,12
57534,12
57535,12
57536,12
57473,12
57474,12
57475,12
57476,12
57097,12
57098,12
57083,12
56193,12
56169,12
3843,12
56887,12
56907,12
56881,12
56923,12
56929,12
56895,12
56896,12
118,12
56903,12
56920,12
56879,12
56885,12
56894,12
56892,12
56868,12
56901,12
56928,12
56921,12
56938,12
56939,12
49367,12
54230,12
54231,12
54232,12
54233,12
54229,12
53790,12
53791,12
53794,12
53795,12
37581,12
37582,12
37594,12
59109,12
59110,12
59111,12
59112,12
7362,12
39975,12
50280,12
50281,12
50282,12
50283,12
20201,12
20207,12
20508,12
20509,12
21511,12
21512,12
56114,12
56115,12
56116,12
56117,12
33812,12
46952,12
46951,12
26383,12
39865,12
35908,12
35656,12
39866,12
39869,12
39873,12
35337,12
35417,12
35855,12
39872,12
39871,12
39868,12
39846,12
35880,12
35888,12
35825,12
39867,12
35667,12
35881,12
10954,12
10953,12
6772,12
8907,12
8908,12
7059,12
6786,12
6780,12
6787,12
6773,12
7058,12
6781,12
46874,12
46875,12
46871,12
46870,12
16346,12
16347,12
13068,12
13070,12
13071,12
13067,12
13065,12
13072,12
13069,12
13066,12
22754,12
33780,12
39876,12
39884,12
39894,12
39889,12
39895,12
39878,12
39875,12
39877,12
33776,12
33778,12
39890,12
39885,12
39881,12
39887,12
39891,12
39879,12
39919,12
39921,12
39920,12
39923,12
46867,12
46864,12
50613,12
51986,12
51987,12
51988,12
39937,12
39946,12
31271,12
31273,12
31275,12
31276,12
31280,12
31282,12
31405,12
31408,12
31409,12
31413,12
31414,12
35457,12
35459,12
35460,12
35461,12
35465,12
35466,12
35467,12
35468,12
35470,12
35472,12
35473,12
35474,12
35475,12
35476,12
35477,12
35478,12
37609,12
37611,12
37612,12
40040,12
40041,12
40043,12
40046,12
40054,12
40055,12
40056,12
40058,12
40059,12
40062,12
40066,12
40068,12
40070,12
40076,12
54363,12
54364,12
50794,12
50795,12
50796,12
50797,12
50798,12
50799,12
50800,12
52867,12
52868,12
53960,12
35682,12
35683,12
35846,12
39940,12
39941,12
30538,12
30539,12
52036,12
52049,12
52050,12
52051,12
35921,12
35923,12
39724,12
39943,12
39944,12
39945,12
35941,12
35942,12
35944,12
35946,12
35947,12
36002,12
39952,12
39953,12
47719,12
47720,12
39951,12
30888,12
30889,12
30890,12
30891,12
57599,12
34193,12
40027,12
40028,12
51580,12
51594,12
51596,12
55183,12
55184,12
38513,12
38514,12
27478,12
40029,12
26881,12
46800,12
55787,12
55788,12
55757,12
26866,12
31199,12
55642,12
55643,12
55644,12
55645,12
55627,12
55628,12
52336,12
52337,12
52382,12
52383,12
52384,12
52385,12
52386,12
52387,12
52388,12
52389,12
52297,12
52310,12
52311,12
26413,12
36452,12
32394,12
38612,12
38613,12
45122,12
45125,12
26428,12
36459,12
56853,12
56854,12
56855,12
40026,12
30863,12
27150,12
36573,12
30808,12
31029,12
36576,12
49469,12
28694,12
39995,12
39996,12
32992,12
36598,12
36615,12
34682,12
36804,12
36805,12
36806,12
39987,12
39988,12
40155,12
40156,12
46784,12
46785,12
20291,12
20292,12
20293,12
20294,12
24437,12
40104,12
57364,12
57365,12
32062,12
39989,12
39990,12
39991,12
39992,12
49049,12
49004,12
49072,12
49006,12
49073,12
21492,12
36247,12
36249,12
36250,12
50707,12
50709,12
24800,12
24801,12
30945,12
30946,12
30950,12
30951,12
29263,12
51633,12
51634,12
51632,12
36928,12
36390,12
30403,12
27477,12
51007,12
55280,12
55281,12
39901,12
49093,12
47189,12
47190,12
52007,12
37462,12
49087,12
55961,12
55962,12
51822,12
48027,12
48028,12
58388,12
58389,12
33570,12
50355,12
56508,12
21432,12
34706,12
40012,12
40013,12
40014,12
40015,12
40016,12
40017,12
56230,12
52680,12
52681,12
52682,12
52683,12
52736,12
52737,12
52738,12
52739,12
52740,12
52741,12
52770,12
52771,12
54880,12
54881,12
54882,12
54883,12
54884,12
54885,12
54886,12
54887,12
54828,12
54829,12
55197,12
55198,12
55199,12
55196,12
39528,12
52897,12
52898,12
52909,12
52910,12
48297,12
48298,12
48299,12
48742,12
48743,12
48744,12
48265,12
48728,12
46600,12
46601,12
46604,12
46605,12
46608,12
46609,12
46610,12
46611,12
46612,12
46613,12
46614,12
46615,12
50384,12
50385,12
46544,12
47355,12
48679,12
48680,12
48681,12
48682,12
48683,12
48684,12
48685,12
48686,12
48687,12
48688,12
48689,12
48690,12
48612,12
48613,12
6690,12
57237,12
57238,12
59214,12
52442,12
52443,12
36108,12
40004,12
34592,12
39999,12
40002,12
39998,12
40000,12
52158,12
52159,12
52160,12
52161,12
11022,12
8694,12
56237,12
56303,12
56304,12
13437,12
11249,12
13001,12
13619,12
25662,12
25660,12
24810,12
25663,12
24808,12
24809,12
39932,12
37498,12
35744,12
35645,12
39844,12
39845,12
36662,12
36778,12
36820,12
37539,12
39912,12
39913,12
39843,12
39914,12
39933,12
37338,12
39854,12
37326,12
39853,12
39855,12
39856,12
39863,12
39864,12
39851,12
39852,12
36657,12
39900,12
55388,12
36660,12
47020,12
47074,12
47075,12
36670,12
40131,12
56474,12
39857,12
39931,12
27443,12
45668,12
48446,12
36891,12
39915,12
39929,12
39918,12
39874,12
36043,12
39892,12
22752,12
39888,12
6795,12
36044,12
36427,12
39927,12
38631,12
38630,12
39833,12
39835,12
39834,12
39934,12
39859,12
39836,12
39839,12
39840,12
37305,12
49456,12
37487,12
37489,12
37492,12
37493,12
37494,12
37495,12
37496,12
37497,12
40018,12
40019,12
35832,12
40020,12
40132,12
40133,12
40134,12
40135,12
29159,12
40137,12
56689,12
56690,12
54097,12
36885,12
36887,12
36888,12
36889,12
40142,12
49851,12
35387,12
56543,12
40685,12
46801,12
53076,12
33571,12
55845,12
56989,12
9825,12
56127,12
24491,12
24492,12
20538,12
37306,12
39930,12
56238,12
40143,12
40107,12
40008,12
40009,12
56248,12
34703,12
34704,12
35126,12
37927,12
37928,12
32966,12
55904,12
53985,12
56250,12
40010,12
40011,12
5554,12
10745,12
35109,12
40006,12
40007,12
37730,13
37732,13
55336,13
37848,13
37851,13
37741,13
37742,13
37759,13
37760,13
51414,13
51415,13
51416,13
51417,13
37568,13
37940,13
37941,13
38241,13
48399,13
48400,13
48398,13
48401,13
48402,13
48403,13
38899,13
38900,13
38901,13
38902,13
38903,13
38904,13
39594,13
39595,13
46645,13
38733,13
37936,13
37937,13
57517,13
57518,13
57519,13
57520,13
57521,13
57522,13
57523,13
57524,13
57093,13
57094,13
57095,13
57096,13
57082,13
21874,13
22019,13
45410,13
45411,13
38079,13
38080,13
38081,13
38213,13
38266,13
54203,13
54204,13
54205,13
54206,13
57287,13
58300,13
57296,13
57297,13
57298,13
58301,13
58302,13
58303,13
53546,13
53547,13
53548,13
53549,13
53550,13
53551,13
53552,13
53553,13
53554,13
53555,13
53556,13
53557,13
53558,13
53559,13
53560,13
53561,13
53404,13
53405,13
37840,13
53814,13
53815,13
53913,13
53872,13
57342,13
54420,13
37589,13
37597,13
59145,13
59146,13
59147,13
59148,13
37632,13
50270,13
50271,13
50272,13
50273,13
50274,13
50275,13
50598,13
50599,13
31295,13
31296,13
31297,13
31298,13
31422,13
31423,13
31424,13
31425,13
31426,13
31427,13
31428,13
31429,13
31430,13
31431,13
31432,13
31433,13
35443,13
35448,13
35479,13
35480,13
35481,13
35482,13
35483,13
35484,13
35485,13
35486,13
35487,13
35488,13
35489,13
35490,13
35491,13
35492,13
35493,13
35494,13
35495,13
35527,13
35532,13
38058,13
38059,13
38060,13
38061,13
38062,13
38063,13
38064,13
38065,13
38066,13
38067,13
38068,13
38069,13
38070,13
38071,13
38072,13
38073,13
38074,13
38075,13
38076,13
38077,13
54357,13
54358,13
54474,13
54475,13
50767,13
50768,13
52857,13
52858,13
53953,13
53954,13
52043,13
17800,13
58458,13
57594,13
36407,13
36408,13
51589,13
51595,13
55178,13
39993,13
39994,13
36487,13
36503,13
36504,13
59414,13
59415,13
59416,13
59417,13
55769,13
55770,13
55771,13
55772,13
55754,13
35189,13
35190,13
55665,13
55666,13
55667,13
55621,13
55622,13
52364,13
52365,13
52366,13
52367,13
52368,13
52369,13
53934,13
53935,13
52305,13
52306,13
36518,13
40635,13
40636,13
40663,13
40664,13
40665,13
40666,13
45219,13
45654,13
56839,13
56840,13
56841,13
56842,13
56843,13
36555,13
36557,13
36587,13
36588,13
36589,13
36590,13
36591,13
36592,13
53874,13
53875,13
53876,13
53873,13
58580,13
50645,13
50708,13
36255,13
36268,13
36269,13
36270,13
36267,13
36950,13
56504,13
52726,13
52727,13
52728,13
52729,13
52730,13
52731,13
52732,13
52733,13
52734,13
52735,13
52766,13
53005,13
54806,13
54807,13
54808,13
54809,13
54810,13
54811,13
54812,13
54813,13
54798,13
55080,13
55081,13
55082,13
55083,13
55084,13
55085,13
55036,13
55037,13
39538,13
52905,13
52906,13
48315,13
48316,13
48317,13
48736,13
48737,13
48738,13
48259,13
48726,13
46588,13
46589,13
46590,13
46591,13
48123,13
48124,13
48125,13
48126,13
46539,13
48659,13
48660,13
48661,13
48662,13
48663,13
48664,13
48665,13
48666,13
48608,13
49104,13
36053,13
57233,13
57337,13
52438,13
53942,13
36118,13
36122,13
36119,13
36085,13
56471,13
38641,13
38642,13
56684,13
56685,13
56539,13
35206,13
39374,13
39375,13
35119,13
35027,13
35130,13
53904,13
35111,13
35114,13
35115,13
55327,14
31803,14
31804,14
51328,14
51329,14
51330,14
51331,14
30593,14
30594,14
48360,14
48408,14
48409,14
48410,14
38861,14
38862,14
38863,14
38864,14
38910,14
38911,14
39588,14
39589,14
46637,14
38704,14
38700,14
10850,14
17629,14
57489,14
57490,14
57491,14
57492,14
21859,14
22005,14
45314,14
45315,14
45316,14
45317,14
45318,14
45319,14
45320,14
45321,14
27382,14
27385,14
30913,14
54179,14
54180,14
54181,14
54182,14
57651,14
57652,14
53430,14
53431,14
53432,14
53433,14
53434,14
53435,14
53436,14
53437,14
53438,14
53439,14
53440,14
53441,14
53574,14
53575,14
53576,14
53577,14
53386,14
53387,14
53862,14
35377,14
28106,14
28107,14
28110,14
59125,14
59126,14
59127,14
59128,14
21504,14
50206,14
50207,14
50208,14
50209,14
50210,14
50211,14
50212,14
50213,14
50214,14
50215,14
20505,14
6749,14
25755,14
25756,14
21470,14
21471,14
22712,14
9206,14
7591,14
7605,14
7611,14
7598,14
7597,14
7086,14
7612,14
7067,14
7607,14
9207,14
7606,14
7861,14
7087,14
7072,14
7594,14
6770,14
7593,14
7592,14
7066,14
7081,14
7080,14
7608,14
7073,14
9208,14
6771,14
7860,14
16904,14
16345,14
16900,14
16344,14
16913,14
16901,14
16902,14
16905,14
16911,14
16908,14
16912,14
16909,14
16903,14
16910,14
16916,14
16917,14
1527,14
1528,14
9270,14
9269,14
55800,14
37260,14
36102,14
36091,14
36048,14
18241,14
18240,14
7619,14
7614,14
7616,14
7618,14
7613,14
7617,14
6814,14
6815,14
50573,14
50574,14
51973,14
51974,14
30328,14
29731,14
29732,14
29733,14
29734,14
29735,14
29736,14
29737,14
29738,14
30106,14
30107,14
30108,14
30109,14
30110,14
30111,14
31259,14
31260,14
31261,14
31262,14
31263,14
31264,14
31265,14
31266,14
31267,14
31268,14
31269,14
31270,14
31398,14
31399,14
31400,14
31401,14
31402,14
31403,14
33126,14
33127,14
33513,14
33514,14
33515,14
33516,14
33517,14
33518,14
33519,14
33520,14
33521,14
33522,14
33523,14
33524,14
34272,14
34273,14
34274,14
34275,14
34276,14
34277,14
39651,14
39661,14
39662,14
39663,14
39664,14
39665,14
39666,14
39667,14
39669,14
39670,14
39671,14
39672,14
39674,14
53963,14
53964,14
53965,14
53966,14
53967,14
54351,14
54352,14
56421,14
56422,14
50742,14
50743,14
50744,14
50745,14
50746,14
50747,14
52837,14
52838,14
53037,14
53038,14
53943,14
53944,14
56355,14
56356,14
56357,14
56358,14
34576,14
59588,14
21923,14
47560,14
47561,14
52033,14
26462,14
58457,14
59157,14
59158,14
57587,14
34191,14
51577,14
51578,14
55168,14
36493,14
29216,14
29217,14
59384,14
59385,14
59386,14
59387,14
59432,14
55759,14
55760,14
55747,14
30653,14
55650,14
55651,14
55611,14
52320,14
52321,14
52322,14
52323,14
52334,14
52335,14
52292,14
52296,14
26412,14
32385,14
40627,14
40628,14
40629,14
40630,14
26427,14
21530,14
33757,14
56818,14
56819,14
56820,14
56851,14
30862,14
27147,14
27148,14
28692,14
32991,14
30034,14
30036,14
25359,14
40115,14
36812,14
24368,14
24369,14
24371,14
24372,14
24364,14
7631,14
35361,14
47906,14
34649,14
46165,14
45450,14
34641,14
57556,14
52805,14
49755,14
39214,14
49113,14
40464,14
20569,14
20570,14
20571,14
20572,14
22664,14
22665,14
22666,14
17252,14
24511,14
49040,14
48965,14
49053,14
48966,14
49054,14
54298,14
50696,14
28908,14
28909,14
28910,14
28911,14
28884,14
36919,14
19606,14
26348,14
31308,14
31309,14
31310,14
31311,14
31312,14
31313,14
31314,14
31315,14
31316,14
31317,14
16313,14
27658,14
51001,14
20436,14
20437,14
20801,14
20802,14
20413,14
33476,14
55236,14
55237,14
21387,14
57581,14
47555,14
49092,14
9205,14
46317,14
54061,14
50903,14
50904,14
52009,14
51602,14
33411,14
55919,14
55920,14
58977,14
27454,14
27449,14
47969,14
47970,14
48064,14
49202,14
31141,14
58376,14
32289,14
47460,14
17395,14
17871,14
56497,14
33871,14
33872,14
33873,14
33874,14
33875,14
30215,14
29720,14
52698,14
52699,14
52700,14
52701,14
52702,14
52703,14
52704,14
52705,14
52757,14
54836,14
54837,14
54838,14
54839,14
54840,14
54841,14
54819,14
55050,14
55051,14
55052,14
55026,14
52891,14
52892,14
48270,14
48271,14
48272,14
48248,14
46550,14
46551,14
46552,14
46553,14
46531,14
48621,14
48622,14
48623,14
48624,14
48600,14
20865,14
57225,14
57334,14
52429,14
53938,14
16652,14
52136,14
52137,14
52142,14
52143,14
11021,14
9247,14
3326,14
13435,14
13436,14
11247,14
16960,14
13000,14
7494,14
10160,14
9285,14
7693,14
13817,14
25658,14
25657,14
31307,14
33331,14
14116,14
17652,14
20256,14
33332,14
53677,14
33330,14
45662,14
45663,14
48433,14
48434,14
34695,14
34696,14
34694,14
33337,14
34485,14
25592,14
34690,14
20387,14
23508,14
25594,14
33336,14
33335,14
35834,14
35912,14
29151,14
29152,14
29153,14
29154,14
29155,14
56625,14
56626,14
56627,14
56628,14
56629,14
54085,14
33754,14
47445,14
47446,14
47447,14
28786,14
56532,14
29583,14
30394,14
39348,14
39349,14
32483,14
51033,14
9824,14
23022,14
23023,14
23030,14
23031,14
23320,14
23321,14
23322,14
23323,14
27287,14
47456,14
16990,14
31912,14
21447,14
34486,14
34487,14
53895,14
5011,14
7182,14
7712,14
12187,14
12188,14
10260,14
10262,14
17398,14
55331,15
55344,15
51364,15
51365,15
37942,15
37943,15
48378,15
48379,15
48380,15
48381,15
49989,15
49990,15
49991,15
49992,15
49993,15
49994,15
49988,15
49987,15
57481,15
57482,15
57483,15
57484,15
45349,15
45380,15
45381,15
54215,15
54216,15
54217,15
54218,15
53610,15
53611,15
53612,15
53613,15
53614,15
53615,15
53616,15
53617,15
53412,15
53413,15
53839,15
53841,15
37566,15
37898,15
37567,15
59117,15
59118,15
59119,15
59120,15
50238,15
50239,15
50240,15
50241,15
35679,15
35893,15
35882,15
35366,15
35909,15
35418,15
35931,15
39870,15
35657,15
35352,15
7855,15
7854,15
55808,15
36429,15
36422,15
37294,15
36391,15
36303,15
36336,15
39896,15
36326,15
36065,15
39882,15
50621,15
50622,15
51989,15
35369,15
35370,15
30128,15
30129,15
30130,15
30131,15
35414,15
35415,15
31272,15
31278,15
31289,15
31290,15
31291,15
31292,15
31293,15
31294,15
35496,15
35497,15
35498,15
35499,15
35500,15
35501,15
35502,15
35503,15
38381,15
38382,15
38383,15
38384,15
38385,15
38386,15
38387,15
38388,15
38389,15
38390,15
38391,15
38392,15
38393,15
38394,15
38395,15
38396,15
39647,15
39649,15
54480,15
54481,15
50808,15
50809,15
50810,15
50811,15
52873,15
52874,15
56419,15
56420,15
35856,15
52055,15
36020,15
57602,15
34190,15
51599,15
55187,15
36448,15
36458,15
36495,15
59440,15
59441,15
55789,15
55790,15
55758,15
35200,15
55648,15
55649,15
55631,15
52400,15
52401,15
52402,15
52403,15
52315,15
49965,15
50980,15
50981,15
49995,15
56861,15
56862,15
36560,15
36583,15
36584,15
36585,15
36586,15
49966,15
49967,15
50627,15
49970,15
50628,15
50350,15
50346,15
50347,15
50348,15
50349,15
36953,15
51009,15
39469,15
50929,15
50919,15
50918,15
50718,15
55963,15
55964,15
51824,15
49214,15
49215,15
58393,15
49947,15
51817,15
49984,15
56510,15
36364,15
36365,15
52684,15
52685,15
52686,15
52687,15
52688,15
52689,15
52774,15
54892,15
54893,15
54894,15
54895,15
54831,15
55101,15
55102,15
55103,15
55043,15
52911,15
52912,15
49742,15
49743,15
49744,15
49741,15
49957,15
49958,15
49959,15
49960,15
49961,15
49956,15
48625,15
48626,15
48627,15
48628,15
49105,15
57242,15
52446,15
38100,15
36109,15
38099,15
36114,15
38101,15
52166,15
52167,15
47104,15
33311,15
37549,15
24264,15
47086,15
46997,15
47065,15
47025,15
56476,15
36750,15
36846,15
36850,15
37297,15
47099,15
47102,15
37527,15
37535,15
38643,15
49972,15
49974,15
49978,15
56686,15
56691,15
56692,15
56693,15
54100,15
49983,15
49982,15
56545,15
35208,15
49964,15
51103,15
35149,15
35150,15
35151,15
35152,15
35153,15
35154,15
35033,15
53898,15
55330,16
56195,16
56196,16
56197,16
37803,16
37961,16
51380,16
51386,16
51387,16
51388,16
51389,16
48395,16
48397,16
48374,16
48375,16
48376,16
48377,16
37955,16
37956,16
38875,16
38876,16
38877,16
38878,16
38879,16
38880,16
56213,16
56214,16
56212,16
56211,16
57541,16
57542,16
57543,16
57544,16
57545,16
57546,16
57547,16
57548,16
38083,16
57099,16
57100,16
57101,16
57102,16
57084,16
56191,16
56192,16
56208,16
56209,16
56210,16
38212,16
56170,16
56171,16
56172,16
56173,16
56174,16
56175,16
56176,16
56190,16
56181,16
56183,16
56187,16
56179,16
56185,16
56186,16
56184,16
56188,16
56189,16
56180,16
56182,16
54191,16
54192,16
54193,16
54194,16
53470,16
53471,16
53472,16
53473,16
53474,16
53475,16
53476,16
53477,16
53478,16
53479,16
53480,16
53481,16
56157,16
56158,16
56159,16
56160,16
53392,16
53393,16
56156,16
56161,16
56162,16
56163,16
56164,16
56165,16
56166,16
56167,16
56168,16
53788,16
53792,16
59153,16
59154,16
59155,16
59156,16
50224,16
50225,16
50226,16
50227,16
50284,16
50285,16
50286,16
50287,16
33815,16
32704,16
32699,16
26382,16
12087,16
11390,16
12086,16
11391,16
29774,16
29090,16
29080,16
29072,16
32664,16
25049,16
7112,16
6805,16
6804,16
7111,16
50577,16
50578,16
29739,16
29740,16
29741,16
29742,16
30112,16
30114,16
30118,16
30119,16
30120,16
30121,16
30122,16
30123,16
30124,16
30125,16
30126,16
31274,16
31277,16
31281,16
31404,16
31410,16
31411,16
31412,16
33527,16
33528,16
33529,16
33530,16
33531,16
33532,16
34282,16
34283,16
34712,16
35458,16
35462,16
35463,16
35464,16
35469,16
35471,16
40053,16
40064,16
53974,16
53975,16
53976,16
53977,16
54239,16
54240,16
52072,16
52844,16
53947,16
53950,16
47571,16
57345,16
47713,16
47714,16
47715,16
47716,16
57603,16
56277,16
56278,16
51597,16
56261,16
55171,16
55172,16
56267,16
56268,16
59433,16
59442,16
59443,16
59444,16
59445,16
55761,16
55762,16
55750,16
56286,16
56287,16
55654,16
55655,16
55614,16
52362,16
52363,16
52996,16
52997,16
52998,16
52999,16
52304,16
52995,16
56262,16
56265,16
56266,16
45123,16
45124,16
56255,16
56256,16
56257,16
56258,16
56259,16
56260,16
56263,16
56279,16
56282,16
56863,16
56864,16
56865,16
56866,16
56867,16
56283,16
56284,16
56293,16
56292,16
31890,16
56253,16
56254,16
32059,16
32994,16
39556,16
56150,16
56151,16
56152,16
56153,16
56154,16
56155,16
34973,16
56221,16
56222,16
56223,16
56224,16
56220,16
40105,16
51614,16
56298,16
50629,16
56300,16
50630,16
56299,16
50697,16
28916,16
28917,16
28918,16
30948,16
28886,16
56225,16
56226,16
56227,16
56228,16
56229,16
30404,16
51004,16
56147,16
33480,16
46318,16
46930,16
50907,16
39446,16
39447,16
58985,16
58394,16
56511,16
29721,16
30216,16
52706,16
52707,16
52708,16
52709,16
52710,16
52711,16
52712,16
52713,16
52760,16
54852,16
54853,16
54854,16
54855,16
54822,16
55200,16
55201,16
55202,16
55029,16
39533,16
52895,16
52896,16
48303,16
48304,16
48305,16
48306,16
48307,16
48308,16
56289,16
56290,16
56291,16
48251,16
48252,16
56288,16
46564,16
46565,16
46566,16
46567,16
46568,16
46569,16
56296,16
56297,16
56294,16
56295,16
56216,16
56217,16
56218,16
56219,16
56215,16
57243,16
57244,16
52432,16
53940,16
56305,16
56306,16
56307,16
56236,16
56231,16
56233,16
56232,16
56234,16
56235,16
56301,16
56302,16
19723,16
34258,16
56131,16
45665,16
34688,16
56148,16
56149,16
29156,16
29157,16
29158,16
56662,16
56663,16
56664,16
54088,16
21388,16
21389,16
21970,16
49854,16
56546,16
40684,16
56264,16
56273,16
56274,16
53073,16
31305,16
29566,16
32548,16
56246,16
56247,16
32219,16
21445,16
37613,16
57312,16
56239,16
56240,16
56241,16
56242,16
56243,16
56244,16
56245,16
55326,17
31798,17
31799,17
31800,17
51320,17
51321,17
48354,17
48355,17
48356,17
48357,17
38857,17
38858,17
38859,17
38860,17
39578,17
39579,17
46636,17
38699,17
57485,17
57486,17
57487,17
57488,17
57505,17
57506,17
57507,17
57508,17
57085,17
57086,17
57079,17
21858,17
22004,17
27800,17
27801,17
27802,17
27803,17
27381,17
54175,17
54176,17
54177,17
54178,17
57338,17
57339,17
57340,17
57341,17
57285,17
57290,17
57291,17
57292,17
53414,17
53415,17
53416,17
53417,17
53418,17
53419,17
53420,17
53421,17
53422,17
53423,17
53424,17
53425,17
53426,17
53427,17
53428,17
53429,17
53384,17
53385,17
34033,17
53772,17
53773,17
53774,17
53775,17
53863,17
21195,17
21198,17
21084,17
21085,17
21594,17
35381,17
28131,17
28132,17
28133,17
28290,17
59121,17
59122,17
59123,17
59124,17
20218,17
50196,17
50197,17
50198,17
50199,17
50200,17
50201,17
50202,17
50203,17
50204,17
50205,17
50229,17
50230,17
26381,17
16696,17
21468,17
16697,17
17439,17
21467,17
17440,17
17441,17
21466,17
17438,17
21469,17
7031,17
7030,17
22710,17
22713,17
11389,17
11388,17
7275,17
9210,17
7595,17
6782,17
7274,17
7278,17
7273,17
7085,17
7084,17
7279,17
7272,17
6784,17
7596,17
9209,17
7078,17
7079,17
18265,17
33811,17
22756,17
23574,17
18264,17
23573,17
23575,17
23576,17
6807,17
7286,17
7287,17
7285,17
7284,17
6806,17
34296,17
34284,17
19818,17
20637,17
19814,17
20636,17
50572,17
51970,17
51971,17
51972,17
34382,17
30113,17
31392,17
31393,17
31394,17
31395,17
31396,17
31397,17
31406,17
33509,17
33510,17
33511,17
33512,17
52835,17
52836,17
47559,17
26676,17
17794,17
47718,17
34383,17
57598,17
34186,17
34187,17
51576,17
55167,17
55179,17
31009,17
31018,17
30790,17
29212,17
29225,17
59380,17
59381,17
59382,17
59383,17
55777,17
55778,17
55746,17
30652,17
55632,17
55633,17
55610,17
52316,17
52317,17
52318,17
52319,17
52338,17
52339,17
53926,17
53927,17
52291,17
53923,17
32383,17
40623,17
40624,17
40625,17
40626,17
18937,17
21529,17
56816,17
56817,17
30861,17
32990,17
21674,17
22674,17
22366,17
22367,17
24433,17
24434,17
24435,17
24436,17
26509,17
26510,17
21800,17
24432,17
35025,17
52808,17
35042,17
47497,17
39221,17
17251,17
24510,17
49039,17
49051,17
50625,17
49052,17
50626,17
50703,17
50705,17
29273,17
29274,17
30944,17
30947,17
29262,17
51000,17
20432,17
20434,17
20797,17
20798,17
20412,17
33475,17
39468,17
50902,17
55917,17
55918,17
48062,17
48063,17
49938,17
50352,17
7363,17
7364,17
56496,17
23134,17
34488,17
34705,17
52690,17
52691,17
52692,17
52693,17
52694,17
52695,17
52696,17
52697,17
52756,17
54832,17
54833,17
54834,17
54835,17
54818,17
55044,17
55045,17
55046,17
55059,17
55060,17
55061,17
55024,17
55215,17
52907,17
52908,17
48267,17
48268,17
48269,17
48247,17
46546,17
46547,17
46548,17
46549,17
46530,17
48615,17
48616,17
48617,17
48618,17
48619,17
48620,17
48599,17
7223,17
57224,17
57333,17
52428,17
52134,17
52135,17
20578,17
7227,17
15391,17
17504,17
13617,17
9286,17
24807,17
25653,17
25654,17
25655,17
25661,17
24806,17
25656,17
15179,17
49848,17
20836,17
47548,17
48432,17
25591,17
31179,17
37513,17
37516,17
37531,17
37532,17
14739,17
14994,17
15183,17
25355,17
34490,17
34491,17
40138,17
40139,17
40140,17
49840,17
49843,17
49844,17
56677,17
56678,17
56679,17
56688,17
54084,17
49849,17
49852,17
56531,17
29582,17
33095,17
39343,17
39345,17
48102,17
51097,17
31911,17
35314,17
53896,17
22639,17
7392,17
7394,17
8541,17
35110,17
10742,17
10743,17
7393,17
31118,18
30565,18
55328,18
31796,18
31797,18
51336,18
51341,18
23831,18
23832,18
23830,18
23841,18
48363,18
48365,18
48366,18
48367,18
19438,18
38867,18
38868,18
38869,18
38870,18
39584,18
39585,18
39586,18
39587,18
46638,18
38702,18
10372,18
10373,18
10374,18
10375,18
57493,18
57494,18
57495,18
57496,18
21861,18
22007,18
45326,18
45327,18
45328,18
27812,18
27813,18
27814,18
27815,18
7323,18
27384,18
22785,18
22784,18
22783,18
54183,18
54184,18
54185,18
54186,18
58225,18
58226,18
17847,18
17206,18
17208,18
17212,18
22787,18
22788,18
53442,18
53443,18
53444,18
53445,18
53446,18
53447,18
53448,18
53449,18
53450,18
53451,18
53452,18
53453,18
53454,18
53455,18
53456,18
53457,18
53388,18
53389,18
53784,18
53785,18
53786,18
53787,18
53868,18
35382,18
28134,18
28143,18
28144,18
28145,18
28146,18
28109,18
59129,18
59130,18
59131,18
59132,18
20568,18
50216,18
50217,18
50218,18
50219,18
50220,18
50221,18
50222,18
50223,18
20523,18
20524,18
20525,18
20526,18
20527,18
20528,18
20529,18
21513,18
29432,18
26570,18
26384,18
17716,18
16701,18
17715,18
17445,18
17991,18
17444,18
17990,18
16700,18
7858,18
7863,18
7862,18
10956,18
10955,18
7859,18
16898,18
16899,18
7065,18
7865,18
7050,18
7868,18
7063,18
7070,18
7053,18
7082,18
7864,18
7088,18
7061,18
7071,18
7062,18
7601,18
7060,18
7867,18
7064,18
7602,18
7068,18
7069,18
7869,18
7083,18
7866,18
23556,18
29772,18
29773,18
29075,18
29077,18
29078,18
29079,18
33813,18
27889,18
25758,18
25759,18
16349,18
16343,18
16348,18
16342,18
16918,18
16919,18
5480,18
5481,18
7096,18
18270,18
18271,18
23555,18
7106,18
7105,18
8039,18
7103,18
7114,18
8040,18
7113,18
7108,18
7387,18
7107,18
7097,18
7305,18
7101,18
7102,18
7104,18
7098,18
29771,18
20641,18
19819,18
20640,18
19762,18
19815,18
19766,18
50575,18
50576,18
50610,18
50611,18
51975,18
22535,18
32236,18
29743,18
29744,18
29745,18
29746,18
29747,18
29748,18
29749,18
29750,18
30115,18
30116,18
30117,18
31283,18
31284,18
31285,18
31286,18
31287,18
31288,18
31415,18
31416,18
31417,18
31418,18
31419,18
31420,18
31421,18
31446,18
31447,18
33525,18
33526,18
39650,18
39652,18
39653,18
39654,18
39655,18
39656,18
39657,18
39658,18
39659,18
39660,18
53968,18
53969,18
53970,18
53971,18
53972,18
53973,18
56423,18
56424,18
50748,18
50749,18
50750,18
52839,18
52840,18
56359,18
56360,18
56361,18
56362,18
12740,18
12257,18
59589,18
11510,18
22571,18
47562,18
52034,18
17889,18
17807,18
26320,18
26321,18
23410,18
26625,18
26631,18
26632,18
13362,18
57588,18
34194,18
34195,18
51579,18
51590,18
55169,18
26748,18
59388,18
59389,18
59390,18
59391,18
55779,18
55780,18
55748,18
30654,18
31201,18
55634,18
55635,18
55612,18
52324,18
52325,18
52326,18
52327,18
53928,18
53929,18
53930,18
53931,18
52293,18
53924,18
26415,18
32391,18
32392,18
40631,18
40632,18
45647,18
45648,18
26430,18
14474,18
36532,18
56821,18
56822,18
30864,18
27152,18
28693,18
28695,18
32993,18
58204,18
58205,18
30040,18
30041,18
26604,18
20295,18
20296,18
20297,18
20298,18
24366,18
24367,18
26511,18
26512,18
20382,18
47904,18
57346,18
57347,18
57348,18
57349,18
14393,18
17254,18
49041,18
48961,18
49056,18
48993,18
49057,18
28912,18
28913,18
28914,18
28915,18
28885,18
36920,18
26457,18
51002,18
20444,18
20446,18
20415,18
33478,18
39470,18
7089,18
50922,18
56100,18
50905,18
51603,18
55921,18
55922,18
58978,18
58979,18
47971,18
47972,18
31144,18
58377,18
32291,18
13301,18
13302,18
56498,18
36349,18
21431,18
52630,18
52631,18
52632,18
52633,18
52634,18
52635,18
52636,18
52637,18
52758,18
54842,18
54843,18
54844,18
54845,18
54846,18
54847,18
54820,18
55053,18
55054,18
55055,18
55203,18
55204,18
55205,18
55027,18
55216,18
39531,18
48273,18
48274,18
48275,18
48249,18
46554,18
46555,18
46556,18
46557,18
46558,18
46559,18
46532,18
48629,18
48630,18
48631,18
48632,18
48601,18
57226,18
59209,18
52430,18
53939,18
52138,18
52139,18
15732,18
6962,18
6961,18
13439,18
19439,18
13002,18
13620,18
9288,18
13818,18
18852,18
38659,18
38660,18
24263,18
12655,18
38658,18
17555,18
56466,18
27441,18
23072,18
23955,18
23963,18
21384,18
45664,18
48435,18
19938,18
38653,18
25991,18
18853,18
18854,18
18855,18
18856,18
18857,18
18858,18
18859,18
18860,18
18861,18
18862,18
29113,18
29114,18
29115,18
29334,18
29335,18
29337,18
29338,18
56630,18
56631,18
56632,18
56633,18
54086,18
21460,18
19933,18
47448,18
28788,18
56533,18
29585,18
32485,18
31304,18
11763,18
31914,18
53897,18
10748,18
10749,18
10750,18
10751,18
35108,18