machine_code,plan_id
30568,
57501,14
57502,14
57503,14
57504,14
57087,21
57088,21
57089,21
57090,21
57080,
30334,
52931,16
52932,16
52933,16
52934,16
53482,21
53483,21
53484,21
53485,21
53486,21
53487,21
53488,21
53489,21
53490,21
53491,21
53492,21
53493,21
53394,
53395,
59133,23
59134,23
59135,23
59136,23
7680,
50228,
50231,
50581,
50582,
50583,
50584,
51976,
51977,
30329,
29918,
29919,
29920,
29921,
29922,
29923,
29924,
29925,
29926,
29927,
29928,
29929,
29930,
29931,
29932,
29933,
29934,
29935,
29936,
29937,
30134,
30135,
31279,
31407,
31434,
31435,
33533,
33534,
39635,
39636,
39637,
39638,
39639,
39640,
57979,
57980,
57981,
57982,
57983,
57984,
54241,
54242,
54468,
54469,
56427,
56428,
52845,
52846,
52847,
52848,
52866,
53054,
53957,
56369,
56370,
56371,
56372,
56373,
56374,
59775,
59776,
59599,
30731,
30733,
47574,
52038,
47723,
47724,
59169,
59170,
59171,
59172,
57590,
34208,
51584,21
55173,
59396,23
59397,23
59398,23
59399,23
55763,5
55764,5
55765,5
55766,5
55751,
55656,22
55657,22
55615,
52341,9
52343,9
53932,9
53933,9
52298,
53925,
40639,9
40640,9
40641,9
40642,9
56826,
56827,
56828,
30867,
28691,
28698,
30340,
30418,
32995,
30336,
30337,
30338,
30339,
30335,
58379,
52714,13
52715,13
52716,13
52717,13
52749,13
52750,13
52761,
54856,9
54857,9
54858,9
54859,9
54823,
55065,21
55066,21
55067,21
55031,
48309,20
48310,20
48311,20
48254,
46606,13
46607,13
46534,
57228,
59211,
52433,
13438,
22675,
34601,
6963,
25659,
30395,
53907,
12189,
10746,
17397,
22850,
22851,
22852,
55343,
31817,
31823,
38909,
38912,
39580,
39581,
46648,
38735,
57477,18
57478,18
57479,18
57480,18
49378,
49379,
54211,16
54212,16
54213,16
54214,16
53578,21
53579,21
53580,21
53581,21
53582,21
53583,21
53915,21
53916,21
53917,21
53918,21
53919,21
53920,21
53408,
53914,
59113,21
59114,21
59115,21
59116,21
49400,
50292,
50293,
50294,
50295,
49324,
49327,
49326,
49328,
10952,
10951,
7846,
7847,
49329,
23559,
23560,
49344,
49343,
49348,
49349,
49347,
49350,
7099,
7100,
50618,
50619,
50620,
39679,
39680,
39681,
40039,
40045,
40047,
40050,
40069,
40071,
49630,
49631,
49632,
49633,
49634,
49635,
49636,
49637,
49638,
49639,
49640,
49641,
49642,
49643,
49644,
49645,
49646,
49647,
49648,
49649,
57988,
57989,
57990,
57991,
57992,
57993,
54361,
54362,
54365,
54366,
56437,
56438,
49650,
49651,
49652,
49653,
49654,
50806,
50807,
52871,
52872,
56407,
56408,
56415,
56416,
56417,
56418,
59602,
49493,
49494,
47598,
47599,
52054,
59207,
59208,
57601,
59438,23
59439,23
55646,10
55647,10
55630,
52396,9
52397,9
52314,
40643,9
40644,9
56859,
56860,
28697,
36581,
49470,
49048,
48988,11
49070,11
48987,11
49071,11
49506,
49507,
49508,
49509,
49510,
49511,
49512,
26458,
37536,
50928,
54067,
50917,
49413,
49341,
46786,
58984,
51879,
49537,
49538,
54026,
58392,
49530,
49531,
50359,
56507,
49459,
49460,
49461,
52752,13
52753,13
52754,13
52755,13
52773,
54888,9
54889,9
54890,9
54891,9
54830,
50386,13
50387,13
50383,
48637,22
48638,22
48639,22
48640,22
48603,22
49317,
57241,
52445,
49319,
52164,
52165,
49320,
49316,
49415,
49416,
49417,
49406,
49732,
49418,
49419,
49424,
49425,
49422,
49423,
49407,
49429,
56473,
49440,
49441,
49405,
49412,
49446,
49404,
49410,
49453,
49454,
49457,
49411,
49430,
49431,
49432,
49433,
49434,
49435,
49436,
49437,
29324,12
29325,12
29326,12
56657,12
56658,12
56659,12
49444,
54099,
49450,
49451,
56542,
29584,
29586,
49532,
51102,
51623,
56002,
49293,
49294,
49295,
49296,
49297,
31818,
31824,
48422,
48425,
38883,
38884,
46430,
46431,
46791,
46429,
57537,14
57538,14
57539,14
57540,14
25816,
25817,
46793,
46792,
45363,2
45379,2
45421,2
47464,
46114,21
46115,21
57281,18
57282,18
57283,18
57284,18
57289,
57302,
57303,
57304,
53590,21
53591,21
53592,21
53593,21
53594,21
53595,21
53596,21
53597,21
53598,21
53599,21
53600,21
53601,21
53602,21
53603,21
53604,21
53605,21
53410,
53411,
39960,
47177,
47179,
59149,23
59150,23
59151,23
59152,23
46858,
50288,
50289,
50290,
50291,
46853,
46855,
46949,
46944,
46942,
46935,
46946,
46940,
46888,
46925,
46932,
46923,
46941,
46920,
46922,
46910,
46903,
46900,
46947,
46924,
46948,
46933,
46928,
46936,
46915,
46934,
46885,
46876,
46913,
46881,
46882,
46917,
46891,
46899,
46897,
46926,
46893,
46914,
46889,
46908,
46916,
46904,
46890,
46905,
46895,
46896,
55807,
50614,
50615,
50616,
50617,
39641,
39642,
39644,
40072,
40073,
46685,
46686,
46687,
46688,
46689,
46690,
46691,
46692,
46693,
46694,
46695,
46696,
46697,
46698,
46699,
46700,
46701,
46702,
46703,
46704,
46705,
46706,
46707,
46708,
46709,
47415,
47416,
47417,
47418,
47419,
47420,
47421,
47422,
47423,
47424,
47425,
47426,
47427,
47428,
47429,
47430,
47431,
47432,
47433,
47434,
47435,
47436,
47437,
47438,
47439,
47440,
47441,
47442,
47443,
47444,
57582,
57583,
57584,
57585,
57586,
57985,
57986,
57987,
54253,
54254,
54255,
54256,
54355,
54356,
56435,
56436,
49683,
49684,
49685,
49686,
49687,
50801,
50802,
50803,
50804,
50805,
52073,
52074,
52075,
52843,
52869,
52870,
53041,
53042,
53055,
53056,
53948,
53949,
53951,
53959,
53961,
53962,
56411,
56412,
56413,
56414,
59600,
59601,
46750,
46751,
46754,
46755,
47258,
47616,
52052,
52053,
35674,
59201,
59202,
59203,
59204,
59205,
59206,
57600,
46771,
46772,
51598,21
55185,
46797,
59434,23
59435,23
59436,23
59437,23
55996,5
55997,5
55995,
46782,
55671,22
55672,22
55629,
52390,9
52391,9
52392,9
52394,9
52395,9
53936,9
52312,
52313,
46780,
49144,9
49145,9
51027,9
46432,9
46433,9
46779,
56852,
56856,
56857,
56858,
46796,
32663,
46839,
46840,
46841,
46842,
46843,
46774,
47198,
47199,
47200,
47202,
47204,
40163,9
46813,
46814,
46815,
46816,
46822,
53877,
58295,
56700,
49756,
51616,
58582,
50647,
55244,
58823,
49050,
49015,11
49074,11
49016,11
49075,11
32659,
32660,
50710,4
46859,
46860,
46861,
46862,
46863,
47229,
46756,
47160,
47159,
47105,
47111,
47112,
47113,
47114,
47115,
47116,
47117,
47118,
47119,
47120,
47156,
51008,
47157,
47195,
55233,
57580,
47558,
47191,
47192,
47193,
47194,
50927,
46898,
54066,
56101,
50916,
50915,
52008,
51609,
39438,
39439,
39442,
39443,
46789,
50717,
47109,
47771,
53014,
53015,
51823,
48029,
48030,
48031,
49216,
46769,
46768,
47218,
47219,
47220,
58390,
58391,
47210,
47211,
47462,
47463,
50358,
56509,
52742,13
52744,13
52746,13
52747,13
52748,13
52751,13
52772,
53006,
54814,22
54815,22
54816,22
54817,22
54799,
55095,21
55096,21
55214,21
55041,
46844,
46602,13
46603,13
46616,13
46617,13
46618,13
46619,13
46620,13
46621,13
46545,
48691,22
48692,22
48693,22
48694,22
48695,22
48696,22
48697,22
48698,22
48614,22
47414,
57239,
57240,
52444,
47172,
47173,
52162,
52163,
47167,
47171,
47170,
47168,
47265,
47166,
46838,
47110,
46757,
49731,
47408,
47406,
47407,
46964,
46962,
46959,
47158,
47106,
46984,
46985,
46983,
46981,
46977,
46978,
46982,
46979,
46980,
47031,
47039,
47038,
47027,
47026,
47028,
47029,
47030,
47042,
47032,
47033,
47034,
47035,
47036,
47043,
47044,
47040,
47046,
47047,
47045,
47048,
47081,
47085,
47087,
47090,
46996,
46999,
47001,
47003,
47004,
47078,
47079,
47080,
47082,
47083,
47084,
47023,
47024,
47067,
47071,
47072,
47073,
47070,
47015,
47008,
47012,
47011,
47059,
47009,
47060,
47014,
47013,
47016,
46956,
46958,
46957,
46987,
46986,
47077,
46994,
46993,
47147,
56475,
47121,
47483,
46968,
48448,
48447,
46971,
46972,
46973,
46974,
46975,
46976,
46969,
46970,
46955,
46965,
46967,
47053,
47054,
47094,
47095,
47098,
47103,
57382,
38321,
38322,
47148,
47149,
47150,
47151,
47152,
47153,
47154,
47155,
47124,
47125,
47126,
47127,
56665,22
56666,22
56667,22
56668,22
56669,22
56670,22
56671,22
56672,22
56673,22
56674,22
56675,22
56676,22
54098,
46953,
16165,
17526,
47451,
47452,
47453,
47454,
48817,
47181,
56544,
47163,
47164,
47230,
55846,
47206,
46760,
56454,
47162,
47180,
47459,
47175,
47244,
47245,
47246,
47247,
47248,
47249,
47250,
47251,
47252,
47253,
48834,
48835,
53906,
56251,
56252,
55334,
37862,
37864,
45608,
51396,9
51397,9
48390,
48391,
48392,
48393,
38279,
38280,
37948,
37949,
37950,
37951,
38873,
38874,
38893,
38894,
38895,
38896,
39598,
39599,
46643,
38731,
57509,14
57510,14
57511,14
57512,14
38055,
38056,
38057,
57091,21
57092,21
57081,
38167,
38191,
38281,
54199,16
54200,16
54201,16
54202,16
57654,18
57655,18
53522,21
53523,21
53524,21
53525,21
53526,21
53527,21
53528,21
53529,21
53530,21
53531,21
53532,21
53533,21
53586,21
53587,21
53588,21
53589,21
53400,
53401,
53800,1
53801,1
53802,1
53803,1
53804,1
53805,1
53806,1
53807,1
35384,21
37579,21
37583,21
37584,21
37595,
59141,23
59142,23
59143,23
59144,23
37633,
50260,
50261,
50262,
50263,
50264,
50265,
37636,
37637,
37638,
37641,
35863,
35372,
35858,
35857,
35864,
35371,
35734,
35425,
35603,
35913,
35884,
35854,
35731,
46878,
46886,
46907,
46883,
46879,
46892,
46901,
46919,
46887,
46880,
46912,
46902,
46937,
46906,
35600,
35601,
35724,
35723,
35737,
46873,
36445,
36017,
36113,
36110,
36112,
36018,
36447,
36176,
36172,
36173,
36174,
46909,
55803,
35989,
37173,
36162,
36376,
37255,
37283,
36101,
36087,
36049,
36317,
36042,
37182,
36321,
37286,
35979,
36434,
37246,
36041,
35993,
36392,
36330,
37480,
37271,
36099,
36100,
36056,
50591,
50592,
50593,
50612,
35358,
35359,
35427,
35428,
35429,
35430,
35431,
35432,
35433,
35434,
35435,
35436,
35437,
35438,
35439,
35440,
35441,
35442,
35444,
35445,
35446,
35447,
35449,
35450,
35451,
35452,
35453,
35454,
35455,
35456,
35511,
35512,
35513,
35514,
35515,
35516,
35517,
35518,
35519,
35520,
35521,
35522,
35523,
35524,
35525,
35526,
35528,
35529,
35530,
35531,
35533,
35534,
35535,
35536,
35537,
35538,
35539,
35540,
35541,
35542,
35543,
35544,
35545,
35546,
35547,
35548,
35549,
35550,
35551,
35552,
35553,
35554,
35555,
35556,
35557,
35558,
39643,
39648,
39668,
56429,
56430,
50790,
50791,
50792,
50793,
52853,
52854,
53043,
53044,
56379,
56380,
56381,
56382,
35680,
35681,
59592,
35865,
35867,
35869,
35870,
35872,
47577,
47579,
47581,
52040,
35906,
35938,
35939,
35998,
35999,
36000,
36001,
49500,
47721,
47722,
47729,
47730,
47731,
47732,
49501,
36024,
35673,
57592,
36401,
36402,
51582,21
51587,21
55176,
36528,
36454,
36461,
36482,
59408,23
59409,23
59410,23
59411,23
59430,23
59431,23
55767,5
55768,5
55752,
35181,
35182,
35183,
35184,
55660,22
55661,22
55662,22
55618,
55619,
52352,9
52353,9
52354,9
52355,9
52356,9
52357,9
52301,
52302,
36512,15
36513,15
40655,9
40656,9
40657,9
40658,9
36536,
36537,
56834,
56835,
56836,
30346,
36553,
36593,
36594,
36595,
36596,
36597,
36599,
51627,
34931,
34932,
34923,
34924,
39555,
34990,
34991,
34994,
34995,
34996,
34997,
34987,
40106,
47905,
49114,
53910,
57354,
57355,
57356,
57357,
35094,
35099,
49044,
48975,11
49062,11
48977,11
49063,11
50701,4
50702,4
36259,
36260,
36261,
36262,
36253,
36947,
36381,
37424,
37427,
48805,
36150,
36151,
36149,
33477,
55294,
37449,
57576,
47556,
47187,
47188,
46321,
54062,
50911,
50914,
54045,
35648,
52003,
51604,
39454,
39455,
49085,
55955,
55956,
58982,
34855,
34858,
53010,
51819,
48013,
48014,
48015,
58382,
34909,
34910,
47461,
36329,
56502,
36341,
36342,
36343,
36344,
36345,
36347,
52718,13
52719,13
52720,13
52721,13
52722,13
52723,13
52724,13
52725,13
52764,
54800,22
54801,22
54802,22
54803,22
54804,22
54805,22
54878,9
54879,9
54797,
55074,21
55075,21
55076,21
55209,21
55210,21
55211,21
55034,
55218,
39536,
52903,16
52904,16
48312,20
48313,20
48314,20
48257,
46580,13
46581,13
46582,13
46583,13
46537,
48649,22
48650,22
48651,22
48652,22
48653,22
48654,22
48606,22
36052,
57231,
57336,
52436,
53941,
36140,
36144,
36143,
36141,
36137,
36138,
36142,
36145,
36146,
36147,
36084,
52148,
52149,
36074,
36853,
37511,
36739,
36740,
37344,
37345,
36788,
36789,
37542,
37543,
38657,
36826,
36827,
36824,
36825,
36829,
36770,
37169,
36858,
36859,
36860,
36771,
37355,
37554,
37555,
37556,
37557,
37176,
37179,
37170,
37171,
37476,
36621,
36622,
37330,
37313,
37315,
37262,
37263,
37467,
38639,
38638,
35002,
47062,
47069,
36277,
36275,
36718,
56469,
36746,
36752,
36757,
36833,
45671,
48438,
36783,
36821,
37208,
36652,
36640,
36641,
37224,
37226,
37227,
37217,
37219,
37225,
37195,
37196,
37466,
36772,
47049,
47051,
37281,
37307,
36781,
36666,
36776,
36780,
36782,
36800,
36801,
36862,
36863,
36864,
36779,
36861,
36865,
38480,
37499,
37502,
37503,
37504,
37505,
37506,
37507,
37508,
37509,
37510,
35911,
37530,
36729,
36730,
36731,
58068,
58069,
58070,
58071,
58072,
36674,
36675,
36676,
36677,
36678,
36679,
36713,
36714,
36715,
36716,
29327,22
36709,22
36710,22
36711,22
36712,22
56641,22
56642,22
56643,22
56644,22
56660,22
56661,22
56687,22
36753,
36754,
36417,
36013,
36015,
36175,
36111,
54091,
36367,
37183,
36300,
35949,
35738,
35739,
35735,
35721,
35934,
35339,
35877,
35951,
37238,
47449,
47450,
37239,
35295,
35732,
35733,
56537,
35205,
35209,
35104,
47458,
37926,
21444,
35156,
35157,
35158,
35159,
35224,
53902,
35167,
35169,
35170,
35171,
35172,
37792,
37793,
38918,
38919,
45603,
48382,
48383,
48384,
48385,
38287,
38288,
38084,
38085,
37957,
37958,
38885,
38886,
38887,
38888,
46641,
38729,
57453,18
57454,18
57455,18
57456,18
57457,18
57458,18
57459,18
57460,18
25815,
25818,
38121,
38182,
38130,
45386,2
45387,2
45388,2
45389,2
45391,2
38209,
38210,
38211,
30912,
37666,
37668,
38188,
52935,16
52936,16
52937,16
52938,16
37797,
37798,
37799,
37800,
53494,21
53495,21
53496,21
53497,21
53498,21
53499,21
53500,21
53501,21
53502,21
53503,21
53504,21
53505,21
53506,21
53507,21
53508,21
53509,21
53396,
53397,
53826,3
53827,3
53828,3
53829,3
21210,
37569,21
37570,21
37571,21
37572,21
59089,21
59090,21
59091,21
59092,21
37421,
50246,
50247,
50248,
50249,
50250,
50251,
50252,
50253,
20512,
20513,
20514,
20515,
37626,
37627,
37628,
37959,
35416,
35966,
35725,
35824,
37971,
37965,
35841,
37966,
35907,
35388,
35362,
37964,
37954,
35878,
35726,
38632,
38633,
22743,
22806,
55801,
36086,
37268,
37180,
36431,
36430,
36324,
37181,
36418,
37270,
36366,
36296,
36315,
37477,
36307,
37252,
50588,
50589,
35604,
35605,
35606,
35607,
35608,
35609,
35610,
35611,
35612,
35613,
50960,
50961,
50962,
50963,
50964,
50965,
50966,
50967,
50968,
50969,
50970,
50971,
50972,
50973,
50974,
50975,
50976,
50977,
50978,
50979,
54470,
54471,
52849,
52850,
56375,
56376,
56377,
56378,
35844,
39938,
52039,
39950,
35915,
35916,
39723,
39725,
32881,
32882,
35973,
39726,
47725,
47726,
36019,
36023,
57591,
36393,
36394,
36395,
36396,
51585,21
55174,
55186,
36457,
36465,
36477,
36496,
59400,23
59401,23
59402,23
59403,23
56702,6
56703,6
56704,6
56705,6
56701,
35173,
35174,
35175,
35176,
55636,10
55637,10
55616,
52344,9
52345,9
52346,9
52347,9
52991,9
52992,9
52993,9
52994,9
52299,
52990,
36510,15
36511,15
40651,9
40652,9
45652,9
45653,9
51026,9
56829,
56830,
56831,
36561,
36580,
35287,
35288,
36582,
36600,
39557,
34965,
46845,
46817,
46818,
46819,
46820,
46821,
57557,
52809,
58579,
50644,
55242,
51021,
49003,11
49968,11
49005,11
49969,11
50699,4
50700,4
36257,
36258,
36252,
51016,
51017,
36948,
35830,
51005,
48807,
46320,
56036,
50908,
50909,
39444,
39445,
37461,
37463,
37464,
50715,
58981,
48075,
48076,
54024,
58380,
49945,
50354,
56500,
33785,
36338,
36339,
39727,
52644,9
52645,9
52646,9
52647,9
52648,9
52649,9
52650,9
52651,9
52762,
54860,9
54861,9
54862,9
54863,9
54824,
55068,21
55069,21
55070,21
55206,21
55207,21
55208,21
55032,
55217,
52899,16
52900,16
48279,17
48280,17
48281,17
49746,20
49747,20
49748,20
48255,
49745,
46572,13
46573,13
46574,13
46575,13
51022,13
51023,13
51024,13
51025,13
46535,
48641,22
48642,22
48643,22
48644,22
48604,22
36051,
57229,
57335,
52434,
36213,
36210,
36212,
36211,
40001,
52144,
52145,
37192,
39858,
35965,
36287,
36620,
37329,
37312,
37261,
37471,
47037,
47041,
46995,
47005,
47066,
47068,
36671,
49817,
56468,
37391,
45669,
39916,
39928,
39917,
36648,
36649,
47097,
36664,
36665,
37178,
57379,
37515,
37522,
30540,
37528,
36690,
36693,
36695,
37386,
37387,
49818,
49819,
49820,
49821,
49823,9
49824,9
49825,9
49826,9
56680,9
56681,9
56682,9
56683,9
54089,
54096,
49850,
49853,
56535,
35203,
39365,
48103,
51099,
47176,
35116,
35117,
35118,
35160,
35161,
48404,
48406,
38907,
38908,
39596,
39597,
46647,
39577,
57525,14
57526,14
57527,14
57528,14
57529,14
57530,14
57531,14
57532,14
38136,
57273,18
57274,18
57275,18
57276,18
57288,
57299,
57300,
57301,
53562,21
53563,21
53564,21
53565,21
53566,21
53567,21
53568,21
53569,21
53570,21
53571,21
53572,21
53573,21
53406,
53407,
59101,21
59102,21
59103,21
59104,21
38335,
38329,
38333,
38330,
38331,
38332,
38334,
38336,
35876,
35957,
35894,
35883,
35678,
35828,
35423,
35394,
38325,
38328,
38326,
38327,
38323,
38324,
55805,
36097,
37259,
36373,
36436,
37285,
35996,
50604,
50605,
50606,
50607,
35367,
35368,
35396,
35397,
35398,
35399,
35400,
35401,
35402,
35403,
35404,
35405,
35406,
35407,
35408,
35409,
35410,
35411,
35412,
35413,
31438,
31439,
31440,
31441,
31442,
31443,
31444,
31445,
35594,
35595,
35596,
35597,
35598,
35599,
36115,
36116,
36117,
36129,
36130,
36132,
36178,
36179,
36875,
39645,
39646,
47546,
47547,
54249,
54250,
54251,
54252,
54478,
54479,
50779,
50780,
50781,
50782,
52066,
52067,
52861,
52862,
53049,
53050,
53955,
53956,
56393,
56394,
56395,
56396,
56397,
56398,
56399,
56400,
56409,
56410,
35696,
35697,
35699,
35700,
35701,
35702,
35703,
35704,
35705,
35706,
35707,
35708,
35709,
35710,
35711,
35712,
35713,
35714,
35715,
35716,
35717,
35718,
35814,
35815,
35816,
59597,
35873,
47596,
52046,
52047,
35664,
47727,
47728,
35675,
59193,
59194,
59195,
59196,
59197,
59198,
57596,
36411,
36414,
51592,21
55181,
36456,
36463,
36491,
39259,
59422,23
59423,23
59424,23
59425,23
55773,5
55774,5
55775,5
55776,5
55755,
35195,
35198,
55668,22
55669,22
55670,22
55624,
55625,
52374,9
52375,9
52376,9
52377,9
52308,
36525,15
40671,9
40672,9
40673,9
40674,9
36538,
56846,
56847,
56848,
27424,
36558,
36601,
36603,
36604,
36605,
34967,
58294,
56699,
52810,
51615,
58581,
50646,
55243,
53909,
58822,
51630,
51631,
51629,
37426,
37538,
37451,
50926,
45676,
48443,
55959,
55960,
58983,
51821,
48022,
48023,
48024,
58385,
49946,
36360,
36361,
36362,
52668,9
52669,9
52670,9
52671,9
52672,9
52673,9
52768,
55086,21
55087,21
55088,21
55097,21
55212,21
55213,21
55038,
55219,
39540,
48318,20
48319,20
48320,20
48261,
46596,13
46597,13
46598,13
46599,13
46541,
48671,22
48672,22
48673,22
48674,22
48610,22
57235,
59213,
52440,
34702,
38397,
38398,
52154,
52155,
36098,
36856,
37548,
37552,
37339,
37327,
36630,
36749,
36836,
36847,
36803,
36851,
37251,
37293,
57380,
37512,
37534,
54094,
35207,
39381,
33419,
33753,
35142,
35143,
35144,
35145,
35146,
35147,
35148,
35223,
53899,
37788,
37790,
31810,
38916,
37795,
38285,
48388,
48389,
37946,
38889,
38890,
38891,
38892,
39776,
39777,
46642,
38730,
38036,
38037,
38038,
38039,
57461,18
57462,18
57463,18
57464,18
38164,
38132,
38120,
38286,
38290,
37671,
38137,
38139,
54195,16
54196,16
54197,16
54198,16
57653,18
58227,18
53510,21
53511,21
53512,21
53513,21
53514,21
53515,21
53516,21
53517,21
53518,21
53519,21
53520,21
53521,21
53398,
53399,
53832,3
53833,3
53871,
54484,
54485,
21595,
35385,21
37576,21
37577,21
37580,21
59137,23
59138,23
59139,23
59140,23
37649,
50258,
50259,
37650,
37651,
37652,
37653,
37654,
37655,
35829,
35910,
35642,
35602,
35424,
35879,
35727,
35853,
35389,
35666,
35967,
55802,
37240,
37710,
37711,
36316,
37253,
37701,
37280,
37254,
36055,
36375,
37282,
36433,
36064,
37475,
37211,
50590,
51978,
51979,
51980,
35349,
32237,
30127,
31436,
31437,
36152,
36153,
36154,
36155,
36156,
36157,
36158,
36159,
36160,
36180,
54472,
54473,
52851,
52852,
53952,
47576,
47717,
36398,
51583,21
51586,21
55175,
36453,
36460,
36480,
36497,
59404,23
59405,23
59406,23
59407,23
56707,6
56708,6
56706,
35180,
55658,22
55659,22
55617,
52348,9
52349,9
52350,9
52351,9
52300,
40653,9
40654,9
45726,9
45727,9
36540,
36541,
56832,
56833,
16860,
28696,
36606,
36607,
49043,
48983,11
49060,11
48985,11
49061,11
37483,
35833,
51006,
50924,
47482,
45670,
56035,
48437,
50910,
39456,
39457,
48011,
48012,
58381,
36328,
56501,
35948,
36340,
52652,9
52653,9
52654,9
52655,9
52656,9
52657,9
52763,
54864,9
54865,9
54866,9
54867,9
54825,
55071,21
55072,21
55073,21
55033,
52901,16
52902,16
48282,17
48283,17
48284,17
48256,
46576,13
46577,13
46578,13
46579,13
48121,13
48122,13
46536,
48645,22
48646,22
48647,22
48648,22
49108,22
49109,22
48605,22
34830,
57230,
59212,
52435,
36168,
36170,
37354,
36171,
36050,
36078,
36177,
52146,
52147,
36073,
36305,
36306,
36311,
36312,
36313,
37379,
37380,
37383,
36290,
36291,
36289,
37384,
36294,
36295,
37389,
37388,
56130,
23071,
36298,
36299,
36293,
36286,
37385,
36281,
36282,
37381,
37382,
36314,
37523,
37524,
37529,
38313,
38314,
38315,
38316,
38317,
38318,
38319,
38320,
38304,
38305,
38306,
38307,
38308,
38309,
49836,12
49837,12
49838,12
50831,12
56638,12
56639,12
56640,12
56656,12
54090,
35992,
37484,
36432,
37188,
37189,
56536,
35204,
39366,
48104,
51100,
21446,
53903,
8549,
35113,
35166,
35164,
35165,
37873,
37874,
45614,
51312,
49663,
49666,
48405,
48407,
38905,
38906,
46646,
38734,
57465,18
57466,18
57467,18
57468,18
25831,
25832,
38172,
38135,
39195,8
39196,8
39197,8
39198,8
37689,
37699,
57277,18
57278,18
57279,18
57280,18
53606,21
53607,21
53608,21
53609,21
54220,21
54221,21
54222,21
54223,21
54219,
53836,3
53837,3
53869,
59097,21
59098,21
59099,21
59100,21
37400,
50232,
50233,
50234,
50235,
20193,
20194,
20197,
20199,
35670,
35282,
35354,
35506,
35660,
35672,
35905,
35671,
35509,
35729,
35898,
35365,
35392,
35508,
35507,
35669,
35730,
35510,
35827,
35956,
35904,
35661,
35393,
35940,
35818,
35836,
35819,
35653,
55804,
36061,
37215,
36301,
35983,
37249,
36096,
37258,
35994,
37278,
36094,
36335,
36380,
37296,
36369,
37479,
37203,
35982,
36067,
37300,
35995,
36297,
36372,
36082,
36319,
37242,
36384,
37257,
50600,
50601,
50602,
50603,
51983,
51984,
35360,
35560,
35561,
35563,
35565,
35566,
35567,
35568,
35569,
35570,
35571,
35572,
35573,
35574,
35575,
35576,
35577,
35578,
35579,
35580,
35581,
35582,
35583,
35584,
35585,
35586,
35587,
35588,
35589,
35590,
35591,
35592,
35593,
35614,
35615,
35616,
35617,
35618,
35619,
35620,
35621,
35622,
35623,
35624,
35625,
35626,
35627,
35628,
35629,
35630,
35631,
35632,
35633,
35634,
35635,
35636,
35637,
35638,
35639,
35640,
35641,
38348,
38349,
38350,
38351,
38352,
38353,
38354,
38355,
38356,
38357,
38358,
38359,
38360,
38361,
38362,
38363,
38364,
38365,
38366,
38367,
38368,
38369,
38370,
38371,
47536,
47537,
47538,
47539,
47540,
47541,
47542,
47543,
47544,
47545,
54247,
54248,
54476,
54477,
56431,
56432,
56433,
56434,
50769,
50770,
50771,
50772,
50773,
50774,
50775,
50776,
50777,
50778,
52070,
52071,
52859,
52860,
53047,
53048,
56387,
56388,
56389,
56390,
56391,
56392,
35646,
35688,
35689,
59595,
59596,
35889,
35891,
47590,
47591,
47592,
47593,
47594,
52044,
52045,
57344,
36021,
36029,
59183,
59184,
59185,
59186,
59187,
59188,
59189,
59190,
59191,
59192,
57595,
58986,
36409,
36410,
51591,21
55180,
36488,
59418,23
59419,23
59420,23
59421,23
35194,
55638,10
55639,10
55623,
52340,9
52342,9
52370,9
52371,9
52372,9
52373,9
52307,
36455,
40667,9
40668,9
36462,
36542,
36543,
56844,
56845,
30865,
36608,
36609,
36611,
36612,
36613,
36614,
39558,
34966,
34975,
34981,
40162,9
55822,
35013,
45451,
52807,
49752,
57358,
57359,
57360,
57361,
49046,
48962,11
49066,11
48994,11
49067,11
36246,
36248,
50706,4
36271,
36272,
36273,
36274,
36256,
36951,
37425,
37438,
37439,
37440,
37441,
37442,
37443,
37444,
37445,
37446,
37447,
37448,
36633,
55234,
55235,
36751,
57578,
48806,
49094,
33202,
33203,
47185,
47186,
46323,
50925,
54046,
54047,
54048,
54064,
48442,
50913,
54043,
54044,
35650,
52005,
37454,
51606,
39448,
39449,
39452,
39453,
37455,
38338,
50716,
34857,
34860,
48019,
48020,
48021,
58384,
34913,
50356,
56505,
36346,
36355,
36356,
36357,
36358,
36359,
36184,
52664,9
52665,9
52666,9
52667,9
52767,
54872,9
54873,9
54874,9
54875,9
54876,9
54877,9
54827,
55062,21
55063,21
55064,21
55193,21
55194,21
55195,21
55030,
55192,
39539,
47257,
48288,17
48289,17
48290,17
48260,
46592,13
46593,13
46594,13
46595,13
46540,
48667,22
48668,22
48669,22
48670,22
48609,22
27281,
36054,
36063,
57234,
52439,
36181,
38662,
38663,
36182,
36183,
35065,
35067,
52152,
52153,
36077,
36855,
37482,
36741,
36742,
36743,
36796,
36795,
37348,
37349,
37350,
37351,
37287,
37289,
36790,
36791,
36792,
36793,
36794,
36857,
49730,
37545,
37546,
37551,
37997,
36831,
36769,
37560,
37559,
37186,
37187,
37357,
37356,
36636,
37331,
37332,
37335,
37336,
37337,
37316,
37319,
37320,
37321,
37322,
37323,
37324,
37325,
37264,
37470,
36627,
36628,
36629,
35004,
36656,
36673,
38016,
56472,
36748,
36835,
45674,
45675,
48441,
37210,
36653,
37222,
37231,
37233,
36654,
37201,
37207,
37276,
36774,
37561,
37352,
37175,
36876,
36877,
36879,
37465,
37311,
36639,
37519,
37520,
37521,
37533,
36698,
36699,
36700,
36701,
36702,
36703,
36704,
36705,
38003,
38004,
38005,
38006,
38007,
38008,
38012,12
38013,12
38014,12
38015,12
56649,12
56650,12
56651,12
35283,
35353,
35422,
35421,
54093,
36302,
36304,
38017,
38018,
56540,
40682,
56128,
53074,
35211,
53065,
56126,
53070,
53071,
35220,
35106,
51621,
35222,
35131,
35132,
35133,
35134,
35135,
35136,
35137,
35138,
35139,
35140,
35141,
35214,
35219,
35221,
55903,
36185,
53911,
35112,
31809,
37844,
37845,
38917,
49661,
49662,
48394,
48396,
38897,
38898,
46644,
38732,
57513,14
57514,14
57515,14
57516,14
38082,
38168,
38133,
52939,16
52940,16
52941,16
52942,16
57286,
57293,
57294,
57295,
53534,21
53535,21
53536,21
53537,21
53538,21
53539,21
53540,21
53541,21
53542,21
53543,21
53544,21
53545,21
53402,
53403,
28149,8
28150,8
37587,21
37588,21
59093,21
59094,21
59095,21
59096,21
37410,
37614,
50266,
50267,
50268,
50269,
55300,
55297,
55298,
55299,
35505,
35914,
35281,
35659,
35419,
35504,
35655,
35840,
35363,
35968,
35954,
35955,
35364,
35676,
35887,
35903,
35728,
35668,
35390,
16897,
16896,
16895,
10593,
10590,
12089,
12088,
10594,
10589,
10591,
10592,
16894,
9213,
9214,
9215,
9216,
7850,
7851,
32703,
55301,
55302,
55806,
36164,
37168,
36163,
37167,
37241,
35981,
36057,
36093,
37295,
36388,
37247,
36379,
37708,
36066,
36046,
36308,
36423,
36425,
36089,
36370,
36322,
36333,
36092,
37272,
36045,
36047,
36081,
36387,
36378,
35997,
36059,
36103,
37478,
37191,
37485,
36419,
37212,
37299,
36318,
36058,
6813,
6812,
50594,
50595,
50596,
50597,
51981,
51982,
37608,
37610,
40042,
40044,
40048,
40049,
40051,
40052,
40057,
40060,
40061,
40063,
40065,
40067,
40074,
40075,
40077,
40078,
40079,
40080,
40081,
40082,
40083,
40084,
46675,
46676,
46677,
46678,
46679,
46680,
46681,
46682,
46683,
46684,
54243,
54244,
54245,
54246,
50757,
50758,
50759,
50760,
50761,
50762,
50763,
50764,
50765,
50766,
52068,
52069,
52855,
52856,
53045,
53046,
56383,
56384,
56385,
56386,
59777,
59778,
35695,
35698,
35745,
35746,
35747,
35751,
35754,
35755,
35756,
35757,
35758,
35759,
35760,
35761,
35762,
35763,
35764,
35765,
35766,
35767,
35768,
35770,
35772,
35775,
35776,
35777,
35778,
35779,
35781,
35782,
35783,
35784,
35785,
35787,
35789,
35790,
35791,
35792,
35793,
35794,
35795,
35796,
35797,
35798,
35800,
35801,
35803,
35805,
35806,
35807,
35808,
35810,
35811,
59593,
59594,
47583,
47584,
47585,
47586,
47587,
52041,
52042,
57343,
38092,
54588,
54589,
54590,
54591,
54592,
54593,
59173,
59174,
59175,
59176,
59177,
59178,
59179,
59180,
59181,
59182,
57593,
36403,
36404,
51588,21
55177,
36484,
59412,23
59413,23
55783,6
55784,6
55753,
55663,22
55664,22
55620,
52358,9
52359,9
52360,9
52361,9
52303,
36451,
40659,9
40660,9
40661,9
40662,9
36464,
36544,
38412,
56837,
56838,
35289,
36616,
36617,
36618,
34979,
40161,9
34998,
34999,
35000,
35001,
34989,
49754,
55241,
57362,
57363,
35068,
49045,
48984,11
49064,11
48986,11
49065,11
50704,4
36263,
36264,
36265,
36266,
36254,
36949,
36383,
30402,
37428,
37429,
37430,
37431,
37432,
37433,
37434,
37435,
37436,
37437,
29605,
37537,
20445,
23345,
36205,
36206,
36204,
36631,
55231,
55232,
37450,
57577,
47557,
47183,
47184,
35658,
46322,
54063,
50912,
52004,
51605,
39450,
39451,
37985,
37990,
37991,
37992,
37993,
37994,
37995,
37996,
46788,
49086,
55957,
55958,
34856,
34859,
51820,
48016,
48017,
48018,
58383,
34911,
34912,
51815,
45196,
56503,
36350,
36351,
36352,
36353,
36354,
52658,9
52659,9
52660,9
52661,9
52662,9
52663,9
52765,
54868,9
54869,9
54870,9
54871,9
54826,
55077,21
55078,21
55079,21
55035,
39537,
47256,
48285,17
48286,17
48287,17
48258,
46584,13
46585,13
46586,13
46587,13
46538,
48655,22
48656,22
48657,22
48658,22
48607,22
55151,
36062,
57232,
52437,
36196,
36199,
38096,
38097,
36200,
36198,
36201,
36197,
36191,
36192,
36194,
36193,
36190,
36203,
52150,
52151,
36854,
37481,
49729,
37544,
36624,
36625,
36626,
36635,
37333,
37334,
37318,
37265,
37266,
37472,
37473,
35003,
47021,
47022,
47061,
47063,
47064,
36672,
56470,
45667,
45672,
45673,
48439,
48440,
48445,
36784,
36785,
36786,
36822,
37303,
36818,
36799,
36849,
37209,
37216,
36644,
36645,
37228,
37198,
37199,
37204,
37205,
37250,
36871,
36872,
36873,
37309,
36680,
36683,
36684,
36687,
36688,
36689,
38644,22
38645,22
38646,22
38647,22
48809,22
56645,22
56646,22
56647,22
56648,22
56652,22
35391,
35933,
35420,
35969,
54092,
35742,
45197,
45198,
45199,
35743,
56538,
37923,
35210,
55847,
39164,
53064,
56125,
53068,
53069,
48138,
35105,
45200,
57368,
35120,
35121,
35122,
35123,
35124,
35125,
35127,
35128,
35129,
55791,
54299,
48368,
48371,
38871,
38872,
46639,
38703,
57497,14
57498,14
57499,14
57500,14
27804,
27805,
27806,
27807,
39183,21
39184,21
54187,16
54188,16
54189,16
54190,16
53458,21
53459,21
53460,21
53461,21
53462,21
53463,21
53464,21
53465,21
53466,21
53467,21
53468,21
53469,21
53390,
53391,
47178,
59083,21
59084,21
59085,21
59086,21
59087,21
59088,21
50236,
50237,
50242,
50243,
50244,
50245,
33814,
32834,
32833,
38634,
33769,
33768,
33844,
33766,
33767,
33847,
33848,
33771,
33846,
33845,
33849,
33770,
33773,
33774,
33765,
46945,
46921,
46931,
46884,
46911,
46943,
46939,
46929,
46950,
32835,
46938,
46927,
46918,
46894,
33779,
33840,
33781,
33783,
33775,
50579,
50585,
50586,
50587,
32238,
33047,
33048,
33049,
33050,
33051,
33052,
33053,
33054,
33055,
33056,
33057,
33058,
33059,
33060,
33061,
33062,
33063,
33064,
33065,
33066,
33067,
33068,
33069,
33070,
33071,
33072,
33073,
33074,
33075,
33076,
33077,
33078,
33079,
33080,
33081,
33082,
33083,
33084,
33085,
33086,
33087,
33088,
33089,
33090,
33091,
33092,
33093,
33094,
34108,
34109,
34110,
34111,
34112,
34113,
34266,
34267,
34268,
34269,
34270,
34271,
34708,
34709,
34710,
34711,
39678,
39682,
39683,
39684,
54353,
54354,
56425,
56426,
50751,
50752,
50753,
50754,
50755,
50756,
52841,
52842,
53039,
53040,
53945,
53946,
53958,
56363,
56364,
56365,
56366,
56367,
56368,
56405,
56406,
59773,
59774,
59590,
59591,
32874,
32875,
32876,
32877,
32873,
47563,
47564,
47565,
47566,
52035,
23971,
59159,
59160,
59161,
59162,
59163,
59164,
59165,
59166,
59167,
59168,
57589,
34198,
34199,
51581,21
55170,
32517,
59392,23
59393,23
59394,23
59395,23
55781,6
55782,6
55749,
55652,22
55653,22
55613,
52328,9
52329,9
52330,9
52331,9
52332,9
52333,9
52294,
52295,
27670,
40633,9
40634,9
45218,9
45649,9
45650,9
45651,9
27671,
33121,
33758,
56823,
56824,
56825,
27423,
31889,
32958,
32750,
32751,
32752,
32753,
32776,
34980,
55823,
58296,
47957,
52806,
49753,
58578,
53908,
57350,
57351,
57352,
57353,
49042,
49033,11
49058,11
49034,11
49059,11
32661,
32662,
32796,
32797,
50695,4
28919,
30949,
30930,
51018,
51019,
36921,
32791,
32792,
32943,
45865,
51003,
33750,
33751,
33748,
33479,
57579,
33772,
50923,
56034,
50906,
52002,
51608,
39440,
39441,
33412,
32984,
55923,
55924,
58980,
32969,
32968,
53009,
47973,
47974,
31142,
34162,
58378,
32975,
50353,
50357,
56499,
32953,
32954,
32590,
33786,
33787,
52638,9
52639,9
52640,9
52641,9
52642,9
52643,9
52743,13
52745,13
52759,
54848,9
54849,9
54850,9
54851,9
54821,
55056,21
55057,21
55058,21
55028,
39532,
47255,
52893,16
52894,16
55130,16
55131,16
48276,17
48277,17
48278,17
48250,
46560,13
46561,13
46562,13
46563,13
48760,13
48761,13
46533,
48633,22
48634,22
48635,22
48636,22
49106,22
49107,22
48602,22
55150,
32781,
57227,
59210,
52431,
34369,
34590,
34707,
52140,
52141,
33125,
33250,
13618,
34165,
33312,
32929,
33876,
33877,
33882,
33878,
33879,
33880,
34701,
38637,
47089,
47007,
56467,
35975,
32920,
32922,
32928,
32947,
32925,
48436,
34398,
34399,
27703,
27702,
46989,
47100,
47101,
34547,
29609,
48810,12
48812,12
48814,12
56634,12
56635,12
56636,12
56637,12
54087,
32952,
38601,
48816,
28787,
48815,
56534,
33096,
33286,
33996,
55844,
53063,
56124,
53066,
53067,
48129,
32789,
51015,
51098,
51622,
32959,
33745,
33746,
33747,
32787,
34292,
34294,
32790,
32967,
33282,
55902,
53901,
56249,
32965,
48417,
48418,
48426,
48427,
38881,
38882,
39590,
39591,
46649,
38736,
57469,18
57470,18
57471,18
57472,18
54207,16
54208,16
54209,16
54210,16
53584,21
53585,21
54225,21
54226,21
54227,21
54228,21
54300,21
54301,21
54302,21
54303,21
53409,
54224,
53870,
38448,8
38446,
59105,21
59106,21
59107,21
59108,21
38440,
50276,
50277,
50278,
50279,
38593,
38466,
38452,
38467,
38463,
38464,
38462,
38465,
35826,
38461,
38451,
22716,
38469,
38473,
38470,
38474,
38472,
38477,
50580,
50608,
50609,
51985,
32235,
38553,
38554,
38555,
38556,
38557,
38558,
38559,
38560,
38561,
38562,
38563,
38564,
38565,
38566,
38567,
38568,
38569,
38570,
38571,
38572,
38573,
38574,
38575,
38576,
38577,
38578,
38579,
38580,
38581,
38582,
38583,
38584,
38585,
38586,
38587,
38588,
38589,
38590,
38591,
38592,
39673,
39675,
39676,
39677,
40097,
40098,
40099,
40100,
40101,
40102,
54359,
54360,
54466,
54467,
50783,
50784,
50785,
50786,
50787,
50788,
50789,
52863,
52864,
52865,
53051,
53052,
53053,
56401,
56402,
56403,
56404,
59598,
38424,
38426,
47604,
47605,
52037,
52048,
21522,
59199,
59200,
57597,
38409,
51593,21
55182,
38411,
59426,23
59427,23
59428,23
59429,23
55785,6
55786,6
55756,
55640,10
55641,10
55626,
52378,9
52379,9
52380,9
52381,9
52309,
40645,9
40646,9
40669,9
40670,9
45725,9
56849,
56850,
38408,
38530,
38552,
50643,
48952,
49047,
48991,11
49068,11
48992,11
49069,11
50698,4
38415,
38416,
38417,
38418,
38419,
38478,
45132,
8235,
8706,
22731,
13403,
46319,
54065,
54042,
51607,
46787,
48077,
48078,
54025,
58386,
38595,
56506,
36348,
38404,
38403,
52674,9
52675,9
52676,9
52677,9
52678,9
52679,9
52769,
55089,21
55090,21
55091,21
55039,
46570,13
46571,13
48762,13
48763,13
47354,
48675,22
48676,22
48677,22
48678,22
48611,22
38541,
57236,
52441,
52156,
52157,
38479,
38506,
38505,
38502,
38503,
38507,
50821,
45666,
48444,
57381,
32945,
32949,
38509,
38510,
38508,
50822,12
50827,12
50830,12
56653,12
56654,12
56655,12
54095,
50833,
50832,
56541,
40683,
38594,
51101,
11764,
38542,
38547,
38543,
38544,
38545,
38546,
38600,
53900,
49366,
55341,
37962,
37804,
51381,9
49677,
49678,
48419,
48420,
38865,
38866,
39582,
39583,
39592,
39593,
39600,
39601,
46650,
38701,
40675,
57533,14
57534,14
57535,14
57536,14
57473,18
57474,18
57475,18
57476,18
57097,21
57098,21
57083,
56193,
56169,
3843,
56887,
56907,
56881,
56923,
56929,
56895,
56896,
118,
56903,
56920,
56879,
56885,
56894,
56892,
56868,
56901,
56928,
56921,
56938,
56939,
49367,
54230,21
54231,21
54232,21
54233,21
54229,
53790,1
53791,1
53794,1
53795,1
37581,8
37582,8
37594,
59109,21
59110,21
59111,21
59112,21
7362,
39975,
50280,
50281,
50282,
50283,
20201,
20207,
20508,
20509,
21511,
21512,
56114,
56115,
56116,
56117,
33812,
46952,
46951,
26383,
39865,
35908,
35656,
39866,
39869,
39873,
35337,
35417,
35855,
39872,
39871,
39868,
39846,
35880,
35888,
35825,
39867,
35667,
35881,
10954,
10953,
6772,
8907,
8908,
7059,
6786,
6780,
6787,
6773,
7058,
6781,
46874,
46875,
46871,
46870,
16346,
16347,
13068,
13070,
13071,
13067,
13065,
13072,
13069,
13066,
22754,
33780,
39876,
39884,
39894,
39889,
39895,
39878,
39875,
39877,
33776,
33778,
39890,
39885,
39881,
39887,
39891,
39879,
39919,
39921,
39920,
39923,
46867,
46864,
50613,
51986,
51987,
51988,
39937,
39946,
31271,
31273,
31275,
31276,
31280,
31282,
31405,
31408,
31409,
31413,
31414,
35457,
35459,
35460,
35461,
35465,
35466,
35467,
35468,
35470,
35472,
35473,
35474,
35475,
35476,
35477,
35478,
37609,
37611,
37612,
40040,
40041,
40043,
40046,
40054,
40055,
40056,
40058,
40059,
40062,
40066,
40068,
40070,
40076,
54363,
54364,
50794,
50795,
50796,
50797,
50798,
50799,
50800,
52867,
52868,
53960,
35682,
35683,
35846,
39940,
39941,
30538,
30539,
52036,
52049,
52050,
52051,
35921,
35923,
39724,
39943,
39944,
39945,
35941,
35942,
35944,
35946,
35947,
36002,
39952,
39953,
47719,
47720,
39951,
30888,
30889,
30890,
30891,
57599,
34193,
40027,
40028,
51580,21
51594,21
51596,21
55183,
55184,
38513,
38514,
27478,
40029,
26881,
46800,
55787,6
55788,6
55757,
26866,
31199,
55642,10
55643,10
55644,10
55645,10
55627,
55628,
52336,
52337,
52382,
52383,
52384,
52385,
52386,9
52387,9
52388,9
52389,9
52297,
52310,
52311,
26413,
36452,
32394,15
38612,15
38613,15
45122,9
45125,9
26428,
36459,
56853,
56854,
56855,
40026,
30863,
27150,
36573,
30808,
31029,
36576,
49469,
28694,
39995,
39996,
32992,
36598,
36615,
34682,
36804,
36805,
36806,
39987,
39988,
40155,
40156,
46784,
46785,
20291,
20292,
20293,
20294,
24437,
40104,
57364,
57365,
32062,
39989,
39990,
39991,
39992,
49049,
49004,11
49072,11
49006,11
49073,11
21492,
36247,
36249,
36250,
50707,4
50709,4
24800,
24801,
30945,
30946,
30950,
30951,
29263,
51633,
51634,
51632,
36928,
36390,
30403,
27477,
51007,
55280,
55281,
39901,
49093,
47189,
47190,
52007,
37462,
49087,
55961,
55962,
51822,
48027,
48028,
58388,
58389,
33570,
50355,
56508,
21432,
34706,
40012,
40013,
40014,
40015,
40016,
40017,
56230,
52680,9
52681,9
52682,9
52683,9
52736,13
52737,13
52738,13
52739,13
52740,
52741,
52770,
52771,
54880,9
54881,9
54882,9
54883,9
54884,9
54885,9
54886,9
54887,9
54828,
54829,
55197,21
55198,21
55199,21
55196,
39528,
52897,16
52898,16
52909,16
52910,16
48297,17
48298,17
48299,17
48742,20
48743,20
48744,20
48265,
48728,
46600,13
46601,13
46604,13
46605,13
46608,13
46609,13
46610,13
46611,13
46612,
46613,
46614,13
46615,13
50384,13
50385,13
46544,
47355,
48679,
48680,
48681,
48682,
48683,
48684,
48685,22
48686,22
48687,22
48688,22
48689,22
48690,22
48612,
48613,22
6690,
57237,
57238,
59214,
52442,
52443,
36108,
40004,
34592,
39999,
40002,
39998,
40000,
52158,
52159,
52160,
52161,
11022,
8694,
56237,
56303,
56304,
13437,
11249,
13001,
13619,
25662,
25660,
24810,
25663,
24808,
24809,
39932,
37498,
35744,
35645,
39844,
39845,
36662,
36778,
36820,
37539,
39912,
39913,
39843,
39914,
39933,
37338,
39854,
37326,
39853,
39855,
39856,
39863,
39864,
39851,
39852,
36657,
39900,
55388,
36660,
47020,
47074,
47075,
36670,
40131,
56474,
39857,
39931,
27443,
45668,
48446,
36891,
39915,
39929,
39918,
39874,
36043,
39892,
22752,
39888,
6795,
36044,
36427,
39927,
38631,
38630,
39833,
39835,
39834,
39934,
39859,
39836,
39839,
39840,
37305,
49456,
37487,
37489,
37492,
37493,
37494,
37495,
37496,
37497,
40018,
40019,
35832,
40020,
40132,
40133,
40134,
40135,
29159,9
40137,9
56689,9
56690,9
54097,
36885,
36887,
36888,
36889,
40142,
49851,
35387,
56543,
40685,
46801,
53076,
33571,
55845,
56989,
9825,
56127,
24491,
24492,
20538,
37306,
39930,
56238,
40143,
40107,
40008,
40009,
56248,
34703,
34704,
35126,
37927,
37928,
32966,
55904,
53985,
56250,
40010,
40011,
5554,
10745,
35109,
40006,
40007,
37730,
37732,
55336,
37848,
37851,
37741,
37742,
37759,
37760,
51414,9
51415,9
51416,9
51417,9
37568,
37940,
37941,
38241,
48399,
48400,
48398,
48401,
48402,
48403,
38899,
38900,
38901,
38902,
38903,
38904,
39594,
39595,
46645,
38733,
37936,
37937,
57517,14
57518,14
57519,14
57520,14
57521,14
57522,14
57523,14
57524,14
57093,21
57094,21
57095,21
57096,21
57082,
21874,
22019,
45410,2
45411,2
38079,
38080,
38081,
38213,
38266,
54203,16
54204,16
54205,16
54206,16
57287,
58300,
57296,
57297,
57298,
58301,
58302,
58303,
53546,21
53547,21
53548,21
53549,21
53550,21
53551,21
53552,21
53553,21
53554,21
53555,21
53556,21
53557,21
53558,21
53559,21
53560,21
53561,21
53404,
53405,
37840,21
53814,1
53815,1
53913,
53872,
57342,
54420,
37589,21
37597,
59145,23
59146,23
59147,23
59148,23
37632,
50270,
50271,
50272,
50273,
50274,
50275,
50598,
50599,
31295,
31296,
31297,
31298,
31422,
31423,
31424,
31425,
31426,
31427,
31428,
31429,
31430,
31431,
31432,
31433,
35443,
35448,
35479,
35480,
35481,
35482,
35483,
35484,
35485,
35486,
35487,
35488,
35489,
35490,
35491,
35492,
35493,
35494,
35495,
35527,
35532,
38058,
38059,
38060,
38061,
38062,
38063,
38064,
38065,
38066,
38067,
38068,
38069,
38070,
38071,
38072,
38073,
38074,
38075,
38076,
38077,
54357,
54358,
54474,
54475,
50767,
50768,
52857,
52858,
53953,
53954,
52043,
17800,
58458,
57594,
36407,
36408,
51589,21
51595,21
55178,
39993,
39994,
36487,
36503,
36504,
59414,23
59415,23
59416,23
59417,23
55769,5
55770,5
55771,5
55772,5
55754,
35189,
35190,
55665,22
55666,22
55667,22
55621,
55622,
52364,9
52365,9
52366,9
52367,9
52368,9
52369,9
53934,9
53935,9
52305,
52306,
36518,15
40635,9
40636,9
40663,9
40664,9
40665,9
40666,9
45219,9
45654,9
56839,
56840,
56841,
56842,
56843,
36555,
36557,
36587,
36588,
36589,
36590,
36591,
36592,
53874,
53875,
53876,
53873,
58580,
50645,
50708,4
36255,
36268,
36269,
36270,
36267,
36950,
56504,
52726,13
52727,13
52728,13
52729,13
52730,13
52731,13
52732,13
52733,13
52734,13
52735,13
52766,
53005,
54806,22
54807,22
54808,22
54809,22
54810,22
54811,22
54812,22
54813,22
54798,
55080,21
55081,21
55082,21
55083,21
55084,21
55085,21
55036,
55037,
39538,
52905,16
52906,16
48315,20
48316,20
48317,20
48736,20
48737,20
48738,20
48259,
48726,
46588,13
46589,13
46590,13
46591,13
48123,13
48124,13
48125,13
48126,13
46539,
48659,22
48660,22
48661,22
48662,22
48663,22
48664,22
48665,22
48666,22
48608,22
49104,22
36053,
57233,
57337,
52438,
53942,
36118,
36122,
36119,
36085,
56471,
38641,9
38642,9
56684,9
56685,9
56539,
35206,
39374,
39375,
35119,
35027,
35130,
53904,
35111,
35114,
35115,
55327,
31803,
31804,
51328,13
51329,13
51330,9
51331,9
30593,
30594,
48360,
48408,
48409,
48410,
38861,
38862,
38863,
38864,
38910,
38911,
39588,
39589,
46637,
38704,
38700,
10850,
17629,
57489,14
57490,14
57491,14
57492,14
21859,
22005,
45314,2
45315,2
45316,2
45317,2
45318,2
45319,2
45320,2
45321,2
27382,
27385,
30913,21
54179,16
54180,16
54181,16
54182,16
57651,18
57652,18
53430,21
53431,21
53432,21
53433,21
53434,21
53435,21
53436,21
53437,21
53438,21
53439,21
53440,21
53441,21
53574,21
53575,21
53576,21
53577,21
53386,
53387,
53862,
35377,21
28106,
28107,
28110,
59125,23
59126,23
59127,23
59128,23
21504,
50206,
50207,
50208,
50209,
50210,
50211,
50212,
50213,
50214,
50215,
20505,
6749,
25755,
25756,
21470,
21471,
22712,
9206,
7591,
7605,
7611,
7598,
7597,
7086,
7612,
7067,
7607,
9207,
7606,
7861,
7087,
7072,
7594,
6770,
7593,
7592,
7066,
7081,
7080,
7608,
7073,
9208,
6771,
7860,
16904,
16345,
16900,
16344,
16913,
16901,
16902,
16905,
16911,
16908,
16912,
16909,
16903,
16910,
16916,
16917,
1527,
1528,
9270,
9269,
55800,
37260,
36102,
36091,
36048,
18241,
18240,
7619,
7614,
7616,
7618,
7613,
7617,
6814,
6815,
50573,
50574,
51973,
51974,
30328,
29731,
29732,
29733,
29734,
29735,
29736,
29737,
29738,
30106,
30107,
30108,
30109,
30110,
30111,
31259,
31260,
31261,
31262,
31263,
31264,
31265,
31266,
31267,
31268,
31269,
31270,
31398,
31399,
31400,
31401,
31402,
31403,
33126,
33127,
33513,
33514,
33515,
33516,
33517,
33518,
33519,
33520,
33521,
33522,
33523,
33524,
34272,
34273,
34274,
34275,
34276,
34277,
39651,
39661,
39662,
39663,
39664,
39665,
39666,
39667,
39669,
39670,
39671,
39672,
39674,
53963,
53964,
53965,
53966,
53967,
54351,
54352,
56421,
56422,
50742,
50743,
50744,
50745,
50746,
50747,
52837,
52838,
53037,
53038,
53943,
53944,
56355,
56356,
56357,
56358,
34576,
59588,
21923,
47560,
47561,
52033,
26462,
58457,
59157,
59158,
57587,
34191,
51577,21
51578,21
55168,
36493,
29216,
29217,
59384,23
59385,23
59386,23
59387,23
59432,23
55759,5
55760,5
55747,
30653,
55650,22
55651,22
55611,
52320,9
52321,9
52322,9
52323,9
52334,9
52335,9
52292,
52296,
26412,
32385,15
40627,9
40628,9
40629,9
40630,9
26427,
21530,
33757,
56818,
56819,
56820,
56851,
30862,
27147,
27148,
28692,
32991,
30034,19
30036,19
25359,
40115,
36812,
24368,
24369,
24371,
24372,
24364,
7631,
35361,
47906,
34649,
46165,
45450,
34641,
57556,
52805,
49755,
39214,
49113,
40464,
20569,
20570,
20571,
20572,
22664,
22665,
22666,
17252,
24511,
49040,
48965,11
49053,11
48966,11
49054,11
54298,
50696,4
28908,
28909,
28910,
28911,
28884,
36919,
19606,
26348,
31308,
31309,
31310,
31311,
31312,
31313,
31314,
31315,
31316,
31317,
16313,
27658,
51001,
20436,
20437,
20801,
20802,
20413,
33476,
55236,
55237,
21387,
57581,
47555,
49092,
9205,
46317,
54061,
50903,
50904,
52009,
51602,
33411,
55919,
55920,
58977,
27454,
27449,
47969,
47970,
48064,
49202,
31141,
58376,
32289,
47460,
17395,
17871,
56497,
33871,
33872,
33873,
33874,
33875,
30215,
29720,
52698,13
52699,13
52700,13
52701,13
52702,13
52703,13
52704,13
52705,13
52757,
54836,9
54837,9
54838,9
54839,9
54840,9
54841,9
54819,
55050,21
55051,21
55052,21
55026,
52891,16
52892,16
48270,17
48271,17
48272,17
48248,
46550,13
46551,13
46552,13
46553,13
46531,
48621,22
48622,22
48623,22
48624,22
48600,22
20865,
57225,
57334,
52429,
53938,
16652,
52136,
52137,
52142,
52143,
11021,
9247,
3326,
13435,
13436,
11247,
16960,
13000,
7494,
10160,
9285,
7693,
13817,
25658,
25657,
31307,
33331,
14116,
17652,
20256,
33332,
53677,
33330,
45662,
45663,
48433,
48434,
34695,
34696,
34694,
33337,
34485,
25592,
34690,
20387,
23508,
25594,
33336,
33335,
35834,
35912,
29151,22
29152,22
29153,22
29154,22
29155,22
56625,22
56626,22
56627,22
56628,22
56629,22
54085,
33754,
47445,
47446,
47447,
28786,
56532,
29583,
30394,
39348,
39349,
32483,
51033,
9824,
23022,
23023,
23030,
23031,
23320,
23321,
23322,
23323,
27287,
47456,
16990,
31912,
21447,
34486,
34487,
53895,
5011,
7182,
7712,
12187,
12188,
10260,
10262,
17398,
55331,
55344,
51364,9
51365,9
37942,
37943,
48378,
48379,
48380,
48381,
49989,
49990,
49991,
49992,
49993,
49994,
49988,
49987,
57481,18
57482,18
57483,18
57484,18
45349,2
45380,2
45381,2
54215,16
54216,16
54217,16
54218,16
53610,21
53611,21
53612,21
53613,21
53614,21
53615,21
53616,21
53617,21
53412,
53413,
53839,3
53841,3
37566,8
37898,8
37567,
59117,21
59118,21
59119,21
59120,21
50238,
50239,
50240,
50241,
35679,
35893,
35882,
35366,
35909,
35418,
35931,
39870,
35657,
35352,
7855,
7854,
55808,
36429,
36422,
37294,
36391,
36303,
36336,
39896,
36326,
36065,
39882,
50621,
50622,
51989,
35369,
35370,
30128,
30129,
30130,
30131,
35414,
35415,
31272,
31278,
31289,
31290,
31291,
31292,
31293,
31294,
35496,
35497,
35498,
35499,
35500,
35501,
35502,
35503,
38381,
38382,
38383,
38384,
38385,
38386,
38387,
38388,
38389,
38390,
38391,
38392,
38393,
38394,
38395,
38396,
39647,
39649,
54480,
54481,
50808,
50809,
50810,
50811,
52873,
52874,
56419,
56420,
35856,
52055,
36020,
57602,
34190,
51599,21
55187,
36448,
36458,
36495,
59440,23
59441,23
55789,6
55790,6
55758,
35200,
55648,10
55649,10
55631,
52400,9
52401,9
52402,9
52403,9
52315,
49965,9
50980,9
50981,9
49995,9
56861,
56862,
36560,
36583,
36584,
36585,
36586,
49966,
49967,11
50627,11
49970,11
50628,11
50350,
50346,
50347,
50348,
50349,
36953,
51009,
39469,
50929,
50919,
50918,
50718,
55963,
55964,
51824,
49214,
49215,
58393,
49947,
51817,
49984,
56510,
36364,
36365,
52684,9
52685,9
52686,9
52687,9
52688,9
52689,9
52774,
54892,9
54893,9
54894,9
54895,9
54831,
55101,21
55102,21
55103,21
55043,
52911,16
52912,16
49742,20
49743,20
49744,20
49741,
49957,13
49958,13
49959,13
49960,13
49961,13
49956,
48625,22
48626,22
48627,22
48628,22
49105,22
57242,
52446,
38100,
36109,
38099,
36114,
38101,
52166,
52167,
47104,
33311,
37549,
24264,
47086,
46997,
47065,
47025,
56476,
36750,
36846,
36850,
37297,
47099,
47102,
37527,
37535,
38643,9
49972,9
49974,9
49978,9
56686,9
56691,9
56692,9
56693,9
54100,
49983,
49982,
56545,
35208,
49964,
51103,
35149,
35150,
35151,
35152,
35153,
35154,
35033,
53898,
55330,
56195,
56196,
56197,
37803,
37961,
51380,9
51386,9
51387,9
51388,9
51389,9
48395,
48397,
48374,
48375,
48376,
48377,
37955,
37956,
38875,
38876,
38877,
38878,
38879,
38880,
56213,
56214,
56212,
56211,
57541,14
57542,14
57543,14
57544,14
57545,14
57546,14
57547,14
57548,14
38083,
57099,21
57100,21
57101,21
57102,21
57084,
56191,
56192,
56208,4
56209,4
56210,4
38212,
56170,
56171,
56172,
56173,7
56174,7
56175,7
56176,7
56190,
56181,
56183,
56187,
56179,
56185,
56186,
56184,
56188,
56189,
56180,
56182,
54191,16
54192,16
54193,16
54194,16
53470,21
53471,21
53472,21
53473,21
53474,21
53475,21
53476,21
53477,21
53478,21
53479,21
53480,21
53481,21
56157,21
56158,21
56159,21
56160,21
53392,
53393,
56156,
56161,21
56162,21
56163,21
56164,21
56165,21
56166,21
56167,21
56168,21
53788,1
53792,1
59153,23
59154,23
59155,23
59156,23
50224,
50225,
50226,
50227,
50284,
50285,
50286,
50287,
33815,
32704,
32699,
26382,
12087,
11390,
12086,
11391,
29774,
29090,
29080,
29072,
32664,
25049,
7112,
6805,
6804,
7111,
50577,
50578,
29739,
29740,
29741,
29742,
30112,
30114,
30118,
30119,
30120,
30121,
30122,
30123,
30124,
30125,
30126,
31274,
31277,
31281,
31404,
31410,
31411,
31412,
33527,
33528,
33529,
33530,
33531,
33532,
34282,
34283,
34712,
35458,
35462,
35463,
35464,
35469,
35471,
40053,
40064,
53974,
53975,
53976,
53977,
54239,
54240,
52072,
52844,
53947,
53950,
47571,
57345,
47713,
47714,
47715,
47716,
57603,
56277,
56278,
51597,21
56261,16
55171,
55172,
56267,
56268,
59433,23
59442,23
59443,23
59444,23
59445,23
55761,5
55762,5
55750,
56286,
56287,
55654,22
55655,22
55614,
52362,9
52363,9
52996,9
52997,9
52998,9
52999,9
52304,
52995,
56262,
56265,15
56266,15
45123,9
45124,9
56255,9
56256,9
56257,9
56258,9
56259,9
56260,9
56263,
56279,
56282,
56863,
56864,
56865,
56866,
56867,
56283,
56284,
56293,
56292,
31890,
56253,
56254,
32059,
32994,
39556,
56150,
56151,
56152,
56153,
56154,
56155,
34973,
56221,
56222,
56223,
56224,
56220,
40105,
51614,
56298,
50629,11
56300,11
50630,11
56299,11
50697,4
28916,
28917,
28918,
30948,
28886,
56225,
56226,
56227,
56228,
56229,
30404,
51004,
56147,
33480,
46318,
46930,
50907,
39446,
39447,
58985,
58394,
56511,
29721,
30216,
52706,13
52707,13
52708,13
52709,13
52710,13
52711,13
52712,13
52713,13
52760,
54852,9
54853,9
54854,9
54855,9
54822,
55200,21
55201,21
55202,21
55029,
39533,
52895,16
52896,16
48303,20
48304,20
48305,20
48306,20
48307,20
48308,20
56289,17
56290,17
56291,17
48251,
48252,
56288,
46564,13
46565,13
46566,13
46567,13
46568,13
46569,13
56296,9
56297,9
56294,
56295,
56216,9
56217,9
56218,9
56219,9
56215,
57243,
57244,
52432,
53940,
56305,
56306,
56307,
56236,
56231,
56233,
56232,
56234,
56235,
56301,
56302,
19723,
34258,
56131,
45665,
34688,
56148,
56149,
29156,12
29157,12
29158,12
56662,12
56663,12
56664,12
54088,
21388,
21389,
21970,
49854,
56546,
40684,
56264,
56273,
56274,
53073,
31305,
29566,
32548,
56246,
56247,
32219,
21445,
37613,
57312,
56239,
56240,
56241,
56242,
56243,
56244,
56245,
55326,
31798,
31799,
31800,
51320,9
51321,9
48354,
48355,
48356,
48357,
38857,
38858,
38859,
38860,
39578,
39579,
46636,
38699,
57485,14
57486,14
57487,14
57488,14
57505,14
57506,14
57507,14
57508,14
57085,21
57086,21
57079,
21858,
22004,
27800,
27801,
27802,
27803,
27381,
54175,16
54176,16
54177,16
54178,16
57338,18
57339,18
57340,18
57341,18
57285,
57290,
57291,
57292,
53414,21
53415,21
53416,21
53417,21
53418,21
53419,21
53420,21
53421,21
53422,21
53423,21
53424,21
53425,21
53426,21
53427,21
53428,21
53429,21
53384,
53385,
34033,
53772,1
53773,1
53774,1
53775,1
53863,
21195,21
21198,21
21084,
21085,
21594,
35381,21
28131,21
28132,21
28133,21
28290,
59121,23
59122,23
59123,23
59124,23
20218,
50196,
50197,
50198,
50199,
50200,
50201,
50202,
50203,
50204,
50205,
50229,
50230,
26381,
16696,
21468,
16697,
17439,
21467,
17440,
17441,
21466,
17438,
21469,
7031,
7030,
22710,
22713,
11389,
11388,
7275,
9210,
7595,
6782,
7274,
7278,
7273,
7085,
7084,
7279,
7272,
6784,
7596,
9209,
7078,
7079,
18265,
33811,
22756,
23574,
18264,
23573,
23575,
23576,
6807,
7286,
7287,
7285,
7284,
6806,
34296,
34284,
19818,
20637,
19814,
20636,
50572,
51970,
51971,
51972,
34382,
30113,
31392,
31393,
31394,
31395,
31396,
31397,
31406,
33509,
33510,
33511,
33512,
52835,
52836,
47559,
26676,
17794,
47718,
34383,
57598,
34186,
34187,
51576,21
55167,
55179,
31009,
31018,
30790,
29212,
29225,
59380,23
59381,23
59382,23
59383,23
55777,6
55778,6
55746,
30652,
55632,10
55633,10
55610,
52316,9
52317,9
52318,9
52319,9
52338,9
52339,9
53926,9
53927,9
52291,
53923,
32383,15
40623,9
40624,9
40625,9
40626,9
18937,
21529,
56816,
56817,
30861,
32990,
21674,
22674,
22366,
22367,
24433,
24434,
24435,
24436,
26509,
26510,
21800,
24432,
35025,
52808,
35042,
47497,
39221,
17251,
24510,
49039,
49051,11
50625,11
49052,11
50626,11
50703,4
50705,4
29273,
29274,
30944,
30947,
29262,
51000,
20432,
20434,
20797,
20798,
20412,
33475,
39468,
50902,
55917,
55918,
48062,
48063,
49938,
50352,
7363,
7364,
56496,
23134,
34488,
34705,
52690,13
52691,13
52692,13
52693,13
52694,13
52695,13
52696,13
52697,13
52756,
54832,9
54833,9
54834,9
54835,9
54818,
55044,21
55045,21
55046,21
55059,21
55060,21
55061,21
55024,
55215,
52907,16
52908,16
48267,17
48268,17
48269,17
48247,
46546,13
46547,13
46548,13
46549,13
46530,
48615,22
48616,22
48617,22
48618,22
48619,22
48620,22
48599,22
7223,
57224,
57333,
52428,
52134,
52135,
20578,
7227,
15391,
17504,
13617,
9286,
24807,
25653,
25654,
25655,
25661,
24806,
25656,
15179,
49848,
20836,
47548,
48432,
25591,
31179,
37513,
37516,
37531,
37532,
14739,
14994,
15183,
25355,
34490,
34491,
40138,9
40139,9
40140,9
49840,9
49843,9
49844,9
56677,9
56678,9
56679,9
56688,9
54084,
49849,
49852,
56531,
29582,
33095,
39343,
39345,
48102,
51097,
31911,
35314,
53896,
22639,
7392,
7394,
8541,
35110,
10742,
10743,
7393,
31118,
30565,
55328,
31796,
31797,
51336,9
51341,9
23831,
23832,
23830,
23841,
48363,
48365,
48366,
48367,
19438,
38867,
38868,
38869,
38870,
39584,
39585,
39586,
39587,
46638,
38702,
10372,
10373,
10374,
10375,
57493,14
57494,14
57495,14
57496,14
21861,
22007,
45326,2
45327,2
45328,2
27812,
27813,
27814,
27815,
7323,
27384,
22785,
22784,
22783,
54183,16
54184,16
54185,16
54186,16
58225,18
58226,18
17847,
17206,
17208,
17212,
22787,
22788,
53442,21
53443,21
53444,21
53445,21
53446,21
53447,21
53448,21
53449,21
53450,21
53451,21
53452,21
53453,21
53454,21
53455,21
53456,21
53457,21
53388,
53389,
53784,1
53785,1
53786,1
53787,1
53868,
35382,21
28134,21
28143,21
28144,21
28145,21
28146,21
28109,
59129,23
59130,23
59131,23
59132,23
20568,
50216,
50217,
50218,
50219,
50220,
50221,
50222,
50223,
20523,
20524,
20525,
20526,
20527,
20528,
20529,
21513,
29432,
26570,
26384,
17716,
16701,
17715,
17445,
17991,
17444,
17990,
16700,
7858,
7863,
7862,
10956,
10955,
7859,
16898,
16899,
7065,
7865,
7050,
7868,
7063,
7070,
7053,
7082,
7864,
7088,
7061,
7071,
7062,
7601,
7060,
7867,
7064,
7602,
7068,
7069,
7869,
7083,
7866,
23556,
29772,
29773,
29075,
29077,
29078,
29079,
33813,
27889,
25758,
25759,
16349,
16343,
16348,
16342,
16918,
16919,
5480,
5481,
7096,
18270,
18271,
23555,
7106,
7105,
8039,
7103,
7114,
8040,
7113,
7108,
7387,
7107,
7097,
7305,
7101,
7102,
7104,
7098,
29771,
20641,
19819,
20640,
19762,
19815,
19766,
50575,
50576,
50610,
50611,
51975,
22535,
32236,
29743,
29744,
29745,
29746,
29747,
29748,
29749,
29750,
30115,
30116,
30117,
31283,
31284,
31285,
31286,
31287,
31288,
31415,
31416,
31417,
31418,
31419,
31420,
31421,
31446,
31447,
33525,
33526,
39650,
39652,
39653,
39654,
39655,
39656,
39657,
39658,
39659,
39660,
53968,
53969,
53970,
53971,
53972,
53973,
56423,
56424,
50748,
50749,
50750,
52839,
52840,
56359,
56360,
56361,
56362,
12740,
12257,
59589,
11510,
22571,
47562,
52034,
17889,
17807,
26320,
26321,
23410,
26625,
26631,
26632,
13362,
57588,
34194,
34195,
51579,21
51590,21
55169,
26748,
59388,23
59389,23
59390,23
59391,23
55779,6
55780,6
55748,
30654,
31201,
55634,10
55635,10
55612,
52324,9
52325,9
52326,9
52327,9
53928,9
53929,9
53930,9
53931,9
52293,
53924,
26415,
32391,15
32392,15
40631,9
40632,9
45647,9
45648,9
26430,
14474,
36532,
56821,
56822,
30864,
27152,
28693,
28695,
32993,
58204,
58205,
30040,19
30041,19
26604,
20295,
20296,
20297,
20298,
24366,
24367,
26511,
26512,
20382,
47904,
57346,
57347,
57348,
57349,
14393,
17254,
49041,
48961,11
49056,11
48993,11
49057,11
28912,
28913,
28914,
28915,
28885,
36920,
26457,
51002,
20444,
20446,
20415,
33478,
39470,
7089,
50922,
56100,
50905,
51603,
55921,
55922,
58978,
58979,
47971,
47972,
31144,
58377,
32291,
13301,
13302,
56498,
36349,
21431,
52630,9
52631,9
52632,9
52633,9
52634,9
52635,9
52636,9
52637,9
52758,
54842,9
54843,9
54844,9
54845,9
54846,9
54847,9
54820,
55053,21
55054,21
55055,21
55203,21
55204,21
55205,21
55027,
55216,
39531,
48273,17
48274,17
48275,17
48249,
46554,13
46555,13
46556,13
46557,13
46558,13
46559,13
46532,
48629,22
48630,22
48631,22
48632,22
48601,22
57226,
59209,
52430,
53939,
52138,
52139,
15732,
6962,
6961,
13439,
19439,
13002,
13620,
9288,
13818,
18852,
38659,
38660,
24263,
12655,
38658,
17555,
56466,
27441,
23072,
23955,
23963,
21384,
45664,
48435,
19938,
38653,
25991,
18853,
18854,
18855,
18856,
18857,
18858,
18859,
18860,
18861,
18862,
29113,
29114,
29115,
29334,12
29335,12
29337,12
29338,12
56630,12
56631,12
56632,12
56633,12
54086,
21460,
19933,
47448,
28788,
56533,
29585,
32485,
31304,
11763,
31914,
53897,
10748,
10749,
10750,
10751,
35108,